,Column,Row,slope,slope stderr,int,int stderr,RSQ
0,6,B,0.006530930578274591,0.00012093723654241112,0.0009549698039362239,0.00024271579200374192,0.9948827913870578
