,Column,Row,slope,slope stderr,int,int stderr,RSQ
0,6,B,0.005330299338313613,0.0001346927090659327,8.515061898702869e-05,0.0002703223880561914,0.9905128374148305
