,Column,Row,slope,slope stderr,int,int stderr,RSQ
0,4,A,0.004073205880458711,0.0003622910459225092,-0.0011709416461190907,0.0007271024494275611,0.8939202397309816
1,5,A,0.0035895449992170317,0.0003584694360353713,0.0002625029989168846,0.0007194326917748757,0.8698716082381154
2,6,A,0.003207451804864918,0.00023894567793952636,0.0007749029175161828,0.0004795536356733109,0.9231503678648775
