,Column,Row,slope,slope stderr,int,int stderr,RSQ
0,2,C,0.00014330739494634336,1.0458097595336127e-05,9.177113897997451e-05,0.0001839194419420838,0.5147659996126506
