,S conc,slope,slope stderr,int,int stderr
0,1e-05,0.007076819717652809,0.00036087132782858884,0.011785483606718975,0.0018678940782681007
1,2e-05,0.01360588068540386,0.0005814991694726383,0.01958370192305469,0.0030098785243110548
2,3e-05,0.020219544619706868,0.0005496599215423252,0.023265207675435107,0.0028450764263601804
3,4e-05,0.026024723855661458,0.0005349839230248326,0.02642630459044279,0.0027691125198282753
4,6e-05,0.03734465422824295,0.0005755697301203503,0.021192343740200438,0.002979187354084597
5,0.0001,0.05177034510445557,0.0004595328844068293,0.019502045404298066,0.002378572880638241
6,0.00025,0.07495477212555372,0.0002613462713932838,0.004550570405727937,0.0013527457608822624
7,0.0005,0.08572746408259016,0.00033266927857784223,0.000853299523308258,0.001721919382621156
