,Plate,Column,E_name,E_conc,Row,S_conc,slope,slope stderr,int,int stderr,RSQ
0,plate01,8,BL_ZXr,0.5,A,0.005,0.00046166839170346956,0.0001314423587749999,-0.0004040022800489423,0.0002637991254434367,0.45128172592627314
1,plate01,8,BL_ZXr,0.5,B,0.01,0.0006467460384609413,0.0001639318803718257,-0.00019037257548509614,0.0003290041901477292,0.5092377388653007
2,plate01,8,BL_ZXr,0.5,C,0.02,0.001294978496261174,0.00013994072688006167,-0.0003151761654833815,0.00028085497671228096,0.850942279165295
3,plate01,8,BL_ZXr,0.5,D,0.03,0.0014475069949836173,0.0001343011093914725,0.0004457793823182874,0.0002695365118711992,0.885641827324211
4,plate01,8,BL_ZXr,0.5,E,0.06,0.0033462100028083743,0.00011218988354711121,-0.00039760748245390264,0.0002251602372541977,0.9834182446226419
5,plate01,8,BL_ZXr,0.5,F,0.1,0.004647593773360935,0.00011966440721859993,0.00047661440447123297,0.00024016129177777422,0.990153823202863
6,plate01,8,BL_ZXr,0.5,G,0.2,0.007912428742974528,0.00013401529171712856,-0.00026650980189923994,0.0002689628994135147,0.9957153480914624
7,plate01,8,BL_ZXr,0.5,H,0.5,0.012793185541972342,0.00011214067268168787,-0.00010789483481383904,0.00022506145731148185,0.998848777839601
