,Plate,Column,E_name,E_conc,Row,S_conc,slope,slope stderr,int,int stderr,RSQ
0,plate05,4,BL_58D,0.5,A,0.005,0.0004191689338799231,8.010061733340485e-05,-0.00036215165706252083,0.0001607584715834264,0.646097893876701
1,plate05,4,BL_58D,0.5,B,0.01,0.0004833317545849543,0.00014829110192830376,-6.913063500878103e-05,0.00029761382265440685,0.4145958834453781
2,plate05,4,BL_58D,0.5,C,0.02,0.0008719355620635968,0.0001600928849309095,-0.0001257068082870209,0.00032129948173896446,0.6641565272782304
3,plate05,4,BL_58D,0.5,D,0.03,0.001094956607400519,0.00012143702018490966,0.00035438749704365657,0.0002437188403418449,0.8442370880205986
4,plate05,4,BL_58D,0.5,E,0.06,0.002176508482733695,8.947542585444915e-05,0.00015263295089968743,0.0001795733098886249,0.9752767272445868
5,plate05,4,BL_58D,0.5,F,0.1,0.003744234750729042,0.00013792949511736127,-0.00016609202799835465,0.0002768185258912322,0.9800506868166623
6,plate05,4,BL_58D,0.5,G,0.2,0.00642130707784605,0.00011082390769144372,-2.3110709636009474e-05,0.00022241883345384446,0.9955519114350866
7,plate05,4,BL_58D,0.5,H,0.5,0.011346143246998813,0.00012951802694499259,-7.966151127008567e-05,0.0002599370268057615,0.998049231685898
