,Plate,Column,E_name,E_conc,Row,S_conc,slope,slope stderr,int,int stderr,RSQ
0,plate05,11,BL_Q4E,0.5,A,0.005,0.0012444860105652303,0.0001912776591770718,0.0002110890989527413,0.0003838859775717558,0.7383583512004839
1,plate05,11,BL_Q4E,0.5,B,0.01,0.0023745640094197263,0.0001361550225202126,0.0004341154987072924,0.00027325723273874804,0.9530014602136141
2,plate05,11,BL_Q4E,0.5,C,0.02,0.004733612299545522,0.00015450340838273145,-0.00011161732587855123,0.00031008161568012047,0.9842711569855928
3,plate05,11,BL_Q4E,0.5,D,0.03,0.006527405483364503,0.0001126816580688827,0.0002939031283708161,0.0002261472204478142,0.9955497986030337
4,plate05,11,BL_Q4E,0.5,E,0.06,0.010776520624388834,0.00015018212373272923,0.00033136362805641806,0.0003014089827141856,0.9970952604251402
5,plate05,11,BL_Q4E,0.5,F,0.1,0.014839748065560585,0.00014995309299792686,0.0003557983553337245,0.00030094938937539457,0.9984707291974653
6,plate05,11,BL_Q4E,0.5,G,0.2,0.020142144837690352,0.00015774597066893367,0.0004999865573951451,0.0003165893556766275,0.9990808277166006
7,plate05,11,BL_Q4E,0.5,H,0.5,0.025750464755207494,0.00014846038678056997,0.000545015586732231,0.00029795355999537575,0.9995016599241426
