,Plate,Column,E_name,E_conc,Row,S_conc,slope,slope stderr,int,int stderr,RSQ
0,plate01,10,BL_4JL,0.5,A,0.005,0.0009285719323403114,0.00017285246883377958,0.00025875873987937304,0.0003469074254701554,0.6579942364066557
1,plate01,10,BL_4JL,0.5,B,0.01,0.002065263330157796,0.0001564244950275744,-0.00020475071756715998,0.00031393720104160966,0.9207680672428249
2,plate01,10,BL_4JL,0.5,C,0.02,0.0034027641229233043,0.00012080979155270283,0.0005956500319713627,0.0002424600196859449,0.9814434576880464
3,plate01,10,BL_4JL,0.5,D,0.03,0.005218850790256434,0.00017415356882511258,-0.00011023071794723516,0.0003495187127343586,0.9835709656715244
4,plate01,10,BL_4JL,0.5,E,0.06,0.00858594837411509,0.00014818494398057818,0.0005871027526415242,0.0002974007785908709,0.9955517739369277
5,plate01,10,BL_4JL,0.5,F,0.1,0.012327502692267303,0.00012852685308741878,-0.00011001626112493234,0.0002579479592559505,0.9983721215075154
6,plate01,10,BL_4JL,0.5,G,0.2,0.017254548609358707,0.00016780233611397738,4.614608777154802e-05,0.0003367716063179876,0.9985833441047962
7,plate01,10,BL_4JL,0.5,H,0.5,0.022493558394694912,0.00016337117954005575,0.00010019183611831295,0.0003278791643795857,0.9992093510537549
