,Plate,Column,E_name,E_conc,Row,S_conc,slope,slope stderr,int,int stderr,RSQ
0,plate03,2,BL_ZKJ,0.5,A,0.005,0.0004251717719818778,0.00011894797268112732,0.00017034831847859394,0.00023872342871278414,0.4599768167588517
1,plate03,2,BL_ZKJ,0.5,B,0.01,0.0010071552126022904,0.00016532630442864457,0.0002022643178605642,0.00033180272714485574,0.7121558642975915
2,plate03,2,BL_ZKJ,0.5,C,0.02,0.002177082284514815,0.00012551184385453472,-0.0003725955057801871,0.00025189682893041437,0.9525122604246256
3,plate03,2,BL_ZKJ,0.5,D,0.03,0.0031513950124364546,0.0001462180855691549,-0.0002897957734501877,0.0002934533722188145,0.9687186589091438
4,plate03,2,BL_ZKJ,0.5,E,0.06,0.005732338827791812,0.00013045602344221688,-0.00017016493179435166,0.0002618195785025855,0.9922910583539719
5,plate03,2,BL_ZKJ,0.5,F,0.1,0.008758080520707217,0.0001343258815340747,0.0001722884845355701,0.00026958626176804267,0.9964838834242716
6,plate03,2,BL_ZKJ,0.5,G,0.2,0.0147806580630203,0.00014605594330413765,0.0002806606028567107,0.00029312790519213773,0.9985374641805073
7,plate03,2,BL_ZKJ,0.5,H,0.5,0.025626059183719935,0.00010817806579234281,0.0001101537474534979,0.00021710873782271605,0.9997327679928989
