,Plate,Column,E_name,E_conc,Row,S_conc,slope,slope stderr,int,int stderr,RSQ
0,plate07,4,BL_MQ0,0.5,A,0.005,0.002879486204651417,0.00015119200255403887,0.00016341490938995753,0.0003034358093433395,0.9602881195435983
1,plate07,4,BL_MQ0,0.5,B,0.01,0.004786205312008689,0.00013519495167251086,-0.00016203888198827718,0.0002713303816102131,0.988173332292314
2,plate07,4,BL_MQ0,0.5,C,0.02,0.0062573115580062625,0.00014529797964920883,0.0003200218114133022,0.0002916067376385929,0.9919770082963575
3,plate07,4,BL_MQ0,0.5,D,0.03,0.007218818108922139,0.00012280645739826216,0.0002634174117190409,0.0002464672406880212,0.995677647069386
4,plate07,4,BL_MQ0,0.5,E,0.06,0.008254226892598212,0.00010098049029021946,0.000200441811198301,0.00020266349348481438,0.9977600420909658
5,plate07,4,BL_MQ0,0.5,F,0.1,0.008748184312456895,0.00016482506868676963,0.00022054940634187872,0.00033079673739777577,0.9947034226119322
6,plate07,4,BL_MQ0,0.5,G,0.2,0.009537197021415452,0.00010734736644109687,-0.0004826364500694806,0.00021544150140849244,0.9981032593598551
7,plate07,4,BL_MQ0,0.5,H,0.5,0.009588799451853886,0.00013742225410658685,9.016986158874405e-05,0.00027580061962739885,0.9969285660246145
