,Plate,Column,E_name,E_conc,Row,S_conc,slope,slope stderr,int,int stderr,RSQ
0,plate10,12,BL_O6N,0.5,A,0.005,0.0004202018106538838,0.00013961980937822807,0.0001355453064208225,0.00028021090819177415,0.3765010851297964
1,plate10,12,BL_O6N,0.5,B,0.01,0.0007570009877191627,0.00014834924438866638,0.00012645001269157954,0.00029773050400407145,0.6344929054674041
2,plate10,12,BL_O6N,0.5,C,0.02,0.0018586338275530458,0.00012680939124347845,-0.0007754965005681174,0.00025450096053593796,0.9347329508139237
3,plate10,12,BL_O6N,0.5,D,0.03,0.002447987269218614,0.0001478156655557661,-0.0004817246617484697,0.0002966596487833806,0.9481452249085667
4,plate10,12,BL_O6N,0.5,E,0.06,0.00401609158259284,0.00012060012388353213,0.0004724396224227819,0.00024203923041958014,0.9866542004043221
5,plate10,12,BL_O6N,0.5,F,0.1,0.006704858438928278,0.00013025427764991023,1.474571927591018e-05,0.00026141436828852117,0.9943708343882588
6,plate10,12,BL_O6N,0.5,G,0.2,0.011470094123649315,0.0001159723205481294,0.0006018574384089109,0.00023275141111385567,0.9984689107258378
7,plate10,12,BL_O6N,0.5,H,0.5,0.021439387940316357,0.00012645316898459423,0.0002693291963020565,0.0002537859534928366,0.999478446230243
