,Plate,Column,E_name,E_conc,Row,S_conc,slope,slope stderr,int,int stderr,RSQ
0,plate01,12,BL_sXT,0.5,A,0.005,0.0012267773976956172,0.0001522344015644542,0.0005095605182841951,0.00030552785401133245,0.8123570350844049
1,plate01,12,BL_sXT,0.5,B,0.01,0.0024807220016355084,0.00011596133214935818,-8.127427205728482e-05,0.0002327293886021522,0.968263784190861
2,plate01,12,BL_sXT,0.5,C,0.02,0.0039253222672611865,0.0001525203048074225,0.00044367534885464204,0.0003061016441505396,0.9778552668773665
3,plate01,12,BL_sXT,0.5,D,0.03,0.00515726299765972,0.00013860789576398456,0.00026779906776114824,0.00027818005706500197,0.9892811454778382
4,plate01,12,BL_sXT,0.5,E,0.06,0.007313239779639717,0.0001511455611563055,0.0002314856272401182,0.00030334264170423067,0.9936336739170125
5,plate01,12,BL_sXT,0.5,F,0.1,0.008725416649979719,0.00013200867149478043,0.0004674081946055512,0.00026493566915337306,0.9965783535768554
6,plate01,12,BL_sXT,0.5,G,0.2,0.010473203669309261,0.00014062178945774162,-3.7961359546923035e-05,0.00028222174623463375,0.9973030917809148
7,plate01,12,BL_sXT,0.5,H,0.5,0.011600626297593602,0.0001297866693586979,2.3310598994162487e-05,0.00026047643600011626,0.998125981302628
