,Plate,Column,E_name,E_conc,Row,S_conc,slope,slope stderr,int,int stderr,RSQ
0,plate02,7,BL_273,0.5,A,0.005,0.00030478628854408753,0.00012559979589963217,0.00036220739767428334,0.0002520733512456199,0.2819054001567871
1,plate02,7,BL_273,0.5,B,0.01,0.0011296036211424368,9.53558475764933e-05,-0.00022134447543564956,0.0001913750546784552,0.9034328104500392
2,plate02,7,BL_273,0.5,C,0.02,0.0021208634717313924,0.00011888391361379534,-0.00043843069528587143,0.00023859486212745833,0.954989820543252
3,plate02,7,BL_273,0.5,D,0.03,0.002456098403829849,0.0001383765496995564,0.0004702224127957657,0.0002777157442913316,0.9545510467198098
4,plate02,7,BL_273,0.5,E,0.06,0.0047316340306659,0.00017090288423879385,-8.0696346790343e-05,0.0003429945768277517,0.9808066600414367
5,plate02,7,BL_273,0.5,F,0.1,0.006560259717612661,0.00011510972209078391,5.796385962073076e-05,0.00023102026995659052,0.9954030164782584
6,plate02,7,BL_273,0.5,G,0.2,0.009595493779380992,0.00010532445320437675,-0.00012951499525623139,0.00021138168605318278,0.9981960204545072
7,plate02,7,BL_273,0.5,H,0.5,0.012759240997619704,0.00011985263257125616,-6.360377928656657e-05,0.0002405392224257936,0.9986782099321749
