,Plate,Column,E_name,E_conc,Row,S_conc,slope,slope stderr,int,int stderr,RSQ
0,plate01,3,BL_oaO,0.5,A,0.005,0.0003950343917388261,0.0001662218146053206,0.00028962547753224867,0.0003335999865927197,0.27353697013268896
1,plate01,3,BL_oaO,0.5,B,0.01,0.0011712813052215394,0.00016256323164669814,-0.00010631202587292396,0.00032625736320785403,0.7758289760724935
2,plate01,3,BL_oaO,0.5,C,0.02,0.002208485794522625,0.00016336235236880702,-0.0002562633350426972,0.000327861154767078,0.9241511620405629
3,plate01,3,BL_oaO,0.5,D,0.03,0.002834745296714849,0.00011296010357184102,0.000551970198479343,0.00022670604069078968,0.9767356758491799
4,plate01,3,BL_oaO,0.5,E,0.06,0.005131775756958223,0.00013462855530556577,-2.9768199490964875e-05,0.0002701936242152529,0.9897818915678427
5,plate01,3,BL_oaO,0.5,F,0.1,0.007186192605694144,0.0001380640347861207,0.00017964321345875176,0.0002770885723353561,0.9944937379937825
6,plate01,3,BL_oaO,0.5,G,0.2,0.010276980828755427,0.00019426294814284476,-3.262707592806873e-05,0.0003898778784054268,0.9946688702039401
7,plate01,3,BL_oaO,0.5,H,0.5,0.01406384990616243,0.00015933266392160466,7.741107349518026e-05,0.0003197740888951747,0.9980784218815123
