,Plate,Column,E_name,E_conc,Row,S_conc,slope,slope stderr,int,int stderr,RSQ
0,plate03,5,BL_9Q3,0.5,A,0.005,0.00027062530163160335,0.00013689398990722102,0.00010412479789441587,0.00027474030783063,0.20669010372929753
1,plate03,5,BL_9Q3,0.5,B,0.01,0.0007924042137065338,0.0001052741124500272,-0.00014792130136575667,0.000211280581632992,0.7906682299656995
2,plate03,5,BL_9Q3,0.5,C,0.02,0.00130560494364573,0.00019136385948668227,0.00014428298735610716,0.00038405896226929127,0.7562889515183193
3,plate03,5,BL_9Q3,0.5,D,0.03,0.0019831034553768516,0.00010967339682276465,0.00021591850625115574,0.00022010975816224364,0.9561345953377187
4,plate03,5,BL_9Q3,0.5,E,0.06,0.0038185645067279777,0.00015000956954885642,-0.00032012941065828634,0.00030106271594224104,0.9773749203272788
5,plate03,5,BL_9Q3,0.5,F,0.1,0.00554162689631984,0.00014162840185963295,-0.00038093443171309006,0.0002842420646995272,0.990297512143192
6,plate03,5,BL_9Q3,0.5,G,0.2,0.008102356412843766,0.0001206333429869928,0.0005252269174932286,0.0002421059100043902,0.9966859289073731
7,plate03,5,BL_9Q3,0.5,H,0.5,0.012335661473928214,0.00015247454533955744,0.000783849333659704,0.00030600980407524247,0.997713523135024
