,Plate,Column,E_name,E_conc,Row,S_conc,slope,slope stderr,int,int stderr,RSQ
0,plate01,2,wt1,0.5,A,0.005,0.0018686007886958495,9.798632184124266e-05,0.00025843054216650183,0.00019665431298803788,0.9603872032823548
1,plate01,2,wt1,0.5,B,0.01,0.0034014604918376225,0.00018499625915116658,0.0005766282864952837,0.00037127947527976126,0.9575153530623959
2,plate01,2,wt1,0.5,C,0.02,0.006008360493649407,0.00012368227306798477,0.0005356722715656618,0.0002482249826858154,0.9936839924757499
3,plate01,2,wt1,0.5,D,0.03,0.008196667143257811,0.00017363257084828572,0.0001603808815821819,0.0003484730189726706,0.9933140183151743
4,plate01,2,wt1,0.5,E,0.06,0.011994611836768459,0.0001274378599139128,0.0004727607588636938,0.00025576224365872106,0.998309632865693
5,plate01,2,wt1,0.5,F,0.1,0.014975217313562415,0.00010859120628008126,0.00011231778048182548,0.0002179379020075586,0.9992118788765411
6,plate01,2,wt1,0.5,G,0.2,0.018311284229001887,0.0001407031777048196,-0.0003051644889579074,0.00028238522405514966,0.9991151340925573
7,plate01,2,wt1,0.5,H,0.5,0.02068267156171829,0.00012908964685877397,0.00015901031976035295,0.0002590773122202564,0.9994160077152132
