,Plate,Column,E_name,E_conc,Row,S_conc,slope,slope stderr,int,int stderr,RSQ
0,plate04,3,BL_LN5,0.5,A,0.005,0.003447076948410154,0.00012497299272513638,0.0006712913339963155,0.0002508153866709492,0.9806650816603509
1,plate04,3,BL_LN5,0.5,B,0.01,0.0057821506039783446,0.00010892713099752465,0.00019274777689156606,0.00021861205126970167,0.9947048423894557
2,plate04,3,BL_LN5,0.5,C,0.02,0.007648001786414514,0.0002013672898366226,0.0008328075484011095,0.0004041354335813539,0.9897084585434837
3,plate04,3,BL_LN5,0.5,D,0.03,0.009223220715364284,0.0001690520542093902,-0.00030394824636970254,0.00033928012632175613,0.9949860072281267
4,plate04,3,BL_LN5,0.5,E,0.06,0.010423377687116785,0.00015895485163183794,0.00011909339940718215,0.0003190154168772685,0.9965237630448143
5,plate04,3,BL_LN5,0.5,F,0.1,0.010979926778663407,0.00016075412094904672,0.0003115659324685156,0.00032262655592267574,0.9967950431503946
6,plate04,3,BL_LN5,0.5,G,0.2,0.011951448844434836,0.00014437452365821332,-0.0004136944815312252,0.00028975345283454505,0.9978158530971445
7,plate04,3,BL_LN5,0.5,H,0.5,0.0117060083806286,9.337407499977542e-05,0.0007788727447233976,0.00018739773827061232,0.9990465188469664
