,Plate,Column,E_name,E_conc,Row,S_conc,slope,slope stderr,int,int stderr,RSQ
0,plate12,2,BL_74V,0.5,A,0.005,1.825938205614022e-05,9.791321201009006e-05,0.00021848716688717043,0.0001965075785911485,0.0023130879053946396
1,plate12,2,BL_74V,0.5,B,0.01,0.000344119513878839,0.00012390130759577225,0.0003697092443140298,0.0002486645615563284,0.3396077226521049
2,plate12,2,BL_74V,0.5,C,0.02,0.00038531424453822397,0.0001247235255270746,0.00031940593767512676,0.0002503147170933183,0.3888542780239552
3,plate12,2,BL_74V,0.5,D,0.03,0.0009566751214207455,0.00019410020685823288,-0.00013678020610231545,0.0003895507233022992,0.6182502949937956
4,plate12,2,BL_74V,0.5,E,0.06,0.0013356056618351886,0.00011773321623094726,0.0005578810764962585,0.00023628546854106988,0.8956115407618207
5,plate12,2,BL_74V,0.5,F,0.1,0.0024602090571668256,0.00013914760281051648,0.00022886260283168253,0.0002792632199439272,0.9542128127183371
6,plate12,2,BL_74V,0.5,G,0.2,0.00438697460227309,0.00010463700042352105,0.0003975389762405772,0.00021000194109783044,0.9915386181736553
7,plate12,2,BL_74V,0.5,H,0.5,0.008007679972702755,0.00012092123444217496,0.00032044929708185645,0.00024268371290101016,0.9965912091704757
