,Plate,Column,E_name,E_conc,Row,S_conc,slope,slope stderr,int,int stderr,RSQ
0,plate03,4,BL_WMD,0.5,A,0.005,0.0021869401793002392,9.488244975191246e-05,0.00022374326565567976,0.0001904249646454718,0.9725402397781818
1,plate03,4,BL_WMD,0.5,B,0.01,0.0040794953126286415,0.0001489132603381346,-2.1860613379716547e-05,0.0002988622316128364,0.9804048613714966
2,plate03,4,BL_WMD,0.5,C,0.02,0.006211817546333733,0.00010879609689823318,0.0005326636837391477,0.00021834904206542732,0.9954197762953492
3,plate03,4,BL_WMD,0.5,D,0.03,0.008004903178689144,0.0001316826608298998,-5.734227551621766e-05,0.00026428155419565383,0.9959572376893432
4,plate03,4,BL_WMD,0.5,E,0.06,0.011122547984154319,0.00011392634833060249,-0.00020379134008929474,0.00022864520796559286,0.9984287410334052
5,plate03,4,BL_WMD,0.5,F,0.1,0.012668632979742855,0.0001796179882887092,7.468891641193576e-05,0.00036048587245717846,0.9969937510970361
6,plate03,4,BL_WMD,0.5,G,0.2,0.014357540362492111,0.0002146687027298311,0.00015232592727994687,0.0004308309525317376,0.9966579270735667
7,plate03,4,BL_WMD,0.5,H,0.5,0.015674107487381295,0.00017518207486567466,5.018162426562167e-05,0.00035158340571492047,0.9981297782810494
