,Plate,Column,E_name,E_conc,Row,S_conc,slope,slope stderr,int,int stderr,RSQ
0,plate01,7,BL_GZQ,0.5,A,0.005,0.0005671590876148207,0.00011148905845104586,-0.0006491851344074896,0.000223753713292882,0.6330622599743863
1,plate01,7,BL_GZQ,0.5,B,0.01,0.0004452790051315429,0.00015752990502654676,-0.00015058868920480944,0.0003161557019142781,0.3475380459915186
2,plate01,7,BL_GZQ,0.5,C,0.02,0.0007511531777828366,0.0001310740294110114,0.0001772564098450349,0.00026305989913275035,0.6864650652198716
3,plate01,7,BL_GZQ,0.5,D,0.03,0.0011258713930152587,0.00016729787131999132,0.00021900978360529682,0.0003357595873361842,0.7512001195041819
4,plate01,7,BL_GZQ,0.5,E,0.06,0.002285167113483609,0.00012900470625475214,6.542333202084661e-05,0.0002589068910068209,0.9543767362004186
5,plate01,7,BL_GZQ,0.5,F,0.1,0.003859558058044611,0.00010377440833456785,-0.00040787329300432155,0.00020827075000424142,0.9892721547695897
6,plate01,7,BL_GZQ,0.5,G,0.2,0.0065497755457817304,0.0001200454212656017,-0.00014169732907484315,0.00024092598375018764,0.9949864296476034
7,plate01,7,BL_GZQ,0.5,H,0.5,0.011352270702619571,0.00016979256860794872,-1.0720785665885302e-06,0.0003407585870294433,0.9966555008282121
