,Plate,Column,Enzyme,E_Conc,Row,S_Conc,slope,slope stderr,int,int stderr,RSQ
0,plate01,5,BL_CrO,0.5,A,0.005,2.4277874856974337,1.0573908886114654,0.03002354374614368,0.03536896216501324,0.26005198089236137
1,plate01,5,BL_CrO,0.5,B,0.01,7.353283648749806,0.9005625494847217,0.0024856331193910666,0.03012316318606316,0.8163356250991727
2,plate01,5,BL_CrO,0.5,C,0.02,13.359341232624356,0.9777369607148158,0.0438709717331702,0.03270459627520345,0.925629221708354
3,plate01,5,BL_CrO,0.5,D,0.04,19.63626069494386,1.0675874310753062,0.057058424733158135,0.03571002781508745,0.957543980440871
4,plate01,5,BL_CrO,0.5,E,0.08,38.291301928539085,0.9776352225101073,-0.016194120523548464,0.032701189144870316,0.9903168036160453
5,plate01,5,BL_CrO,0.5,F,0.16,53.87518490577672,1.123034161703556,0.10136207753406559,0.0375646828856259,0.993524426065229
6,plate01,5,BL_CrO,0.5,G,0.32,88.52161226794593,1.0415178713219877,-0.027257249112850428,0.03483802564571291,0.9979278313099006
7,plate01,5,BL_CrO,0.5,H,0.5,131.1655186674155,0.604537625664094,0.03565419088503027,0.020221343501883038,0.9996814629146366
