,Plate,Column,E_name,E_conc,Row,S_conc,slope,slope stderr,int,int stderr,RSQ
0,plate10,10,BL_05Y,0.5,A,0.005,0.0002728282522907131,0.0001404538908834405,-2.6293524137641618e-05,0.00028188488857807005,0.2009891044242993
1,plate10,10,BL_05Y,0.5,B,0.01,0.00023034712234222134,0.00010073716102034148,0.0007476041897314173,0.00020217512006304818,0.2584759530577663
2,plate10,10,BL_05Y,0.5,C,0.02,0.0009541696243787231,0.00011566239953797888,-3.4862040177153636e-05,0.00023212943975878546,0.819399082282734
3,plate10,10,BL_05Y,0.5,D,0.03,0.0014760669309421444,0.00010841275217129754,2.3624818699193213e-05,0.0002175796565309356,0.9251404022413571
4,plate10,10,BL_05Y,0.5,E,0.06,0.0027498121770367315,0.00012591226602537444,0.00012050611308360821,0.00025270047890652524,0.9695088901085365
5,plate10,10,BL_05Y,0.5,F,0.1,0.004321057147667475,0.00012129402988461196,0.00010603599286162948,0.00024343184006035188,0.9883188082018627
6,plate10,10,BL_05Y,0.5,G,0.2,0.00747343999472983,0.0001363699585019951,0.0007583703376137617,0.0002736885854978183,0.9950303731426089
7,plate10,10,BL_05Y,0.5,H,0.5,0.015017281489585959,0.00016704452204200515,0.00018914045965143299,0.00033525109509063334,0.9981474591078243
