,Plate,Column,E_name,E_conc,Row,S_conc,slope,slope stderr,int,int stderr,RSQ
0,plate00,6,wt1,1.0,A,0.005,0.0034589523080909147,0.0001231705638039848,0.0005609313879545627,0.00024719798734485404,0.9813347787974798
1,plate00,6,wt1,1.0,B,0.01,0.0066881316143995555,0.0002141994291810077,0.000511411876807204,0.0004298890050649795,0.9848473954946961
2,plate00,6,wt1,1.0,C,0.02,0.011504472335544068,0.0001950290213533067,0.0012790065038955681,0.00039141479777403485,0.9957077191777244
3,plate00,6,wt1,1.0,D,0.03,0.015621594987323375,0.00017450250481887623,0.0010707499429466099,0.00035021895597246966,0.998131764080754
4,plate00,6,wt1,1.0,E,0.06,0.02382843015093147,0.00020301768296057644,0.0009087833696212442,0.0004074477214143033,0.9989123344295717
5,plate00,6,wt1,1.0,F,0.1,0.02968245540254877,0.00018293489083871204,0.00030217107068175597,0.0003671423507532811,0.9994305749958039
6,plate00,6,wt1,1.0,G,0.2,0.03601517083099577,0.00017900876676565198,0.0003538335828807804,0.0003592626958578638,0.9996295687053348
7,plate00,6,wt1,1.0,H,0.5,0.0412363387608725,0.0001719531221503807,0.00019570758633001426,0.0003451022858355625,0.9997392427413838
