,Plate,Column,E_name,E_conc,Row,S_conc,slope,slope stderr,int,int stderr,RSQ
0,plate09,10,BL_9J3,0.5,A,0.005,0.0007799515443105144,0.0001939899200865262,-0.0002173317535968511,0.00038932936789839073,0.5186915175432099
1,plate09,10,BL_9J3,0.5,B,0.01,0.0011054615905849677,0.00013343083485371088,0.00034724580020634307,0.00026778991531356013,0.820659160247059
2,plate09,10,BL_9J3,0.5,C,0.02,0.0022491719583128565,0.00019556568549862588,0.0002425328082309464,0.00039249186702617695,0.8981459805331823
3,plate09,10,BL_9J3,0.5,D,0.03,0.003555922135942913,0.00011245764686914851,0.00012173968005284967,0.0002256976497064357,0.9852192069554692
4,plate09,10,BL_9J3,0.5,E,0.06,0.006506431591501038,0.00015525490545194076,0.00016288511571929917,0.00031158992997279547,0.9915315637371673
5,plate09,10,BL_9J3,0.5,F,0.1,0.009805860625876284,0.0001404012585503188,-3.1897536863870054e-05,0.0002817793797704416,0.9969343090866416
6,plate09,10,BL_9J3,0.5,G,0.2,0.01612088714670579,0.0001431477560234997,1.7488841095243112e-05,0.0002872907041026489,0.9988186757177571
7,plate09,10,BL_9J3,0.5,H,0.5,0.025554944771780292,0.0001781069442316303,0.0004511197884759517,0.0003574529941562331,0.999271907099334
