,Plate,Column,E_name,E_conc,Row,S_conc,slope,slope stderr,int,int stderr,RSQ
0,plate11,5,BL_AXL,0.5,A,0.005,4.843493603582367e-05,9.684634080610712e-05,0.0002777581381512638,0.00019436641335641744,0.01640127388723933
1,plate11,5,BL_AXL,0.5,B,0.01,0.0003500882216678029,0.00011978869637393017,-7.960585156145725e-05,0.00024041072445580444,0.3628216237859444
2,plate11,5,BL_AXL,0.5,C,0.02,0.0006372125548392722,0.00017416475446432848,-0.00044540033509856525,0.00034954112349620445,0.471568931804075
3,plate11,5,BL_AXL,0.5,D,0.03,0.0007989108877959408,0.00011936574660698532,-0.00015978621424790314,0.00023956188410649548,0.7491462384160186
4,plate11,5,BL_AXL,0.5,E,0.06,0.0010662818286578312,0.00012119990433854596,0.00019396436801422814,0.00024324296385457307,0.8376618493100704
5,plate11,5,BL_AXL,0.5,F,0.1,0.0016587388037577586,0.000158797008496428,0.00039453457234524643,0.00031869872860713016,0.8791411274515087
6,plate11,5,BL_AXL,0.5,G,0.2,0.0029046187517066087,9.193859603039325e-05,-0.00030154427465401486,0.00018451677611890698,0.9851942455671275
7,plate11,5,BL_AXL,0.5,H,0.5,0.0038310436317571346,0.00011649347560780711,8.522724288385078e-05,0.00023379739188408624,0.986320248181943
