,Plate,Column,E_name,E_conc,Row,S_conc,slope,slope stderr,int,int stderr,RSQ
0,plate00,12,wt1,0.25,A,0.005,0.0009984362242921143,0.00012789082965287323,6.658459660861506e-05,0.00025667135001119904,0.8024973375102298
1,plate00,12,wt1,0.25,B,0.01,0.0017659055522854794,0.00018939746253929826,0.00022975421357164231,0.00038011248838743195,0.8528450921919535
2,plate00,12,wt1,0.25,C,0.02,0.003080045066849865,0.0001563402271635974,3.142566070939913e-05,0.00031376794480394456,0.9627908800967909
3,plate00,12,wt1,0.25,D,0.03,0.004082901893911586,0.00015092838568017276,0.0002663056866151551,0.00030290673912671353,0.9799144657965423
4,plate00,12,wt1,0.25,E,0.06,0.006037621019790411,9.032612123646586e-05,8.34391816618996e-05,0.0001812806416805729,0.9966539662807677
5,plate00,12,wt1,0.25,F,0.1,0.007599010396701533,0.00014964261145051767,-7.70798291695626e-05,0.0003003263569051565,0.9942167762837129
6,plate00,12,wt1,0.25,G,0.2,0.009207035629599286,0.00015523597618651721,-0.00015762819365519446,0.00031155196548487605,0.9957539135920249
7,plate00,12,wt1,0.25,H,0.5,0.010720107942336122,0.00012287346650576508,-0.0006198590584818648,0.00024660173329061876,0.9980332267548256
