,Plate,Column,E_name,E_conc,Row,S_conc,slope,slope stderr,int,int stderr,RSQ
0,plate05,10,BL_BF2,0.5,A,0.005,9.169262169221373e-05,8.107197580455441e-05,0.00033680976818812415,0.00016270794557198903,0.07857693343481376
1,plate05,10,BL_BF2,0.5,B,0.01,0.00042381644095037326,0.00012767217281679796,0.00014130664617057048,0.0002562325248605046,0.4235099692992763
2,plate05,10,BL_BF2,0.5,C,0.02,0.0009951791243174247,0.00010893884003058958,8.842072304149352e-05,0.000218635521056346,0.8476415865926927
3,plate05,10,BL_BF2,0.5,D,0.03,0.0015242988723665845,9.434103623181115e-05,-0.000209160169874761,0.00018933837185270376,0.945663833697848
4,plate05,10,BL_BF2,0.5,E,0.06,0.002641440398524414,0.00014112923101385855,0.00034248395258124206,0.00028324026098613015,0.9589385405605608
5,plate05,10,BL_BF2,0.5,F,0.1,0.004489890564427193,0.0001543080287270155,-6.0495271986649575e-05,0.0003096894130119527,0.9825911989667618
6,plate05,10,BL_BF2,0.5,G,0.2,0.007967120914822629,0.00018189256195283917,-0.00018901514886177252,0.00036505053778355083,0.9922422448627626
7,plate05,10,BL_BF2,0.5,H,0.5,0.014438372495454876,0.00014447574281536586,-6.750349435268396e-06,0.00028995782262981125,0.9985003342175408
