,Plate,Column,E_name,E_conc,Row,S_conc,slope,slope stderr,int,int stderr,RSQ
0,plate06,11,BL_HRR,0.5,A,0.005,0.0002758981888248662,0.00015435159282152123,0.00016105801275293646,0.0003097769661998861,0.17559923296731117
1,plate06,11,BL_HRR,0.5,B,0.01,0.0008404828210961943,0.00015459725180681262,0.0001430160017705277,0.0003102699912977005,0.6633494020629976
2,plate06,11,BL_HRR,0.5,C,0.02,0.0014342579725271894,0.00013980952894092008,0.00020262246281638522,0.0002805916772158772,0.8752495288259979
3,plate06,11,BL_HRR,0.5,D,0.03,0.0023617149837601293,0.0001262238473706068,-0.00021951593672070002,0.00025332578600613555,0.9589135631615135
4,plate06,11,BL_HRR,0.5,E,0.06,0.004081154407133844,0.0001649953165273424,0.0006602741510822113,0.0003311384459986618,0.9760696423373807
5,plate06,11,BL_HRR,0.5,F,0.1,0.00665727438090753,0.00013752808356163842,0.0003672782115475699,0.00027601292059548153,0.993639224307137
6,plate06,11,BL_HRR,0.5,G,0.2,0.011601323486152898,0.00016208929696154162,0.0003343853801488085,0.0003253062125451837,0.9970804564547182
7,plate06,11,BL_HRR,0.5,H,0.5,0.019944202538845036,0.0001098346282434723,-0.0002632917511112286,0.0002204333964410529,0.9995452849358644
