,Plate,Column,E_name,E_conc,Row,S_conc,slope,slope stderr,int,int stderr,RSQ
0,plate12,8,BL_N4Y,0.5,A,0.005,0.0008901298326973704,0.000158409539503827,-0.00013130214416421493,0.00031792108988406805,0.6779391399536432
1,plate12,8,BL_N4Y,0.5,B,0.01,0.0016386980331465455,9.142515856208543e-05,-0.00010462950821126665,0.00018348631889832074,0.9553926290460616
2,plate12,8,BL_N4Y,0.5,C,0.02,0.0032953500992610163,0.00012298538196488555,-0.00033672214650845567,0.00024682632412535656,0.9795348483293652
3,plate12,8,BL_N4Y,0.5,D,0.03,0.004323852929772139,0.00016553038715758084,0.0003436162067997772,0.0003322123241970766,0.978488986825746
4,plate12,8,BL_N4Y,0.5,E,0.06,0.008122253383555631,0.00016665552434577154,-2.780659133942638e-06,0.00033447102250059023,0.9937245677607197
5,plate12,8,BL_N4Y,0.5,F,0.1,0.012127138394222364,0.00012710370412261066,-0.000214207275663298,0.00025509163158440916,0.9983549629818375
6,plate12,8,BL_N4Y,0.5,G,0.2,0.01853265366748275,9.568694795330803e-05,-0.00018148332215908635,0.00019203950695963095,0.9996002877138505
7,plate12,8,BL_N4Y,0.5,H,0.5,0.027502051959747094,0.00014567985304174782,-0.00046390900895758736,0.0002923731148125734,0.9995792958617842
