,Plate,Column,E_name,E_conc,Row,S_conc,slope,slope stderr,int,int stderr,RSQ
0,plate01,3,BL_oaO,0.5,A,0.005,0.0006976816777942405,8.227523451273007e-05,-0.00018878146099073927,0.00016512283565695896,0.8274034138057067
1,plate01,3,BL_oaO,0.5,B,0.01,0.0012009305288528849,0.00012714648449420394,-0.00030245304663281415,0.00025517748928464555,0.8560637163755739
2,plate01,3,BL_oaO,0.5,C,0.02,0.0022042160989245154,0.00018447020748743614,-0.0002610178326576684,0.00037022371211746144,0.9049286370371686
3,plate01,3,BL_oaO,0.5,D,0.03,0.0028815550339276984,0.00015734894336598076,0.000289033779857377,0.0003157925075156807,0.9571883009530917
4,plate01,3,BL_oaO,0.5,E,0.06,0.005146642791345617,0.00016139642149784597,0.00015485785526646992,0.0003239156690223028,0.9854631095690328
5,plate01,3,BL_oaO,0.5,F,0.1,0.0070382252934179665,0.00014902743702427255,0.0004926842567895833,0.0002990916368773531,0.9933198425467443
6,plate01,3,BL_oaO,0.5,G,0.2,0.010268678128053018,0.00013755748695708139,0.0002578299463427477,0.0002760718681259643,0.9973155023446844
7,plate01,3,BL_oaO,0.5,H,0.5,0.01391018764500787,0.0001345015137966742,9.477530361707605e-05,0.00026993891164333466,0.9985995329331421
