,Plate,Column,E_name,E_conc,Row,S_conc,slope,slope stderr,int,int stderr,RSQ
0,plate09,5,BL_K44,0.5,A,0.005,0.0003281979598486054,9.491460348790538e-05,-0.00030481093063068875,0.00019048950022818064,0.4435488532258789
1,plate09,5,BL_K44,0.5,B,0.01,0.0004878642064556488,0.00014595663290545025,-0.00019166845424269075,0.0002929286449587445,0.42687929102609845
2,plate09,5,BL_K44,0.5,C,0.02,0.0010095754418773296,0.00018336784870780004,-0.0005029728114980634,0.00036801132908967506,0.6689703254147988
3,plate09,5,BL_K44,0.5,D,0.03,0.0013702735080882483,0.0001243255725392844,-0.0004918420260686737,0.0002495160444377016,0.8900912587091105
4,plate09,5,BL_K44,0.5,E,0.06,0.002083138705466576,0.00014473136723160433,0.00033457740570836677,0.00029046957878590225,0.9324818452327661
5,plate09,5,BL_K44,0.5,F,0.1,0.003415194307507613,0.00011391361349218031,-0.0003014329965664571,0.00022861969940374935,0.9835856410261965
6,plate09,5,BL_K44,0.5,G,0.2,0.00526879096715127,0.00016146545147704275,-0.00030037694263921564,0.000324054153450654,0.9861083692910008
7,plate09,5,BL_K44,0.5,H,0.5,0.00810297818104203,0.0001899637314516594,-0.0004405600579107849,0.000381249014202757,0.9918233068719967
