,Plate,Column,Enzyme,E_Conc,Row,S_Conc,slope,slope stderr,int,int stderr,RSQ
0,plate01,6,BL_FWY,0.5,A,0.005,23.052245307762288,1.0018200832324629,0.054912344380090704,0.03351016016556162,0.9724506170364348
1,plate01,6,BL_FWY,0.5,B,0.01,39.25307984649234,1.0117401393124186,0.09775877424650008,0.03384197776073557,0.9901332203116677
2,plate01,6,BL_FWY,0.5,C,0.02,64.83821222413401,1.173650330968688,0.027320450158293458,0.039257752280720565,0.9951092318444438
3,plate01,6,BL_FWY,0.5,D,0.04,78.20563626467265,1.2527679037658097,0.04736967071726761,0.041904179244946146,0.9961656842251388
4,plate01,6,BL_FWY,0.5,E,0.08,100.47278675663193,0.9959131632804209,-0.02090825735739138,0.03331256851807083,0.9985283765339862
5,plate01,6,BL_FWY,0.5,F,0.16,111.82982803268588,1.2929753138836,-0.024082073941090593,0.043249101882801504,0.9979988144871992
6,plate01,6,BL_FWY,0.5,G,0.32,123.6999893412957,1.0460990202084361,-0.028355623560428412,0.034991244415331815,0.998928402819805
7,plate01,6,BL_FWY,0.5,H,0.5,132.19345554705023,1.0570997862661096,-0.059275402196093355,0.03535921872043361,0.9990417330351516
