,Plate,Column,Enzyme,E_Conc,Row,S_Conc,slope,slope stderr,int,int stderr,RSQ
0,plate01,2,wt1,0.5,A,0.005,14.717156508702422,0.6241517949542689,0.022683956327271694,0.02087742642638332,0.9737298629640465
1,plate01,2,wt1,0.5,B,0.01,29.120295178714333,0.9621334987784069,-0.03708720593874433,0.032182670379726316,0.9838892230758629
2,plate01,2,wt1,0.5,C,0.02,48.62440731470093,0.907825153536996,0.031011774838048442,0.030366095973220975,0.9947985752623899
3,plate01,2,wt1,0.5,D,0.04,66.33008262700436,1.164932260977444,-0.02944747180889188,0.03896613677862744,0.9953946072048223
4,plate01,2,wt1,0.5,E,0.08,95.74128620414083,1.3281589924043042,0.016680850966208787,0.04442598727779418,0.9971216627242059
5,plate01,2,wt1,0.5,F,0.16,117.74798010109308,1.2451533910498003,0.04559661164453138,0.04164947841216443,0.9983254356104887
6,plate01,2,wt1,0.5,G,0.32,142.4913306154432,0.9900341324014021,0.05334907820284025,0.03311592622328414,0.9992763970204509
7,plate01,2,wt1,0.5,H,0.5,163.83653049547436,0.8490178281502522,-0.004508733402935796,0.02839901527079558,0.9995973480181367
