,Plate,Column,E_name,E_conc,Row,S_conc,slope,slope stderr,int,int stderr,RSQ
0,plate10,4,BL_CNC,0.5,A,0.005,0.000328513908414802,8.383726264549389e-05,-0.0001895372344991686,0.00016825775567508156,0.5058379881355792
1,plate10,4,BL_CNC,0.5,B,0.01,0.0006265468628330911,0.0001254649199753585,-3.661683656118306e-05,0.0002518026737943865,0.6244182565657078
2,plate10,4,BL_CNC,0.5,C,0.02,0.0014035370964480896,0.00013546198849911893,-0.00030083122051794347,0.00027186634439261865,0.8774035777473381
3,plate10,4,BL_CNC,0.5,D,0.03,0.0018646306728857327,0.00014844543139967302,-0.00017588377414228437,0.0002979235619810462,0.9131844000313131
4,plate10,4,BL_CNC,0.5,E,0.06,0.0033549865308897253,0.0001229833575166971,1.1713553517256337e-05,0.00024682210324463507,0.980242440506142
5,plate10,4,BL_CNC,0.5,F,0.1,0.005343022298165714,0.00011233773955576132,-0.0005295279990988413,0.0002254569836878004,0.9934128372830088
6,plate10,4,BL_CNC,0.5,G,0.2,0.008290393113309084,0.00014133482927164973,0.00041007752436132266,0.0002836529161005259,0.9956593949089928
7,plate10,4,BL_CNC,0.5,H,0.5,0.014241681594971934,0.00014966333150169856,9.73595624699522e-06,0.0003003660280697771,0.9983462789874968
