,Plate,Column,E_name,E_conc,Row,S_conc,slope,slope stderr,int,int stderr,RSQ
0,plate08,6,BL_8OR,0.5,A,0.005,0.001085371019149018,0.00015304464580020118,3.6396537416451e-05,0.00030715393799065607,0.7702715140790136
1,plate08,6,BL_8OR,0.5,B,0.01,0.0019837774810159223,0.00014698567065658322,0.0002181533717931427,0.0002949938954075861,0.9239168856713068
2,plate08,6,BL_8OR,0.5,C,0.02,0.004391453254826759,0.00016787457781975782,-0.00045408374077562073,0.00033691700980550537,0.9785499845834584
3,plate08,6,BL_8OR,0.5,D,0.03,0.0057635980177222065,0.00013794425129280135,0.0004319965226370421,0.00027684814017394884,0.9914808644299288
4,plate08,6,BL_8OR,0.5,E,0.06,0.01047624274297898,0.00013518098460129624,5.240812227347291e-05,0.0002713024126820308,0.9975086951571858
5,plate08,6,BL_8OR,0.5,F,0.1,0.0150615317922552,0.00017948061816509188,7.883757286231232e-05,0.00036021020480952136,0.9978744814444902
6,plate08,6,BL_8OR,0.5,G,0.2,0.022814705281102077,0.00013491876046751544,-1.211316430804743e-05,0.0002707764045025602,0.9994756829547947
7,plate08,6,BL_8OR,0.5,H,0.5,0.032207338057534715,0.00014858172514601312,0.00027375859147383245,0.00029819686269938635,0.9996808665491899
