,Plate,Column,Enzyme,E_Conc,Row,S_Conc,slope,slope stderr,int,int stderr,RSQ
0,plate01,10,BL_4JL,0.5,A,0.005,7.712651059733262,0.646430618411297,0.015220761020228872,0.021622637294580072,0.9046723176510587
1,plate01,10,BL_4JL,0.5,B,0.01,16.098978662565873,0.8627279608769701,-0.016270939979428876,0.028857629967546556,0.9587022698489113
2,plate01,10,BL_4JL,0.5,C,0.02,29.17685744433307,0.755390403708995,-0.0031586609074007403,0.025267257247668356,0.9900456619094429
3,plate01,10,BL_4JL,0.5,D,0.04,40.09730113992112,0.9410627466513455,0.04501470349597557,0.031477870839383464,0.9918054583454297
4,plate01,10,BL_4JL,0.5,E,0.08,66.96883237539494,0.8724978837957771,0.08226273758165943,0.029184425772828915,0.9974603713607945
5,plate01,10,BL_4JL,0.5,F,0.16,95.80038335810609,0.9791350921091339,0.001381593322499919,0.03275142602259371,0.9984355038942774
6,plate01,10,BL_4JL,0.5,G,0.32,134.849956403432,1.2282591728371741,0.017503866631500886,0.041084370048401646,0.9987571219701339
7,plate01,10,BL_4JL,0.5,H,0.5,178.2965558674434,0.9883134118950234,0.019324180721200224,0.03305837235672575,0.9995393256900044
