,Plate,Column,E_name,E_conc,Row,S_conc,slope,slope stderr,int,int stderr,RSQ
0,plate07,9,BL_ZAP,0.5,A,0.005,0.0043973379741004855,0.00015833288543635516,0.0006855392565417757,0.0003177672468661954,0.9809239196115306
1,plate07,9,BL_ZAP,0.5,B,0.01,0.00799491903200311,0.00013994811032049347,0.0014413740279756843,0.0002808698030262447,0.9954248462329494
2,plate07,9,BL_ZAP,0.5,C,0.02,0.014379847462707367,0.0001560543742385655,0.0013473702304244454,0.0003131943628939025,0.9982365306558861
3,plate07,9,BL_ZAP,0.5,D,0.03,0.01918899171790504,0.00018166391404531476,0.001305687944799025,0.0003645916420499255,0.9986574175748896
4,plate07,9,BL_ZAP,0.5,E,0.06,0.02813805682089298,0.0001648196446069066,0.0012988931290610038,0.00033078585377894755,0.9994856041762039
5,plate07,9,BL_ZAP,0.5,F,0.1,0.034356132293660545,0.0002371986041970725,0.0008577897127451085,0.00047604720710725805,0.9992855100675048
6,plate07,9,BL_ZAP,0.5,G,0.2,0.04077977447569482,0.0002189541264971717,0.0004615746421187913,0.00043943141150562016,0.9995677647948382
7,plate07,9,BL_ZAP,0.5,H,0.5,0.045731692087501004,0.0001387805249913008,-0.00012115572300845145,0.0002785265264341105,0.9998618808863695
