,Plate,Column,E_name,E_conc,Row,S_conc,slope,slope stderr,int,int stderr,RSQ
0,plate05,12,BL_S8Q,0.5,A,0.005,0.00015689947158116597,0.0001733199597151768,0.000257482595124776,0.00034784565830844384,0.051802794699611465
1,plate05,12,BL_S8Q,0.5,B,0.01,0.00047644117352621876,0.00018198406571942466,-0.00035569600712469126,0.0003652341415002709,0.3136306270495878
2,plate05,12,BL_S8Q,0.5,C,0.02,0.000909847015532865,0.00016253171543697048,-0.00033056482174516653,0.0003261941163454069,0.6762861794933258
3,plate05,12,BL_S8Q,0.5,D,0.03,0.0011139117104889487,9.558166110414795e-05,-3.5734484629456994e-05,0.0001918282940140656,0.9005412874123503
4,plate05,12,BL_S8Q,0.5,E,0.06,0.0017695898451528362,0.00017548133641520687,0.0006233054880071504,0.0003521834459448981,0.8714556017062765
5,plate05,12,BL_S8Q,0.5,F,0.1,0.003463677235873533,0.00018659408395091254,-0.0005593781367574702,0.0003744862550340883,0.9582836512391372
6,plate05,12,BL_S8Q,0.5,G,0.2,0.005297947137667606,0.00012780262371054363,0.0008608753849003588,0.0002564943341689999,0.9913467119236278
7,plate05,12,BL_S8Q,0.5,H,0.5,0.010180829243816024,0.0001460183398630465,-0.00031758263049417446,0.0002930524600229231,0.9969238923360828
