,Plate,Column,E_name,E_conc,Row,S_conc,slope,slope stderr,int,int stderr,RSQ
0,plate00,1,Blank,0.0,A,0.005,-0.0001185120788004864,0.00012797161595920153,0.00018377060999352196,0.00025683349208572,0.05408288037011877
1,plate00,1,Blank,0.0,B,0.01,5.988883864996028e-05,0.0001572377615485832,-0.00021570208459613545,0.0003155693791799455,0.009578704599506382
2,plate00,1,Blank,0.0,C,0.02,-6.349075823487637e-05,0.00012998747955549742,0.0001473068488854347,0.00026087924364995047,0.01565573848454649
3,plate00,1,Blank,0.0,D,0.03,5.86979508968565e-05,0.0001395962335240428,-8.440111058512588e-05,0.00028016359648501063,0.011649804654594753
4,plate00,1,Blank,0.0,E,0.06,0.00011914023009165767,0.00017251088366001816,-0.0004270837400619177,0.00034622187573742384,0.03081755508118922
5,plate00,1,Blank,0.0,F,0.1,-0.00016878135321963674,0.00010600383219226808,0.00021335284909044096,0.0002127451000291946,0.14457593514616618
6,plate00,1,Blank,0.0,G,0.2,1.962908792474259e-05,0.00012189954487308118,0.00010293648723391801,0.00024464711303683295,0.0017256656726444275
7,plate00,1,Blank,0.0,H,0.5,8.300021586885457e-05,0.00011949387222721888,-4.04675122756117e-05,0.00023981902409832682,0.031162126660664535
