,Plate,Column,E_name,E_conc,Row,S_conc,slope,slope stderr,int,int stderr,RSQ
0,plate10,7,BL_146,0.5,A,0.005,0.0010962694591589144,0.00014399811702214374,0.00028788057751648235,0.00028899798922770543,0.7944051164304944
1,plate10,7,BL_146,0.5,B,0.01,0.0020702198203498734,0.00011157091067803524,0.0002337564076284826,0.00022391799568440148,0.9582515917033874
2,plate10,7,BL_146,0.5,C,0.02,0.0039049661264230254,0.00010939785826910945,0.00030634827962816753,0.00021955676978614911,0.9883643263664413
3,plate10,7,BL_146,0.5,D,0.03,0.005498123798893649,0.0001372291991040699,3.723393498594026e-05,0.0002754129514400154,0.9907420308584302
4,plate10,7,BL_146,0.5,E,0.06,0.009209730711288465,0.00016750662506310608,-0.00013915747521926758,0.00033617853793651886,0.9950624477542156
5,plate10,7,BL_146,0.5,F,0.1,0.012108328032347595,0.00019412905484302075,0.0001750435421072129,0.00038960866377778133,0.9961591027067596
6,plate10,7,BL_146,0.5,G,0.2,0.016498842449753758,0.00013039248765812044,-0.00030990720683330965,0.00026169202984297374,0.9990639855266434
7,plate10,7,BL_146,0.5,H,0.5,0.020266046432597634,0.00011754598507375244,0.00030400767520392214,0.00023590965473538724,0.9994956300466685
