,Plate,Column,E_name,E_conc,Row,S_conc,slope,slope stderr,int,int stderr,RSQ
0,plate02,6,BL_L5Q,0.5,A,0.005,0.000445614779281729,0.00016885087567085146,-9.331034269844963e-05,0.0003388764003598262,0.317091101196487
1,plate02,6,BL_L5Q,0.5,B,0.01,0.001022908108613749,0.00015060929095813907,-0.0002886833546911356,0.000302266330348264,0.7546154375252307
2,plate02,6,BL_L5Q,0.5,C,0.02,0.0015492502904492676,0.0001064921140011458,-0.00012714610757187675,0.00021372507075585777,0.9338172347402629
3,plate02,6,BL_L5Q,0.5,D,0.03,0.0025441769981126776,0.00015168827450776383,-0.0005405037924733172,0.0003044318034335668,0.9493779395599069
4,plate02,6,BL_L5Q,0.5,E,0.06,0.004219789886019783,0.00011237773975904007,-6.412892252791854e-05,0.00022553721492694158,0.9894737440067379
5,plate02,6,BL_L5Q,0.5,F,0.1,0.005942682623709252,0.0001402564658213139,0.0001519653345419478,0.0002814886248899162,0.9917137455863798
6,plate02,6,BL_L5Q,0.5,G,0.2,0.009120657792963253,0.00016941452552748636,-0.00020538479019327523,0.000340007656077637,0.9948512904556964
7,plate02,6,BL_L5Q,0.5,H,0.5,0.013018125420173665,0.00012947099294697117,-9.152466531725523e-05,0.0002598426796918721,0.9985185242773409
