,Plate,Column,E_name,E_conc,Row,S_conc,slope,slope stderr,int,int stderr,RSQ
0,plate09,3,BL_RY5,0.5,A,0.005,0.00032168311431193304,0.00011304198255813807,-6.680868427268988e-05,0.00022687036909964942,0.3505927029060777
1,plate09,3,BL_RY5,0.5,B,0.01,0.0008141909910640546,0.00013297532984178455,0.00013351232022903385,0.000266875733566243,0.7142289083353834
2,plate09,3,BL_RY5,0.5,C,0.02,0.001540619937741779,0.00017170705098037652,5.038818108933155e-05,0.0003446085774227499,0.842937823318137
3,plate09,3,BL_RY5,0.5,D,0.03,0.00226905794413881,0.00012711403036915468,3.6074767942693574e-05,0.0002551123793299372,0.9550417480300408
4,plate09,3,BL_RY5,0.5,E,0.06,0.004473280519707286,0.00015023201159994635,-0.0002572784724887241,0.00030150916582669037,0.9833628870908862
5,plate09,3,BL_RY5,0.5,F,0.1,0.006971771289634369,0.00013346323148065808,-0.0003494232801570338,0.0002678549025011488,0.9945330215480496
6,plate09,3,BL_RY5,0.5,G,0.2,0.011374716697776607,0.0001078709701669577,0.0007681885066501055,0.00021649238494790148,0.9986527944165333
7,plate09,3,BL_RY5,0.5,H,0.5,0.02049687764012187,0.00013010865764332907,-4.3893512759130004e-05,0.00026112207065772346,0.9993959631133296
