,Plate,Column,E_name,E_conc,Row,S_conc,slope,slope stderr,int,int stderr,RSQ
0,plate12,7,BL_HHN,0.5,A,0.005,-0.0002021825615441253,0.00012080736301432845,0.0006479561115085743,0.00024245514784498976,0.1573468877046066
1,plate12,7,BL_HHN,0.5,B,0.01,-0.00014154464733888222,0.00012337688814696268,0.0005417189416151701,0.00024761207274688916,0.0806678489396373
2,plate12,7,BL_HHN,0.5,C,0.02,0.0001720049498944919,0.000144133862387472,-3.454989256972316e-05,0.00028927042426774,0.086709665486562
3,plate12,7,BL_HHN,0.5,D,0.03,0.00019686070533284363,0.00016694169612309123,0.0002852154351112508,0.00033504475616594095,0.08483884887470805
4,plate12,7,BL_HHN,0.5,E,0.06,0.0007523313408877321,0.00012369091516630586,-0.00036610358234463774,0.0002482423090249836,0.7115105696321582
5,plate12,7,BL_HHN,0.5,F,0.1,0.000811281410882594,0.00015692175462345929,0.00047665248629542373,0.0003149351704922129,0.6405345914604405
6,plate12,7,BL_HHN,0.5,G,0.2,0.0017680947316251099,0.0001565965825846099,-0.00017432991040530657,0.00031428255398214573,0.8947230327603796
7,plate12,7,BL_HHN,0.5,H,0.5,0.00280108000011333,0.00016093021887757263,0.00023492584806960494,0.0003229799810587941,0.9528232768539704
