,Plate,Column,E_name,E_conc,Row,S_conc,slope,slope stderr,int,int stderr,RSQ
0,plate09,7,BL_N60,0.5,A,0.005,0.000811699289879075,0.00010546814784729808,-0.00015249069198511453,0.00021167000097686663,0.7979275829086412
1,plate09,7,BL_N60,0.5,B,0.01,0.0017001932323032218,0.00016143239944563782,-0.00018731308024353893,0.0003239878331249112,0.8808780467381363
2,plate09,7,BL_N60,0.5,C,0.02,0.003191562428336149,0.00011820359994951652,-0.000188966247291336,0.000237229516240112,0.9798395173235249
3,plate09,7,BL_N60,0.5,D,0.03,0.004571537141143679,0.00012358525541564336,5.299425839234895e-05,0.0002480303543614687,0.989156586256123
4,plate09,7,BL_N60,0.5,E,0.06,0.008085848416968739,9.053645600451638e-05,0.0003064330816667799,0.0001817027316820825,0.9981229704944102
5,plate09,7,BL_N60,0.5,F,0.1,0.012595002356617646,0.00013679418817100867,-0.00017626108344539373,0.0002745399472692487,0.9982337091883519
6,plate09,7,BL_N60,0.5,G,0.2,0.01998807860171098,0.00014628432278955252,0.0002037384660960302,0.0002935863492913719,0.9991972215214991
7,plate09,7,BL_N60,0.5,H,0.5,0.03130687156445186,0.00018845947046464988,-0.0003159567967722125,0.00037823003206323,0.9994567338994367
