,Plate,Column,E_name,E_conc,Row,S_conc,slope,slope stderr,int,int stderr,RSQ
0,plate00,2,Blank,0.0,A,0.005,3.772010673265213e-05,0.00012060245862355554,-0.00010448485473469018,0.00024204391237161776,0.0064791682381953875
1,plate00,2,Blank,0.0,B,0.01,1.764890248410644e-05,0.0001409002673131698,7.699627450823862e-05,0.00028278073950434464,0.001044881340544368
2,plate00,2,Blank,0.0,C,0.02,5.9659936753131627e-05,0.00010299795456726938,3.4664350069226934e-06,0.00020671245282022956,0.02187819292715809
3,plate00,2,Blank,0.0,D,0.03,-0.00011440554793216526,0.00020140691896609723,-2.246476063283207e-05,0.0004042149995643854,0.02105763973604846
4,plate00,2,Blank,0.0,E,0.06,-0.0001259217715379002,0.00014252574751175105,0.00022996905196687038,0.0002860430051589227,0.04946432866414907
5,plate00,2,Blank,0.0,F,0.1,-0.0001266004194962986,0.00013681670589115832,0.0001934838388730837,0.000274585204820058,0.05399978656508786
6,plate00,2,Blank,0.0,G,0.2,5.518686219947973e-05,0.00015370549870044804,-7.825757990352691e-05,0.00030848028602707304,0.008520890368471479
7,plate00,2,Blank,0.0,H,0.5,0.00013557637735409282,0.000134703689885068,-0.0002651553474515752,0.0002703444741771297,0.06326105480589939
