,Plate,Column,Enzyme,E_Conc,Row,S_Conc,slope,slope stderr,int,int stderr,RSQ
0,plate01,1,Blank,0.0,A,0.005,0.0,0.0,0.0,0.0,1.0
1,plate01,1,Blank,0.0,B,0.01,0.0,0.0,0.0,0.0,1.0
2,plate01,1,Blank,0.0,C,0.02,-1.1990054633494715e-23,6.131718487848007e-25,-1.2712622679052026e-14,3.0086950752259532e-24,0.0
3,plate01,1,Blank,0.0,D,0.03,0.0,0.0,0.0,0.0,1.0
4,plate01,1,Blank,0.0,E,0.06,-1.1990054633494715e-23,6.131718487848007e-25,-1.2712622679052026e-14,3.0086950752259532e-24,0.0
5,plate01,1,Blank,0.0,F,0.1,0.0,0.0,0.0,0.0,1.0
6,plate01,1,Blank,0.0,G,0.2,-4.7608750261498985e-24,9.623716441456258e-26,2.543051871667918e-14,1.0350981067150352e-24,0.0
7,plate01,1,Blank,0.0,H,0.5,0.0,0.0,0.0,0.0,1.0
