,Plate,Column,Enzyme,E_Conc,Row,S_Conc,slope,slope stderr,int,int stderr,RSQ
0,plate01,9,BL_n5l,0.5,A,0.005,36.57324990709016,1.6337073076618047,0.20346627850403248,0.054646331481960096,0.9709393846833761
1,plate01,9,BL_n5l,0.5,B,0.01,71.2659106778833,1.6419793510393967,0.25240095636554283,0.05492302412030886,0.992100156594265
2,plate01,9,BL_n5l,0.5,C,0.02,124.54680792044545,1.2527408538268627,0.23593276002105998,0.041903275884561116,0.9984847303063205
3,plate01,9,BL_n5l,0.5,D,0.04,164.2327460957719,1.5328143861663734,0.17647289204872932,0.05127153637435469,0.9986950799167964
4,plate01,9,BL_n5l,0.5,E,0.08,226.70780132391963,1.1738118002761726,0.22497469951434482,0.03926315560283119,0.9995980420477703
5,plate01,9,BL_n5l,0.5,F,0.16,271.35226063970106,1.3387142467986397,0.05398690743079941,0.044779018542288954,0.9996350430701297
6,plate01,9,BL_n5l,0.5,G,0.32,311.05692348102406,1.3277522742580685,0.012690623501059931,0.044412390789263095,0.9997267689411009
7,plate01,9,BL_n5l,0.5,H,0.5,339.72815770799014,1.2191345412147256,-0.005463883144802838,0.04077908052229168,0.9998068718470808
