,Plate,Column,E_name,E_conc,Row,S_conc,slope,slope stderr,int,int stderr,RSQ
0,plate11,4,BL_1RY,0.5,A,0.005,0.00036520326074920297,0.00010645476328918286,6.529998366442987e-06,0.00021365008515503747,0.43965008002734907
1,plate11,4,BL_1RY,0.5,B,0.01,0.00023259795878530774,0.00017201054822875585,0.00022581231849075987,0.00034521771759124065,0.10865645111433686
2,plate11,4,BL_1RY,0.5,C,0.02,0.0009257913427153772,0.0001160030462207054,-0.0002713846314384446,0.0002328130893193358,0.8093843327903854
3,plate11,4,BL_1RY,0.5,D,0.03,0.0012280686839810245,0.00019181252725737228,0.0001564843083753596,0.0003849594465366041,0.7321010755324245
4,plate11,4,BL_1RY,0.5,E,0.06,0.0023701129345880504,0.00016253876712410146,8.204059809966259e-05,0.0003262082725889562,0.9341035356973305
5,plate11,4,BL_1RY,0.5,F,0.1,0.003794275717035367,0.00015799044914842605,-0.0003120112489135146,0.0003170799847480887,0.9746519467942076
6,plate11,4,BL_1RY,0.5,G,0.2,0.006144045399515123,0.00010020675146336538,0.0005622668844974652,0.00020111060862606237,0.9960258256394882
7,plate11,4,BL_1RY,0.5,H,0.5,0.011836220800820132,0.0001094526545975625,-6.69702572284809e-05,0.00021966688107303135,0.9987189643730497
