,Plate,Column,Enzyme,E_Conc,Row,S_Conc,slope,slope stderr,int,int stderr,RSQ
0,plate01,4,BL_z1n,0.5,A,0.005,0.08475279125381308,0.0001304731546333756,0.001851148326912282,0.00026185401781677584,0.9999644523880137
1,plate01,4,BL_z1n,0.5,B,0.01,0.15611416962274938,0.00019611757892075356,0.0028524326455658896,0.00039359958067453267,0.999976328280087
2,plate01,4,BL_z1n,0.5,C,0.02,0.2693463474405715,0.0002517035953973992,0.0036364546885136037,0.0005051580764348714,0.9999869009036596
3,plate01,4,BL_z1n,0.5,D,0.03,0.3550359232824165,0.0002601343992636065,0.0036429660931142148,0.0005220786736191904,0.9999919473501827
4,plate01,4,BL_z1n,0.5,E,0.06,0.5197964691883764,0.00021671733963542103,0.0028241014215601686,0.00043494252120606156,0.9999973925811316
5,plate01,4,BL_z1n,0.5,F,0.1,0.6374335092428236,0.00015247044877415942,0.0018782598659874417,0.00030600175478811577,0.9999991417921874
6,plate01,4,BL_z1n,0.5,G,0.2,0.7670574447919063,5.9683185411817035e-05,0.0005457441939325856,0.000119782060757256,0.9999999091889
7,plate01,4,BL_z1n,0.5,H,0.5,0.8725409756569958,8.925313888307757e-05,4.387559036228998e-05,0.00017913650502346544,0.9999998429651987
