,Plate,Column,E_name,E_conc,Row,S_conc,slope,slope stderr,int,int stderr,RSQ
0,plate07,10,BL_0LZ,0.5,A,0.005,0.0003301353233857567,0.0001729089477478182,-0.00021441927768247167,0.00034702077275674365,0.19551341673504452
1,plate07,10,BL_0LZ,0.5,B,0.01,0.00033727631811962983,0.00018865089658389725,-5.353947506952426e-05,0.00037861417637949607,0.17565872854677178
2,plate07,10,BL_0LZ,0.5,C,0.02,0.0004872374081128663,0.00017994966600372355,7.474598243213566e-05,0.00036115119010749944,0.32829612315942747
3,plate07,10,BL_0LZ,0.5,D,0.03,0.00094140543850369,0.00014064710040235064,-7.594606579784488e-05,0.0002822726309097709,0.7491699180167533
4,plate07,10,BL_0LZ,0.5,E,0.06,0.001732198984409515,0.00016184740097874745,5.135025017109336e-05,0.0003248207058692042,0.8842119964004834
5,plate07,10,BL_0LZ,0.5,F,0.1,0.0027064538802451573,0.00017986531759747295,-0.00027087340794392314,0.0003609819149995643,0.9378664912678938
6,plate07,10,BL_0LZ,0.5,G,0.2,0.004262680782257618,0.00010064281854966685,-0.00023046893688630056,0.00020198578429553326,0.9917077006221808
7,plate07,10,BL_0LZ,0.5,H,0.5,0.006785335654359926,0.00015755407351349937,-0.00013967982785466877,0.0003162042345682829,0.9919774894502547
