,Plate,Column,E_name,E_conc,Row,S_conc,slope,slope stderr,int,int stderr,RSQ
0,plate12,11,BL_LSX,0.5,A,0.005,0.00022095675762857272,0.00011307067231333411,6.52610109641185e-05,0.00022692794132396976,0.2029201438678513
1,plate12,11,BL_LSX,0.5,B,0.01,0.0007354428730417321,0.00016346912882289833,-0.00019935400109448909,0.00032807546101462957,0.5743562829684514
2,plate12,11,BL_LSX,0.5,C,0.02,0.0012163623658397115,0.00012667627729371053,-0.00022825093382673782,0.0002542337965347205,0.8600758720300492
3,plate12,11,BL_LSX,0.5,D,0.03,0.0016744891027250896,0.00013317567723495762,-7.35530426256855e-05,0.0002672778346233045,0.9133417608982581
4,plate12,11,BL_LSX,0.5,E,0.06,0.002825009660845667,0.00018063469098112255,0.0002684072877341658,0.000362526016560788,0.9422164321032588
5,plate12,11,BL_LSX,0.5,F,0.1,0.004599984939539209,0.00011930308889713875,-0.00028745472546927003,0.00023943613019635979,0.9900110055926739
6,plate12,11,BL_LSX,0.5,G,0.2,0.006905913310648737,0.00019355356485693258,-0.00025380000922090896,0.0003884535885222813,0.9883543424014147
7,plate12,11,BL_LSX,0.5,H,0.5,0.01018099652413599,0.0001341095987370914,0.0002735224327742979,0.0002691521293809257,0.9974040205980266
