,Plate,Column,E_name,E_conc,Row,S_conc,slope,slope stderr,int,int stderr,RSQ
0,plate09,11,BL_N9S,0.5,A,0.005,0.0005525942800858184,0.00014402063839173877,-0.0002743944689223486,0.00028904318584902384,0.49532131009179314
1,plate09,11,BL_N9S,0.5,B,0.01,0.0011230287529152211,0.0001249449771431928,-0.0001544051244396807,0.0002507591519057122,0.8434033842565815
2,plate09,11,BL_N9S,0.5,C,0.02,0.002147611098734447,0.00016723234785611654,-0.00014197618479281225,0.00033562806886178805,0.9166291541867698
3,plate09,11,BL_N9S,0.5,D,0.03,0.002918226845144368,0.0001455533959805999,0.00028680140705781486,0.0002921193614825686,0.9640261716272508
4,plate09,11,BL_N9S,0.5,E,0.06,0.005143677394845274,0.00012478593326179763,0.0003359415659155137,0.0002504399481268281,0.9912489974510201
5,plate09,11,BL_N9S,0.5,F,0.1,0.007708648347937118,0.00012601782992551467,0.00020815040822610975,0.00025291233560848517,0.9960073492168435
6,plate09,11,BL_N9S,0.5,G,0.2,0.012071768099351168,0.0001573341167167717,-0.00015357623796139475,0.000315762632505984,0.9974585029738814
7,plate09,11,BL_N9S,0.5,H,0.5,0.017437704386605576,0.00014017388716614513,0.00011994521842831332,0.0002813230230757106,0.9990316613537611
