,Plate,Column,E_name,E_conc,Row,S_conc,slope,slope stderr,int,int stderr,RSQ
0,plate09,8,BL_51A,0.5,A,0.005,0.0002619239288426505,0.0001150567829139735,6.221864176777386e-05,0.00023091398009286216,0.25677598365127696
1,plate09,8,BL_51A,0.5,B,0.01,0.0007749684186053989,9.388515537666807e-05,9.105642873862199e-05,0.00018842344058417668,0.819571906432899
2,plate09,8,BL_51A,0.5,C,0.02,0.0013974868437751505,0.00017667297843358627,-0.0001280454373813466,0.00035457499841670226,0.8066223678566627
3,plate09,8,BL_51A,0.5,D,0.03,0.0022969284561227188,0.00013544072828680748,-0.00041391583681932125,0.0002718236762991854,0.9504304242204373
4,plate09,8,BL_51A,0.5,E,0.06,0.003797225047286564,0.0001457901926620686,0.00025787569881862555,0.0002925946193251208,0.9783669828403075
5,plate09,8,BL_51A,0.5,F,0.1,0.006337571634489141,0.0001393522596446285,-0.0006112408908001357,0.0002796739389657245,0.9927999549316237
6,plate09,8,BL_51A,0.5,G,0.2,0.010931082375318146,0.00015015513023340093,-6.894404355772821e-05,0.0003013550870874581,0.9971775965869982
7,plate09,8,BL_51A,0.5,H,0.5,0.020780948883559986,0.0001827796712736242,-0.00026310789526182653,0.00036683081189223146,0.9988409236227456
