,Plate,Column,E_name,E_conc,Row,S_conc,slope,slope stderr,int,int stderr,RSQ
0,plate07,6,BL_WU9,0.5,A,0.005,0.0003370592892376399,0.0001146005593607904,-0.00020317805103938345,0.00022999836207018994,0.36576282399210136
1,plate07,6,BL_WU9,0.5,B,0.01,0.0006719334923844191,8.561094048078344e-05,-0.0004414424206726977,0.0001718174521049332,0.804182377364159
2,plate07,6,BL_WU9,0.5,C,0.02,0.0008598203829946337,0.0001500428574572615,0.00013022812002302732,0.0003011295175278501,0.6864457881714949
3,plate07,6,BL_WU9,0.5,D,0.03,0.0013277634241755708,0.00016865639137076343,0.00013199985134165754,0.00033848608632563467,0.8051385023350548
4,plate07,6,BL_WU9,0.5,E,0.06,0.002639365387472674,0.00016164042563157266,-0.00018195888876856536,0.00032440534930509407,0.946737469240281
5,plate07,6,BL_WU9,0.5,F,0.1,0.003928145489132188,0.0001604686685377927,0.0001541464647213801,0.0003220536385338221,0.9755792526463053
6,plate07,6,BL_WU9,0.5,G,0.2,0.006980018551330551,0.000134695473805667,9.839774185503343e-05,0.00027032808038169253,0.994445239403973
7,plate07,6,BL_WU9,0.5,H,0.5,0.01331151855019238,0.00013850868432001002,-0.00045429990952629236,0.0002779809130513588,0.9983786186166033
