,Plate,Column,E_name,E_conc,Row,S_conc,slope,slope stderr,int,int stderr,RSQ
0,plate10,2,BL_2MC,0.5,A,0.005,-9.77434740110716e-06,0.00013519210568470197,0.00022215447484308514,0.0002713247036065503,0.0003483574880029927
1,plate10,2,BL_2MC,0.5,B,0.01,0.00029772236787068286,0.0001691360370636857,-0.00017081017657149904,0.0003394487023475898,0.17120175595432396
2,plate10,2,BL_2MC,0.5,C,0.02,0.00041187586367429714,0.00014069885227885296,-0.00010409617948433202,0.0002823765006705252,0.36358222090374226
3,plate10,2,BL_2MC,0.5,D,0.03,0.0007345658028668592,0.000153263157983041,-0.0002910383711913917,0.00030759252645582276,0.6049649700118432
4,plate10,2,BL_2MC,0.5,E,0.06,0.0008915410467522872,0.0001471785841137651,0.000161586485709712,0.00029538105202206764,0.7098301329804395
5,plate10,2,BL_2MC,0.5,F,0.1,0.0010488136635468286,0.00014841589390405678,0.0006121720325817291,0.0002978642745765242,0.7690123652025784
6,plate10,2,BL_2MC,0.5,G,0.2,0.001868642748564841,0.00014221537884902624,0.0004045889135075179,0.00028542011104245473,0.920062735005009
7,plate10,2,BL_2MC,0.5,H,0.5,0.0029627027517304502,0.0001002773408393403,0.00017308490687486996,0.00020125228406063367,0.9831064298739879
