,Plate,Column,E_name,E_conc,Row,S_conc,slope,slope stderr,int,int stderr,RSQ
0,plate06,6,BL_MTK,0.5,A,0.005,0.00041646800329317934,0.00014383257180003347,-0.00035703107403756075,0.00028866574441855644,0.35853443877136326
1,plate06,6,BL_MTK,0.5,B,0.01,0.0006362983378951977,0.00018708973121767697,-0.00023829472337424923,0.0003754809888236195,0.43539030552213487
2,plate06,6,BL_MTK,0.5,C,0.02,0.0009212043830298555,0.000153747461291118,6.054218345552772e-06,0.0003085647292014426,0.7053042663496465
3,plate06,6,BL_MTK,0.5,D,0.03,0.0012877422909684645,0.00015867745163356616,0.00016688447595346513,0.00031845876473110714,0.8144961908400992
4,plate06,6,BL_MTK,0.5,E,0.06,0.002753528622712831,0.00018375700449132243,1.992759007696243e-05,0.00036879239267568114,0.937379710023849
5,plate06,6,BL_MTK,0.5,F,0.1,0.004143151778552853,0.00016899031036475955,0.00027366992820396273,0.0003391562111166499,0.9756528405259364
6,plate06,6,BL_MTK,0.5,G,0.2,0.00748789102156399,8.259558948717032e-05,0.00018311180955625796,0.00016576575865216543,0.9981782293287398
7,plate06,6,BL_MTK,0.5,H,0.5,0.014643528677480797,0.00014180133669317792,-0.000322226908885921,0.0002845891368848405,0.998595409862888
