,Plate,Column,E_name,E_conc,Row,S_conc,slope,slope stderr,int,int stderr,RSQ
0,plate12,9,BL_ILN,0.5,A,0.005,0.00029157973531727,0.00015079221633364223,-0.00010081914486026484,0.0003026334454626478,0.19953092087277424
1,plate12,9,BL_ILN,0.5,B,0.01,0.00022573422784982416,0.00010382696630506932,0.00015038713464145785,0.0002083762288650223,0.23961616435613586
2,plate12,9,BL_ILN,0.5,C,0.02,0.0004570662943602544,0.00014169809129991392,0.00017953616401867125,0.00028438193122363737,0.40955854950768955
3,plate12,9,BL_ILN,0.5,D,0.03,0.0007394521041117101,0.0001340283158642593,0.00010576447973855646,0.00026898902550872786,0.6698853782350278
4,plate12,9,BL_ILN,0.5,E,0.06,0.001450897978118385,0.00011474976998337572,9.527427484653339e-05,0.00023029783240824346,0.9142225453218895
5,plate12,9,BL_ILN,0.5,F,0.1,0.0019871110643639505,0.00011361482132102405,0.00023410056005578153,0.00022802001951128823,0.9532559450483908
6,plate12,9,BL_ILN,0.5,G,0.2,0.0030017013142754115,0.00010320482625011861,0.00016211618938328828,0.00020712760622051808,0.9825770053564765
7,plate12,9,BL_ILN,0.5,H,0.5,0.004413312662797504,0.00013943824502862313,-0.0004079832800829295,0.00027984652513049534,0.9852473193226307
