,Plate,Column,E_name,E_conc,Row,S_conc,slope,slope stderr,int,int stderr,RSQ
0,plate02,12,BL_2IS,0.5,A,0.005,0.005544422029670079,0.00018794047937075112,0.0013337058123300844,0.0003771884030194023,0.9830567018824503
1,plate02,12,BL_2IS,0.5,B,0.01,0.01026763240474439,0.0001600780443137135,0.001623511814900138,0.0003212697036828428,0.9963672658597917
2,plate02,12,BL_2IS,0.5,C,0.02,0.017625305421441254,0.00021301428668010837,0.0025936532899964947,0.00042751044644017674,0.9978138249250559
3,plate02,12,BL_2IS,0.5,D,0.03,0.023411109474030717,0.0001962568789518585,0.001903879479968183,0.0003938790491152987,0.9989469731424154
4,plate02,12,BL_2IS,0.5,E,0.06,0.03310355626142258,0.00020578837544419355,0.0013894977824055286,0.00041300840890751785,0.9994206617041296
5,plate02,12,BL_2IS,0.5,F,0.1,0.039308356556047745,0.0001930311599458402,0.0007609677266972656,0.00038740511906460665,0.9996384075249031
6,plate02,12,BL_2IS,0.5,G,0.2,0.04512538180262293,0.0002028504143439883,0.0002933659504584796,0.00040711195921932597,0.999696981567705
7,plate02,12,BL_2IS,0.5,H,0.5,0.04957913355431046,0.0001642228862646706,-0.0004142857178826692,0.0003295881619709142,0.9998354535150898
