,Plate,Column,E_name,E_conc,Row,S_conc,slope,slope stderr,int,int stderr,RSQ
0,plate07,8,BL_ZHS,0.5,A,0.005,0.0007018557797587432,0.00014825462568035462,-0.0002958258286906329,0.00029754061730319814,0.5990583717921361
1,plate07,8,BL_ZHS,0.5,B,0.01,0.0010127869742428397,0.00012199310022065478,0.0003656040219866711,0.0002448348681036565,0.8212652405327129
2,plate07,8,BL_ZHS,0.5,C,0.02,0.002524320764752356,0.0001283140683359757,-0.000579647369013646,0.00025752077609393013,0.9626890142384292
3,plate07,8,BL_ZHS,0.5,D,0.03,0.0032994235294320565,0.00016706657111204243,-0.00010577256427987856,0.0003352954024544708,0.962965592972774
4,plate07,8,BL_ZHS,0.5,E,0.06,0.005980061831934077,0.00015577294609724204,-3.774041659894632e-05,0.00031262969310679985,0.9899245094666359
5,plate07,8,BL_ZHS,0.5,F,0.1,0.008697543270585003,0.0001192477071158865,0.00021745111212771173,0.00023932502535826603,0.9971882582694562
6,plate07,8,BL_ZHS,0.5,G,0.2,0.014747890916035063,0.00012430390304892877,-0.00035679505394765144,0.00024947251485190025,0.9989355181928649
7,plate07,8,BL_ZHS,0.5,H,0.5,0.023290174421937294,0.00018902058034740775,7.618442257229107e-05,0.00037935569697424964,0.9990129634057567
