,Plate,Column,E_name,E_conc,Row,S_conc,slope,slope stderr,int,int stderr,RSQ
0,plate04,1,Blank,0.0,A,0.005,0.00010057928252071593,0.0001664461581174529,-0.00024050967646653502,0.00033405023120910255,0.023764725617172133
1,plate04,1,Blank,0.0,B,0.01,-8.778184643622147e-05,0.00019777224603451647,0.0001498486366171083,0.0003969203389913776,0.012963454210111691
2,plate04,1,Blank,0.0,C,0.02,-9.432800122854771e-05,0.0001511675048380564,0.0002517694596641258,0.0003033866388488256,0.025301335098245836
3,plate04,1,Blank,0.0,D,0.03,-2.5169457689162143e-05,0.00014624417908625596,-2.963138526518687e-05,0.0002935057407147878,0.0019707974742774192
4,plate04,1,Blank,0.0,E,0.06,6.93185882938477e-05,0.00014340783980815506,-0.00021774426225211441,0.0002878133285321086,0.015337333416782672
5,plate04,1,Blank,0.0,F,0.1,0.00012925143069768548,0.00012979095385385846,-0.00034759643168368027,0.00026048482401719693,0.06201363096717416
6,plate04,1,Blank,0.0,G,0.2,2.3805842604297208e-05,0.00013546868998950138,-5.554215642767628e-05,0.00027187979339799405,0.002054496379409465
7,plate04,1,Blank,0.0,H,0.5,2.9027659303175638e-05,0.00011559113719032675,-6.836323684248484e-05,0.00023198640988114123,0.004186600334906254
