,Plate,Column,E_name,E_conc,Row,S_conc,slope,slope stderr,int,int stderr,RSQ
0,plate11,3,BL_73C,0.5,A,0.005,0.000195019349423493,0.0001022493924153534,-0.00020332429883547935,0.00020521010393953297,0.19518220819392307
1,plate11,3,BL_73C,0.5,B,0.01,-2.472220917079591e-05,0.00010220969518699843,0.0002690015928896049,0.0002051304313435414,0.003885158739802219
2,plate11,3,BL_73C,0.5,C,0.02,0.0001765963814047497,0.00012188938418326696,7.559533107206708e-05,0.0002446267173156472,0.12276053878928539
3,plate11,3,BL_73C,0.5,D,0.03,0.0004915192285475829,0.00012872514566126817,-0.00024487528228380086,0.00025834579578501394,0.492898720566162
4,plate11,3,BL_73C,0.5,E,0.06,0.0005890509664805008,0.0001474251037185188,-0.00020987361862221055,0.00029587579859513893,0.5155786043119008
5,plate11,3,BL_73C,0.5,F,0.1,0.0008790200158602661,0.00012688105821267255,5.579313033476835e-05,0.000254644811180996,0.7618891550595002
6,plate11,3,BL_73C,0.5,G,0.2,0.0014954434820945866,0.0001411371379379104,0.00018257134782336508,0.00028325612214236454,0.8821388299309277
7,plate11,3,BL_73C,0.5,H,0.5,0.0026083330011738423,0.00013822264334186244,-0.00033917144851050064,0.00027740687373754575,0.9595792428316712
