,Plate,Column,E_name,E_conc,Row,S_conc,slope,slope stderr,int,int stderr,RSQ
0,plate04,5,BL_Y97,0.5,A,0.005,0.00022978562911340957,0.00015143697314184165,0.00018595766114301148,0.00030392744816418974,0.13306853231253102
1,plate04,5,BL_Y97,0.5,B,0.01,0.0005670256432777074,0.00017614920394863075,-4.648341711044595e-05,0.000353523813417761,0.40856428004811063
2,plate04,5,BL_Y97,0.5,C,0.02,0.0011685892460655404,0.00016729628614772072,-0.0002570365314506819,0.00033575641050067,0.7648618472469765
3,plate04,5,BL_Y97,0.5,D,0.03,0.0016661081111482934,0.00015467245308024928,6.215931345542526e-05,0.00031042091515685297,0.8855247069820298
4,plate04,5,BL_Y97,0.5,E,0.06,0.0031478684181344228,0.00012542509144319126,-0.00029503618780997193,0.0002517227259667877,0.9767401942343387
5,plate04,5,BL_Y97,0.5,F,0.1,0.004450719285933821,0.00014393657475098305,0.0003500254126647435,0.0002888744794621588,0.984554115929024
6,plate04,5,BL_Y97,0.5,G,0.2,0.007900948561084465,7.152128475472225e-05,-0.0003781684608855074,0.00014354012794684436,0.9987723626937088
7,plate04,5,BL_Y97,0.5,H,0.5,0.01310182202433573,0.00014875556253561093,6.414771363944248e-05,0.00029854622893384645,0.9980700862347323
