,Plate,Column,E_name,E_conc,Row,S_conc,slope,slope stderr,int,int stderr,RSQ
0,plate11,7,BL_NK8,0.5,A,0.005,-9.943034698823242e-05,0.00015477283994273807,0.00046699738968130765,0.00031062239015610245,0.026777458291294187
1,plate11,7,BL_NK8,0.5,B,0.01,3.111628571330301e-05,0.00012734840026833372,0.00047981580724550094,0.0002555827246040759,0.0039643485603853
2,plate11,7,BL_NK8,0.5,C,0.02,0.0005632208074241603,0.0001724291820155424,-4.457193558757808e-05,0.0003460578927615022,0.41564432265930107
3,plate11,7,BL_NK8,0.5,D,0.03,0.000468244490112737,0.0001238196007150953,0.00022701317618977116,0.00024850058146295956,0.48807214952012035
4,plate11,7,BL_NK8,0.5,E,0.06,0.0012361429401434795,0.00016010750800595787,4.304899015026331e-05,0.0003213288883118685,0.7989525576613247
5,plate11,7,BL_NK8,0.5,F,0.1,0.00206420641351289,0.00014518449734101188,-0.00029838360529154247,0.0002913790006134798,0.930922142434992
6,plate11,7,BL_NK8,0.5,G,0.2,0.003058768207567137,0.00011491418204360669,-0.0003180958051716597,0.00023062778727680471,0.9792677347186279
7,plate11,7,BL_NK8,0.5,H,0.5,0.0045886288127973875,0.00012575232258715195,-9.251730637977955e-05,0.00025237945264886664,0.9888598209876679
