,Plate,Column,Enzyme,E_Conc,Row,S_Conc,slope,slope stderr,int,int stderr,RSQ
0,plate01,1,Blank,0.0,A,0.005,0.9411775880367665,1.36767260409697,-0.03955896347066179,0.04574766188567632,0.03060472851205387
1,plate01,1,Blank,0.0,B,0.01,0.9529171124948213,1.046854363818635,-0.017412267020555688,0.03501652337983237,0.05234745505736038
2,plate01,1,Blank,0.0,C,0.02,-0.18400948335550096,0.9996594499055348,0.00225719482010966,0.033437887758982904,0.002253742856686225
3,plate01,1,Blank,0.0,D,0.04,-1.2813075573586852,1.1756013136084316,0.04611741973058296,0.039323015529263566,0.07338302721655043
4,plate01,1,Blank,0.0,E,0.08,-0.32212644196158463,0.9832200975593858,0.016961200520823314,0.032888003177560486,0.00710498944878224
5,plate01,1,Blank,0.0,F,0.16,0.6034646773934117,1.4988823716599524,-0.013266670137280997,0.05013653399230708,0.01069077698884724
6,plate01,1,Blank,0.0,G,0.32,0.3045707319313381,0.9348763227909348,0.01329077499928333,0.03127093853664023,0.0070261016779819
7,plate01,1,Blank,0.0,H,0.5,0.012678190589549216,0.8593622855688957,0.019224031754468497,0.02874504597117466,1.4512962960400166e-05
