,Plate,Column,E_name,E_conc,Row,S_conc,slope,slope stderr,int,int stderr,RSQ
0,plate01,9,BL_n5l,0.5,A,0.005,0.004924372892729001,0.00016850345810846934,0.0011465335343814153,0.0003381791354926595,0.9827398109276859
1,plate01,9,BL_n5l,0.5,B,0.01,0.00904568210408664,0.000182574311295358,0.0017629544622080869,0.00036641873062588187,0.993926456291803
2,plate01,9,BL_n5l,0.5,C,0.02,0.015878946547459694,0.0002247469366210993,0.0019128160537823815,0.00045105738673651503,0.9970040649022656
3,plate01,9,BL_n5l,0.5,D,0.03,0.020457322749842115,0.00018542167934082119,0.0016650954172660077,0.00037213328721800174,0.9987692213986423
4,plate01,9,BL_n5l,0.5,E,0.06,0.028871013873819653,0.00019041643064534285,0.00141571237988782,0.00038215750659179146,0.9993479326137953
5,plate01,9,BL_n5l,0.5,F,0.1,0.03423745515491023,0.00014276750899727662,0.0005624256097545584,0.0002865281301478979,0.9997392444221039
6,plate01,9,BL_n5l,0.5,G,0.2,0.03939301964861318,0.00015280679239274055,-4.3073128951462314e-05,0.00030667742579024284,0.9997743465782943
7,plate01,9,BL_n5l,0.5,H,0.5,0.04298180312799078,0.000187773552271981,-0.00017316803450847387,0.0003768538014604263,0.9997138006726939
