,Plate,Column,Enzyme,E_Conc,Row,S_Conc,slope,slope stderr,int,int stderr,RSQ
0,plate01,8,BL_ZXr,0.5,A,0.005,0.03956163344964608,2.9825541967376356e-05,0.0004242019955756511,5.985853994474502e-05,0.9999914745976293
1,plate01,8,BL_ZXr,0.5,B,0.01,0.07806474855460827,5.577853336523596e-05,0.0008037970778713231,0.00011194505737481887,0.9999923420733924
2,plate01,8,BL_ZXr,0.5,C,0.02,0.1520134897757798,0.0001071626763904482,0.0014973131059069745,0.00021507071669354727,0.9999925456499664
3,plate01,8,BL_ZXr,0.5,D,0.03,0.22217018082831205,0.00014551209329236815,0.00206203123999172,0.0002920364731507503,0.9999935654826821
4,plate01,8,BL_ZXr,0.5,E,0.06,0.4125739584540749,0.00023867405316617713,0.0032881041017054627,0.0004790085825917576,0.9999949800799732
5,plate01,8,BL_ZXr,0.5,F,0.1,0.6277206582623671,0.0003338324808801953,0.004090316448619611,0.0006699872308992433,0.9999957575790622
6,plate01,8,BL_ZXr,0.5,G,0.2,1.0300216330677259,0.0003598125719831585,0.0046926832364188615,0.0007221289250608255,0.9999981695696841
7,plate01,8,BL_ZXr,0.5,H,0.5,1.6721758899100394,0.0002810564966190338,0.0031429220481853848,0.0005640672576961047,0.9999995762516571
