,Plate,Column,E_name,E_conc,Row,S_conc,slope,slope stderr,int,int stderr,RSQ
0,plate04,8,BL_9YC,0.5,A,0.005,0.00035536908872666373,0.00015844991678694005,-0.0003373510794142236,0.00031800212083849444,0.2511264754135809
1,plate04,8,BL_9YC,0.5,B,0.01,0.00024939112883550987,0.000186000846784628,2.783093531464264e-05,0.0003732956521878518,0.10702380145453638
2,plate04,8,BL_9YC,0.5,C,0.02,0.0007336250034544669,0.00017956181435487052,-0.0004065735578038447,0.0003603727848601315,0.5267012677066254
3,plate04,8,BL_9YC,0.5,D,0.03,0.0010223951029203991,0.00013820772197164558,-0.0007613193040381697,0.0002773769121783841,0.7848641325617128
4,plate04,8,BL_9YC,0.5,E,0.06,0.0013742443760479549,0.00014813589803309852,1.8742678336088605e-05,0.00029730237835864026,0.8515750592688403
5,plate04,8,BL_9YC,0.5,F,0.1,0.0025504117161127176,0.00011417665478038052,-0.0005603518820043736,0.00022914760384168994,0.970814863744831
6,plate04,8,BL_9YC,0.5,G,0.2,0.003825252943819955,0.00014334956637652096,0.000301137729698584,0.0002876963858599058,0.9793694697169187
7,plate04,8,BL_9YC,0.5,H,0.5,0.007469170140378762,0.00010577967199950567,-0.0006516250487515752,0.0002122952282811702,0.9970005165265534
