,Plate,Column,E_name,E_conc,Row,S_conc,slope,slope stderr,int,int stderr,RSQ
0,plate00,3,Blank,0.0,A,0.005,5.248471082560538e-05,0.00014043013412234714,-0.00012020182665673208,0.0002818372016083883,0.009226313478108095
1,plate00,3,Blank,0.0,B,0.01,-0.00016101534565421969,0.00014301178382080044,0.00020950678042762282,0.0002870184584046338,0.07792319186721586
2,plate00,3,Blank,0.0,C,0.02,5.838867008498848e-05,0.0001933290040479341,-8.261998073719392e-05,0.00038800293602335423,0.006044199190023081
3,plate00,3,Blank,0.0,D,0.03,-7.168371708218731e-05,0.00013260218405391675,8.641155434575223e-05,0.0002661268408282446,0.019110343532739882
4,plate00,3,Blank,0.0,E,0.06,0.0001324926010424759,0.00011957798904782535,-0.0004105368756554042,0.0002399878474506898,0.07565273834128916
5,plate00,3,Blank,0.0,F,0.1,-3.631520161396806e-05,0.0001833464306178708,6.550018073552863e-05,0.000367968348543828,0.0026085896138321463
6,plate00,3,Blank,0.0,G,0.2,0.00015305547864103924,0.00018502580710762583,-0.0003262345332885298,0.0003713387875318997,0.043628330101515234
7,plate00,3,Blank,0.0,H,0.5,-1.550535382556258e-05,0.00017103697069170213,0.0001023261965457328,0.00034326379264442477,0.0005475885921583101
