,Plate,Column,E_name,E_conc,Row,S_conc,slope,slope stderr,int,int stderr,RSQ
0,plate01,4,BL_z1n,0.5,A,0.005,0.0004236886905606003,0.00011701966651558316,0.0005782643869746483,0.00023485340533139525,0.4663667925543449
1,plate01,4,BL_z1n,0.5,B,0.01,0.0012678411148589243,0.00011643023057083317,-0.00029286494122113645,0.00023367042708741562,0.887704698635911
2,plate01,4,BL_z1n,0.5,C,0.02,0.0020333583596628887,0.00013231409642438266,9.248940762798298e-05,0.0002655486534719796,0.9402783371813035
3,plate01,4,BL_z1n,0.5,D,0.03,0.0028095351218217907,0.0001749666652267778,-7.034007655069267e-05,0.00035115049367935277,0.945023729926731
4,plate01,4,BL_z1n,0.5,E,0.06,0.004010976060304763,0.00014629992753367139,7.50534781459751e-05,0.00029361767391127236,0.9804341919573178
5,plate01,4,BL_z1n,0.5,F,0.1,0.004471184794446397,0.00015578002284304942,0.000751034324845632,0.00031264376877796727,0.9821173047572089
6,plate01,4,BL_z1n,0.5,G,0.2,0.005853025932371911,0.00013378901368041817,0.0002283376627202731,0.0002685087667042017,0.9922235557937983
7,plate01,4,BL_z1n,0.5,H,0.5,0.0064564622371125965,0.0001141847137047648,0.00034320243940323713,0.0002291637803565747,0.995330340270197
