,Plate,Column,E_name,E_conc,Row,S_conc,slope,slope stderr,int,int stderr,RSQ
0,plate07,5,BL_QBF,0.5,A,0.005,0.0006441730405920057,9.194831242805219e-05,0.0006708916971230143,0.00018453628306071553,0.765922976898823
1,plate07,5,BL_QBF,0.5,B,0.01,0.0019375813273957345,0.00010897181543222345,-0.0005420410132632019,0.00021870171935041595,0.9547031356886727
2,plate07,5,BL_QBF,0.5,C,0.02,0.003235341283367193,0.00013143758995778508,-8.711071505985274e-05,0.00026378952973488416,0.9758415470487039
3,plate07,5,BL_QBF,0.5,D,0.03,0.004651645625652624,0.00018998265826398276,0.000137538867744402,0.00038128689863209836,0.9755897145662132
4,plate07,5,BL_QBF,0.5,E,0.06,0.008562271366657473,0.0001499868495652948,8.6805203583848e-05,0.00030101718120737386,0.9954183110740311
5,plate07,5,BL_QBF,0.5,F,0.1,0.01315042237222773,0.0002040782521768077,1.5693289692829875e-05,0.00040957606830143665,0.9964005242338596
6,plate07,5,BL_QBF,0.5,G,0.2,0.020815956043688244,0.00012648719593021563,0.00036759399919814826,0.0002538543315446102,0.9994464572112385
7,plate07,5,BL_QBF,0.5,H,0.5,0.0326286291377321,9.237787700469945e-05,0.00024491268613550195,0.00018539836580865946,0.9998797798296797
