,Plate,Column,E_name,E_conc,Row,S_conc,slope,slope stderr,int,int stderr,RSQ
0,plate03,7,BL_3HA,0.5,A,0.005,-1.422557902808208e-06,0.0001974574521186418,0.0005979866156224922,0.0003962885918693621,3.4596275211296046e-06
1,plate03,7,BL_3HA,0.5,B,0.01,0.00028232494137364156,0.00018407080539743192,0.00035721614891626717,0.00036942213754602335,0.13557097600975
2,plate03,7,BL_3HA,0.5,C,0.02,0.000876607631604912,0.00012458227821073254,-9.668412462504216e-05,0.0002500312329559689,0.7674799848156852
3,plate03,7,BL_3HA,0.5,D,0.03,0.0013137844811713306,0.0001186384270265857,-4.6312991487915844e-05,0.0002381021638555296,0.8910123377646397
4,plate03,7,BL_3HA,0.5,E,0.06,0.0024302988577813637,0.00017483742564291027,0.00016939265877145365,0.0003508911269290356,0.927960569659324
5,plate03,7,BL_3HA,0.5,F,0.1,0.003949358367817748,0.00013008805491174712,0.00011237340311650813,0.00026108115045282503,0.9839859081206447
6,plate03,7,BL_3HA,0.5,G,0.2,0.006721532248788568,0.00015248803837124444,-3.752917475260663e-05,0.00030603709014252224,0.9923389686159768
7,plate03,7,BL_3HA,0.5,H,0.5,0.01200174505590531,0.00018523092718435158,0.00015909490730726418,0.00037175048799161647,0.9964397433338692
