,Plate,Column,E_name,E_conc,Row,S_conc,slope,slope stderr,int,int stderr,RSQ
0,plate01,9,BL_n5l,0.5,A,0.005,0.004755101438930363,0.00015044596111435276,0.0012450443254054503,0.0003019385264655664,0.9852068661635001
1,plate01,9,BL_n5l,0.5,B,0.01,0.009068656540011816,0.00014998309225770253,0.0019113636237094653,0.0003010095768879729,0.9959138740049375
2,plate01,9,BL_n5l,0.5,C,0.02,0.015889412973783556,0.00018572340753175695,0.0013447450551019129,0.0003727388270501302,0.9979548757121601
3,plate01,9,BL_n5l,0.5,D,0.03,0.02060943920838369,0.00015801825619676267,0.0014432710527707143,0.0003171357997003673,0.9991189703175926
4,plate01,9,BL_n5l,0.5,E,0.06,0.02907839420566966,0.0001154018078044449,0.0007837463356289617,0.00023160647385660457,0.9997638036199448
5,plate01,9,BL_n5l,0.5,F,0.1,0.03421772633560409,0.00013393927056023626,0.0006121248998957315,0.00026881034340339635,0.9997702238106141
6,plate01,9,BL_n5l,0.5,G,0.2,0.03955468781186357,0.0001257746192725197,-0.0002035854082138682,0.0002524243422599089,0.9998483595623484
7,plate01,9,BL_n5l,0.5,H,0.5,0.04313770096619061,0.00013344416407473942,-0.0005042779480974188,0.0002678166478828889,0.9998564794123238
