,Plate,Column,Enzyme,E_Conc,Row,S_Conc,slope,slope stderr,int,int stderr,RSQ
0,plate01,9,BL_n5l,0.5,A,0.005,36.57325000164971,1.6337074156467402,0.20346627486151012,0.05464633390965534,0.9709393846833761
1,plate01,9,BL_n5l,0.5,B,0.01,71.26591068259245,1.6419793625864707,0.25240095605533525,0.05492302476090879,0.992100156594265
2,plate01,9,BL_n5l,0.5,C,0.02,124.54680787589737,1.252740850720672,0.23593276138226546,0.041903275877235455,0.9984847303063205
3,plate01,9,BL_n5l,0.5,D,0.04,164.23274613177153,1.5328143969385895,0.1764728909487288,0.05127153661550246,0.9986950799167964
4,plate01,9,BL_n5l,0.5,E,0.08,226.70780132476344,1.1738117992363544,0.22497469948856252,0.03926315562145436,0.9995980420477703
5,plate01,9,BL_n5l,0.5,F,0.16,271.3522606348472,1.338714250622755,0.05398690757911265,0.04477901886868099,0.9996350430701297
6,plate01,9,BL_n5l,0.5,G,0.32,311.05692350245107,1.3277522754815494,0.012690622846338234,0.044412391869911846,0.9997267689411009
7,plate01,9,BL_n5l,0.5,H,0.5,339.7281577245025,1.2191345433096785,-0.005463882857286092,0.040779078474682075,0.9998068718470808
