,Plate,Column,E_name,E_conc,Row,S_conc,slope,slope stderr,int,int stderr,RSQ
0,plate01,11,BL_X9n,0.5,A,0.005,0.0006524747058601595,0.00012705831682427695,-0.00018533406871233644,0.00025500053551598905,0.6374242956354652
1,plate01,11,BL_X9n,0.5,B,0.01,0.0008445643378115506,8.948324015441806e-05,-0.00044402568921015365,0.00017958898918034175,0.8558806214401488
2,plate01,11,BL_X9n,0.5,C,0.02,0.0009239668355434006,0.0001436894631869679,0.00038248386097757795,0.0002883785305074528,0.7338009023564525
3,plate01,11,BL_X9n,0.5,D,0.03,0.0012354463502582422,0.00014517607092892713,0.00034524962101349264,0.00029136208497133984,0.8284142917372046
4,plate01,11,BL_X9n,0.5,E,0.06,0.0018670190842738298,0.0001700454500148924,0.00037415389455405025,0.0003412738636775565,0.8893397844458452
5,plate01,11,BL_X9n,0.5,F,0.1,0.002540705029197112,0.00013256718158229238,0.0002235791968297751,0.00026605658817047893,0.9607651393794974
6,plate01,11,BL_X9n,0.5,G,0.2,0.003191035739386678,0.00016814370306844382,-0.0001571535565278039,0.0003374571516506459,0.9600176272974406
7,plate01,11,BL_X9n,0.5,H,0.5,0.003677379488271889,0.00012874064253210043,-0.00024905215172121875,0.0002583768849736512,0.9819476401850054
