,Plate,Column,E_name,E_conc,Row,S_conc,slope,slope stderr,int,int stderr,RSQ
0,plate01,6,BL_FWY,0.5,A,0.005,0.002966251369250327,0.000151507255278323,0.00033516726682267776,0.0003040684982970667,0.962340801928759
1,plate01,6,BL_FWY,0.5,B,0.01,0.005208788040634865,0.00014070312721814305,0.00013268843767894327,0.0002823850564722463,0.9891732654191194
2,plate01,6,BL_FWY,0.5,C,0.02,0.007777544060894982,0.00014798148784291162,0.0007699579035681,0.00029699243209383493,0.9945990639726549
3,plate01,6,BL_FWY,0.5,D,0.03,0.009808835340417594,0.00012566773724703397,0.0004599428669599277,0.00025220971025666895,0.9975439565981027
4,plate01,6,BL_FWY,0.5,E,0.06,0.012628096692970547,0.00010753847408927931,0.00034759473503470547,0.00021582502825799027,0.9989133971650849
5,plate01,6,BL_FWY,0.5,F,0.1,0.014024717596279896,0.00016298812035174566,0.0001840956590670182,0.0003271100672178157,0.9979782130695879
6,plate01,6,BL_FWY,0.5,G,0.2,0.01543270022745585,0.00018325496719579174,-1.8880407316638147e-05,0.0003677851760639117,0.9978893915314117
7,plate01,6,BL_FWY,0.5,H,0.5,0.016517382505729584,0.00014387961009285847,-9.830944447493714e-05,0.00028876016642887317,0.9988631234990697
