,Plate,Column,E_name,E_conc,Row,S_conc,slope,slope stderr,int,int stderr,RSQ
0,plate02,1,Blank,0.0,A,0.005,0.00012937832574912262,0.000177499965922328,-0.00020412025168370149,0.0003562347493162343,0.03420732921503866
1,plate02,1,Blank,0.0,B,0.01,-6.18592608271357e-05,0.0001688702428997188,0.00018486338764212178,0.00033891526574677996,0.008866335322547991
2,plate02,1,Blank,0.0,C,0.02,-0.00010276702360516242,0.00016425613854678024,0.00010299352413209659,0.00032965496157161804,0.02543226756330852
3,plate02,1,Blank,0.0,D,0.03,6.554910082906136e-05,0.00011859393033227017,-0.0001362716958118894,0.00023801288228794657,0.019960027617505927
4,plate02,1,Blank,0.0,E,0.06,0.00019678558050877505,0.00018173684255981908,-0.0004005772464261778,0.00036473797327366415,0.07249771162934926
5,plate02,1,Blank,0.0,F,0.1,-2.8015547907046575e-05,0.00013050628771385422,0.00021119179891875605,0.00026192047261495467,0.003062754588219696
6,plate02,1,Blank,0.0,G,0.2,-4.459846762766905e-05,0.00010971422909733058,0.00020887184905609405,0.00022019170738703375,0.010895939787321396
7,plate02,1,Blank,0.0,H,0.5,1.0744623558281072e-05,9.623133695842065e-05,7.460484421318324e-05,0.00019313213088275602,0.0008304199019522063
