,Plate,Column,E_name,E_conc,Row,S_conc,slope,slope stderr,int,int stderr,RSQ
0,plate10,6,BL_FUC,0.5,A,0.005,0.0009920755323839714,8.965558580149818e-05,4.939893106811394e-05,0.00017993485943048048,0.8908640838421129
1,plate10,6,BL_FUC,0.5,B,0.01,0.0018754590089772592,0.00010302901914388139,0.0002642687735190616,0.00020677477743376996,0.9566920762487794
2,plate10,6,BL_FUC,0.5,C,0.02,0.0038627406297939452,0.00016772170457256104,-0.00017400218036976926,0.0003366102239792418,0.9724978019037842
3,plate10,6,BL_FUC,0.5,D,0.03,0.005764681102646773,0.00012482120510733154,-0.0004732244655490993,0.0002505107402092924,0.993016489497281
4,plate10,6,BL_FUC,0.5,E,0.06,0.009682433323550566,0.0001565669872664972,0.00043656474146487525,0.00031422318368171635,0.9960931873238246
5,plate10,6,BL_FUC,0.5,F,0.1,0.014401019289486006,0.00017470258203340899,0.00017914279239938935,0.00035062061014584216,0.9977973471488325
6,plate10,6,BL_FUC,0.5,G,0.2,0.02159737074265817,0.00017992099624605302,0.0005643968552112791,0.00036109360601565096,0.9989600767465315
7,plate10,6,BL_FUC,0.5,H,0.5,0.03149472173614949,0.00012003687083393838,0.00045435337471408935,0.0002409088366509903,0.9997821532743417
