,Plate,Column,E_name,E_conc,Row,S_conc,slope,slope stderr,int,int stderr,RSQ
0,plate02,3,BL_8MM,0.5,A,0.005,0.00012193855663447885,0.000141743971660634,-0.00015678053102061938,0.0002844740143849048,0.04701822526302901
1,plate02,3,BL_8MM,0.5,B,0.01,0.0002811244206740523,0.00018567732304486563,-0.0002770885187734232,0.0003726463475523286,0.1325640006199883
2,plate02,3,BL_8MM,0.5,C,0.02,0.00030750580289211593,0.0001630652562792384,-5.784725639638711e-05,0.0003272649122127835,0.1916439775304134
3,plate02,3,BL_8MM,0.5,D,0.03,0.00043286311916971627,0.0001177228769270607,1.377030963351648e-05,0.00023626474714882775,0.47405482594126036
4,plate02,3,BL_8MM,0.5,E,0.06,0.0010347313381962192,0.0001103249099697897,-0.0004768806833788141,0.00022141731862648925,0.8543188952445129
5,plate02,3,BL_8MM,0.5,F,0.1,0.0012050732486370342,0.00018983056270658057,-7.920693766296776e-05,0.00038098172233263654,0.7287475132772558
6,plate02,3,BL_8MM,0.5,G,0.2,0.0018212307787537877,0.00011878772352136978,0.0006133941359105061,0.00023840182235921814,0.9400154439778577
7,plate02,3,BL_8MM,0.5,H,0.5,0.004076183726286033,0.00010632578528795811,0.00012991658283587743,0.00021339126271207923,0.9898969816853233
