,Plate,Column,E_name,E_conc,Row,S_conc,slope,slope stderr,int,int stderr,RSQ
0,plate01,7,BL_GZQ,0.5,A,0.005,0.0004552849406470316,8.087214374257173e-05,-0.00043210504358075046,0.0001623068908877107,0.6787553738883766
1,plate01,7,BL_GZQ,0.5,B,0.01,0.0002684419317089904,0.00012727280843082247,0.00047207531294546926,0.0002554310167099396,0.2287387384901698
2,plate01,7,BL_GZQ,0.5,C,0.02,0.0008082409699930877,0.00010405009948581272,1.5456099307373034e-05,0.0002088240195967,0.8008994232974399
3,plate01,7,BL_GZQ,0.5,D,0.03,0.0011530303154001541,0.00016340244021123323,0.0003172237717072325,0.000327941619261773,0.7684919014135841
4,plate01,7,BL_GZQ,0.5,E,0.06,0.0026931218924269554,0.00014560982398030968,-0.00043697235256472925,0.0002922326094394273,0.9579928821192131
5,plate01,7,BL_GZQ,0.5,F,0.1,0.00371570880322091,0.00013909087843091958,-5.8440960550088724e-05,0.00027914943460773524,0.9794140181433317
6,plate01,7,BL_GZQ,0.5,G,0.2,0.006303938826034806,0.00016915061797969708,0.0001883022456379129,0.0003394780122343384,0.9893156092838985
7,plate01,7,BL_GZQ,0.5,H,0.5,0.011278011020599553,0.00010423510514439872,5.854297182197936e-05,0.00020919532098342129,0.9987203295641098
