,Plate,Column,Enzyme,E_Conc,Row,S_Conc,slope,slope stderr,int,int stderr,RSQ
0,plate01,4,BL_z1n,0.5,A,0.005,6.016981390994676,0.6042070411965224,-0.015714670705196086,0.020210290179089638,0.8686184063266648
1,plate01,4,BL_z1n,0.5,B,0.01,7.969187049514859,1.3355747057576444,0.05920239128832912,0.044674010571939475,0.7035773220117902
2,plate01,4,BL_z1n,0.5,C,0.02,15.616153117773303,0.9505801774715938,0.02972966123162048,0.031796221793597576,0.9473462401084798
3,plate01,4,BL_z1n,0.5,D,0.04,20.52280846358359,0.6563327733024256,0.01794138464872448,0.021953856354902605,0.984890377443693
4,plate01,4,BL_z1n,0.5,E,0.08,30.949782013467303,0.9575397540102221,0.009553745904303674,0.03202902210795464,0.9858453487001783
5,plate01,4,BL_z1n,0.5,F,0.16,37.361866106167476,1.0028094427039276,0.039153755940094646,0.03354325141365867,0.9893093750941365
6,plate01,4,BL_z1n,0.5,G,0.32,46.84331008963963,1.251081104576605,-0.043311447497773985,0.041847759352927456,0.9894136832307331
7,plate01,4,BL_z1n,0.5,H,0.5,53.16515075778703,0.8770109978318382,0.02136829513937186,0.029335385027709646,0.9959348383358941
