,Plate,Column,Enzyme,E_Conc,Row,S_Conc,slope,slope stderr,int,int stderr,RSQ
0,plate01,1,Blank,0.0,A,0.005,-0.0,0.0,0.0,0.0,1.0
1,plate01,1,Blank,0.0,B,0.01,-0.0,0.0,0.0,0.0,1.0
2,plate01,1,Blank,0.0,C,0.02,5.677065755478118e-24,1.984048821640798e-25,-1.2712622711335887e-14,1.2742351611398194e-24,0.0
3,plate01,1,Blank,0.0,D,0.03,-0.0,0.0,0.0,0.0,1.0
4,plate01,1,Blank,0.0,E,0.06,5.677065755478118e-24,1.984048821640798e-25,-1.2712622711335887e-14,1.2742351611398194e-24,0.0
5,plate01,1,Blank,0.0,F,0.1,-0.0,0.0,0.0,0.0,1.0
6,plate01,1,Blank,0.0,G,0.2,1.8105219176694778e-23,6.63065541480461e-25,2.543051867488022e-14,4.7451394471683424e-24,0.0
7,plate01,1,Blank,0.0,H,0.5,-0.0,0.0,0.0,0.0,1.0
