,Plate,Column,E_name,E_conc,Row,S_conc,slope,slope stderr,int,int stderr,RSQ
0,plate08,1,Blank,0.0,A,0.005,-9.526279267957666e-05,0.0001684856707960405,-9.12355612091567e-05,0.0003381434493697819,0.020867528375761002
1,plate08,1,Blank,0.0,B,0.01,9.50138925524337e-05,0.00014002061204600131,-8.906893980738093e-05,0.000281015306868779,0.029782961111887052
2,plate08,1,Blank,0.0,C,0.02,-0.00015423740700438684,0.00016180416790379946,0.0004153273705667948,0.0003247339597518394,0.057117145677266445
3,plate08,1,Blank,0.0,D,0.03,-6.549086859865483e-05,0.0001153167086106691,0.00019860023016644778,0.00023143564133305315,0.021049727340067714
4,plate08,1,Blank,0.0,E,0.06,-0.00025494657754913437,0.00014969734949317736,0.0005052070588233229,0.000300436101462105,0.1620337304985101
5,plate08,1,Blank,0.0,F,0.1,-0.00016446688261355534,0.00010343259178140602,0.0004102040788239543,0.000207584734134184,0.1442448604885851
6,plate08,1,Blank,0.0,G,0.2,-4.06869912621228e-06,0.00014073116298919414,-0.00010518711159183548,0.0002824413537812889,5.5717668136612275e-05
7,plate08,1,Blank,0.0,H,0.5,-3.565190738122864e-05,0.00010780840464570076,1.774428526176785e-05,0.00021636680660689318,0.007237938431497781
