,Plate,Column,E_name,E_conc,Row,S_conc,slope,slope stderr,int,int stderr,RSQ
0,plate12,4,BL_1FJ,0.5,A,0.005,7.901544810722124e-05,0.00016024341086400763,-0.00012490791340200895,0.0003216015869154662,0.01595102917878466
1,plate12,4,BL_1FJ,0.5,B,0.01,0.00012477312894126707,0.00013970522574715218,-7.735259403599848e-05,0.00028038234058845254,0.05049218670825195
2,plate12,4,BL_1FJ,0.5,C,0.02,0.0003083006566014703,0.00014428987985106026,8.051961243835045e-05,0.0002895835487020339,0.233339773061497
3,plate12,4,BL_1FJ,0.5,D,0.03,0.0005521540834799874,0.00019147614424799356,-5.610684896902026e-05,0.0003842843149549998,0.3566526878717826
4,plate12,4,BL_1FJ,0.5,E,0.06,0.0011121973857214982,8.459662347071959e-05,-0.00032698564282894395,0.00016978175950492004,0.9201470776308571
5,plate12,4,BL_1FJ,0.5,F,0.1,0.0015272062990785789,0.00015183688215769924,-0.00025901404255188634,0.0003047300554708969,0.8708760632447832
6,plate12,4,BL_1FJ,0.5,G,0.2,0.0024763477334619854,0.00013472592397424855,0.00021677471027898947,0.0002703891039343943,0.9574887375005223
7,plate12,4,BL_1FJ,0.5,H,0.5,0.004747705630219027,0.00012825368765890922,-0.0003702200852342901,0.00025739961468670004,0.9891723178451529
