,Plate,Column,E_name,E_conc,Row,S_conc,slope,slope stderr,int,int stderr,RSQ
0,plate04,2,BL_50K,0.5,A,0.005,0.0024152954021298286,0.0001491634772266285,0.0008403228356601974,0.00029936463692555493,0.9458854241735084
1,plate04,2,BL_50K,0.5,B,0.01,0.005077486217215419,0.00016123490104124404,0.0004567051220605462,0.0003235914637529073,0.9850997998241059
2,plate04,2,BL_50K,0.5,C,0.02,0.009323372336074519,0.00012330553403311755,0.0009916149691894833,0.000247468857280943,0.9973831894000542
3,plate04,2,BL_50K,0.5,D,0.03,0.013007521513839704,0.00016911581909782354,0.000980857488730222,0.00033940812896574317,0.997470871968454
4,plate04,2,BL_50K,0.5,E,0.06,0.0211405103541339,0.00019244879835242845,0.000800218458394629,0.0003862364008870922,0.9987584871652865
5,plate04,2,BL_50K,0.5,F,0.1,0.02797512575803158,0.00015500654451435002,0.0009387797352605748,0.00031109143316042717,0.999539693314453
6,plate04,2,BL_50K,0.5,G,0.2,0.03686342191023809,0.00018243301374179353,0.0002728076072711332,0.0003661350310528823,0.9996327622508867
7,plate04,2,BL_50K,0.5,H,0.5,0.04458199741447811,0.0002312271512300141,0.0003878168986358889,0.0004640625685624778,0.9995966577340556
