,Plate,Column,E_name,E_conc,Row,S_conc,slope,slope stderr,int,int stderr,RSQ
0,plate03,11,BL_825,0.5,A,0.005,0.0009510302217435406,0.00014328230228306696,-4.706581461444751e-05,0.0002875613983513272,0.7460030393815889
1,plate03,11,BL_825,0.5,B,0.01,0.0015947829716986249,0.00014120755847817464,9.762347826722955e-05,0.000283397437528367,0.8947752476396841
2,plate03,11,BL_825,0.5,C,0.02,0.0030434122207958743,0.00010811552670444585,0.0002852336159332683,0.00021698319030753733,0.9814218842817712
3,plate03,11,BL_825,0.5,D,0.03,0.00441665299311485,0.00014874155924041283,0.0002675397672778927,0.0002985178785221044,0.9832720362094485
4,plate03,11,BL_825,0.5,E,0.06,0.008027589148423856,0.00012930573048008457,7.106641401517517e-05,0.0002595109197395936,0.9961232425845296
5,plate03,11,BL_825,0.5,F,0.1,0.011133105910623579,0.00016046751614000218,0.00030155812256440725,0.0003220513765401228,0.9968934269073498
6,plate03,11,BL_825,0.5,G,0.2,0.01647849778286604,0.00015112750781419603,0.0003252152379427394,0.00030330634475543724,0.998739928894141
7,plate03,11,BL_825,0.5,H,0.5,0.022857176942761532,0.00013222934033692104,0.0004970803661736013,0.00026537852925590286,0.9994982541569893
