,Plate,Column,Enzyme,E_Conc,Row,S_Conc,slope,slope stderr,int,int stderr,RSQ
0,plate01,1,Blank,0.0,A,0.005,0.9411776395747439,1.3676726040337313,-0.03955896534036017,0.045747662139191916,0.03060472851205398
1,plate01,1,Blank,0.0,B,0.01,0.9529170744166536,1.0468543725153496,-0.01741226592292097,0.03501652338323225,0.05234745505736027
2,plate01,1,Blank,0.0,C,0.02,-0.18400919261461327,0.9996594436645339,0.0022571838775092574,0.0334378881868712,0.002253742856685448
3,plate01,1,Blank,0.0,D,0.04,-1.281307516548626,1.1756013138883024,0.0461174184850609,0.03932301589673576,0.07338302721655043
4,plate01,1,Blank,0.0,E,0.08,-0.32212643649920175,0.9832200967068958,0.01696120041282527,0.03288800301500598,0.007104989448782129
5,plate01,1,Blank,0.0,F,0.16,0.6034646778214945,1.498882376497908,-0.013266670413401764,0.05013653457913132,0.01069077698884724
6,plate01,1,Blank,0.0,G,0.32,0.30457061264843605,0.934876330811952,0.013290778553671395,0.031270938902327815,0.007026101677981789
7,plate01,1,Blank,0.0,H,0.5,0.01267955498060919,0.8593624716921454,0.019223990411438033,0.02874504885823297,1.4512963122936817e-05
