,Plate,Column,E_name,E_conc,Row,S_conc,slope,slope stderr,int,int stderr,RSQ
0,plate12,1,Blank,0.0,A,0.005,0.00022216979853955456,0.00011151123954615481,-0.00021358189084845928,0.0002237982312804886,0.20925579103085912
1,plate12,1,Blank,0.0,B,0.01,7.275392961250919e-05,0.00010640985998112893,-0.00010707009977553929,0.0002135599820721545,0.03022248195017907
2,plate12,1,Blank,0.0,C,0.02,0.00011776756713133386,0.00010824816805480778,-0.000289671750869546,0.00021724938667380008,0.07313659941689665
3,plate12,1,Blank,0.0,D,0.03,-6.784864831914837e-05,0.00014996556329065216,0.00024898228402273363,0.00030097439156360654,0.013462377030247996
4,plate12,1,Blank,0.0,E,0.06,-0.00010302193097249064,0.00016035876182943793,0.0002025367366246837,0.00032183309266437486,0.0267789921854672
5,plate12,1,Blank,0.0,F,0.1,-0.00026452489346276344,0.00010812445364826534,0.0006204121973267029,0.00021700109723090115,0.285213613105889
6,plate12,1,Blank,0.0,G,0.2,-3.558695894159812e-05,0.00010807693932913456,-2.8244613261654057e-05,0.00021690573533177123,0.007176225621656984
7,plate12,1,Blank,0.0,H,0.5,-4.374117407346459e-05,0.00012297996710938764,0.00011903942154094418,0.00024681546888478094,0.008363218200940215
