,Plate,Column,E_name,E_conc,Row,S_conc,slope,slope stderr,int,int stderr,RSQ
0,plate01,10,BL_4JL,0.5,A,0.005,0.0010253389814148166,0.00015479637728041688,2.7744716378004034e-05,0.0003106696598802713,0.7452212319859741
1,plate01,10,BL_4JL,0.5,B,0.01,0.0020057202006338115,0.0001285408567428738,-2.9310676717191427e-05,0.0002579759890794692,0.9419677792696023
2,plate01,10,BL_4JL,0.5,C,0.02,0.0035318019324232113,0.00014257102781101648,0.0004538428883230115,0.0002861338713786336,0.9761398547730735
3,plate01,10,BL_4JL,0.5,D,0.03,0.005083546250108778,0.00010711462189293716,0.0002853008278718273,0.00021497440893752674,0.9933843486006775
4,plate01,10,BL_4JL,0.5,E,0.06,0.00883216675962772,0.00016350770393167902,-0.0001743612586657136,0.00032815291364726625,0.9948854636718767
5,plate01,10,BL_4JL,0.5,F,0.1,0.012150949156855564,0.0001869545940577477,0.000420433390340598,0.00037520979336898633,0.9964616273648225
6,plate01,10,BL_4JL,0.5,G,0.2,0.017240385969074866,0.00013631353658532738,-0.00012330057393988337,0.0002735752710702329,0.999063155010854
7,plate01,10,BL_4JL,0.5,H,0.5,0.022420829325928857,0.0002011605453783864,0.00026353016225559654,0.0004037206392254347,0.9987939926180185
