,Plate,Column,Enzyme,E_Conc,Row,S_Conc,slope,slope stderr,int,int stderr,RSQ
0,plate01,10,BL_4JL,0.5,A,0.005,7.712651059733266,0.6464306198548115,0.01522076102022897,0.021622637702751094,0.9046723176510587
1,plate01,10,BL_4JL,0.5,B,0.01,16.098978662565873,0.8627279617977641,-0.01627093997942899,0.028857629457397328,0.9587022698489113
2,plate01,10,BL_4JL,0.5,C,0.02,29.17685787324745,0.7553905034542693,-0.0031586766397307922,0.02526725916978588,0.9900456619094427
3,plate01,10,BL_4JL,0.5,D,0.04,40.09730114880737,0.9410627467327136,0.04501470322444838,0.031477871002379115,0.9918054583454297
4,plate01,10,BL_4JL,0.5,E,0.08,66.96883239302842,0.8724978864894457,0.08226273704285264,0.029184425943741515,0.9974603713607945
5,plate01,10,BL_4JL,0.5,F,0.16,95.80038337515072,0.9791350914521847,0.001381593610045939,0.03275143280738902,0.9984355038942775
6,plate01,10,BL_4JL,0.5,G,0.32,134.8499556486228,1.2282591727448875,0.017503933385620184,0.04108436226916421,0.9987571219701341
7,plate01,10,BL_4JL,0.5,H,0.5,178.29655588417916,0.9883134109352079,0.019324180209824925,0.03305837283726252,0.9995393256900044
