,Plate,Column,E_name,E_conc,Row,S_conc,slope,slope stderr,int,int stderr,RSQ
0,plate12,3,BL_EU4,0.5,A,0.005,0.0017175607061222112,0.0001440653678860066,-6.097732538269024e-05,0.00028913298201117295,0.9045414655837258
1,plate12,3,BL_EU4,0.5,B,0.01,0.0033586250925874434,0.00015707835913421187,-0.00034930990066557956,0.00031524947552534564,0.9682326665813664
2,plate12,3,BL_EU4,0.5,C,0.02,0.00527394656644814,0.00011762043615540306,0.0008427004340952342,0.00023605912099078016,0.9925944522411633
3,plate12,3,BL_EU4,0.5,D,0.03,0.007478719371589264,0.0001944178237220528,0.00047080901621140986,0.000390188191982936,0.989964737742835
4,plate12,3,BL_EU4,0.5,E,0.06,0.011434541005975197,0.00011148216604877209,0.0006273917819635218,0.00022373987805938232,0.9985762106837409
5,plate12,3,BL_EU4,0.5,F,0.1,0.014416525798856054,0.00020980191729365398,0.0004083612493999801,0.0004210634234989466,0.9968332637621917
6,plate12,3,BL_EU4,0.5,G,0.2,0.018151193631945624,0.0001438363739354212,-0.00011272068045142716,0.0002886735279528648,0.9990589559425659
7,plate12,3,BL_EU4,0.5,H,0.5,0.020972270644041294,0.00013887448399188098,0.00015983765443213174,0.00027871514110679754,0.9993427043704308
