,Plate,Column,E_name,E_conc,Row,S_conc,slope,slope stderr,int,int stderr,RSQ
0,plate08,11,BL_Z9N,0.5,A,0.005,0.0027371781450771346,0.00014480749056502645,0.00038743346837112304,0.0002906223661351573,0.9597091157399426
1,plate08,11,BL_Z9N,0.5,B,0.01,0.005029073844270463,0.00016509329419539304,5.3520868908487976e-05,0.00033133500363205276,0.98409221813435
2,plate08,11,BL_Z9N,0.5,C,0.02,0.008642104940254981,0.00016043752459363872,0.000730559730197225,0.00032199115041933854,0.9948569034178463
3,plate08,11,BL_Z9N,0.5,D,0.03,0.011756021203220205,0.00015388983833066166,0.0007524757138138406,0.0003088502676861212,0.9974362499780186
4,plate08,11,BL_Z9N,0.5,E,0.06,0.01740081147461158,0.00017409590402730425,0.001401112279801873,0.00034940292630690375,0.9985007376098455
5,plate08,11,BL_Z9N,0.5,F,0.1,0.021718047190248946,0.0001765032203013455,0.0008643307777359481,0.0003542343447599108,0.9990102513295545
6,plate08,11,BL_Z9N,0.5,G,0.2,0.026481608190312374,0.0001955864741211847,0.0007181010313255494,0.0003925336200632646,0.9991824299416657
7,plate08,11,BL_Z9N,0.5,H,0.5,0.030684693952927045,0.00012733941955823372,-0.00030234443911783906,0.0002555647370472354,0.9997417371074996
