,Plate,Column,E_name,E_conc,Row,S_conc,slope,slope stderr,int,int stderr,RSQ
0,plate06,1,Blank,0.0,A,0.005,0.00020049836157711706,0.00021132248064357345,-0.00033288543434371317,0.00042411506684195366,0.05661456735434567
1,plate06,1,Blank,0.0,B,0.01,6.0081668611751186e-05,0.00013417815311314902,-4.5937492290304974e-05,0.0002692897452606303,0.013190533231340118
2,plate06,1,Blank,0.0,C,0.02,0.00011222256893379683,0.0001471633334067815,-1.656535407851938e-05,0.0002953504415089889,0.0373208306037115
3,plate06,1,Blank,0.0,D,0.03,-3.668447824204626e-05,0.00015560191023197533,5.556324328410455e-05,0.00031228629601974127,0.0036917971874953492
4,plate06,1,Blank,0.0,E,0.06,0.00023567130836796708,0.00013479069325232206,-0.0004142969216414368,0.0002705190855611873,0.16929663930927386
5,plate06,1,Blank,0.0,F,0.1,-0.0002758812941002894,0.0001742245890882389,0.00055139366289414,0.0003496612077432654,0.14322000393826206
6,plate06,1,Blank,0.0,G,0.2,0.0002341029465686788,8.085118202204283e-05,-0.00029581979621800034,0.00016226482233948526,0.35853032292781306
7,plate06,1,Blank,0.0,H,0.5,3.051304209090415e-05,0.00013485100598205528,9.222329512663911e-05,0.0002706401252421872,0.00340166286157062
