,Plate,Column,E_name,E_conc,Row,S_conc,slope,slope stderr,int,int stderr,RSQ
0,plate11,6,BL_49C,0.5,A,0.005,0.00018029781868277793,0.00012543108994952964,-8.798719082811027e-05,0.0002517347668563207,0.12106924970799726
1,plate11,6,BL_49C,0.5,B,0.01,0.0004210540938095561,0.00015915071526006298,-0.0003064307584572822,0.0003194085961291178,0.3181621194115881
2,plate11,6,BL_49C,0.5,C,0.02,0.000506740498870268,0.00017127243809320476,0.00013683640380218512,0.0003437363581582515,0.36852192014352014
3,plate11,6,BL_49C,0.5,D,0.03,0.0008784657036342462,0.0001749438866477287,-0.00018624709529038196,0.0003511048014469374,0.6270011661066419
4,plate11,6,BL_49C,0.5,E,0.06,0.0015399776235637136,0.00016219543964530008,2.1577443640368992e-05,0.00032551931426110696,0.8573425145383745
5,plate11,6,BL_49C,0.5,F,0.1,0.00238086444307096,0.0001382636072548257,-0.00011290600562631358,0.0002774890874738293,0.9518489479928905
6,plate11,6,BL_49C,0.5,G,0.2,0.004253089514390137,0.00010964031270535435,3.182112382368711e-05,0.00022004337352077364,0.990130049398727
7,plate11,6,BL_49C,0.5,H,0.5,0.007797305464493761,0.00017378892205321123,0.0003060223796522407,0.00034878686702889634,0.9926035680331423
