,Plate,Column,E_name,E_conc,Row,S_conc,slope,slope stderr,int,int stderr,RSQ
0,plate00,9,wt1,0.5,A,0.005,0.002074549929177485,0.00012493630554303832,-0.0002426292730985117,0.0002507417552047035,0.9484042094644244
1,plate00,9,wt1,0.5,B,0.01,0.0034626128599135973,0.0002118957147445427,0.0003761614679432266,0.00042526553872598844,0.946814565411655
2,plate00,9,wt1,0.5,C,0.02,0.0064720289200493305,0.00015900311554258386,-0.0005995132559516164,0.00031911237133609016,0.9910276256260044
3,plate00,9,wt1,0.5,D,0.03,0.008117445733569536,0.00017551923899069807,0.0003605040483434249,0.00035225950223885505,0.9930358701018233
4,plate00,9,wt1,0.5,E,0.06,0.011948574402529243,0.00014169665875069393,0.0005353400870053927,0.00028437907979748695,0.9978949465253774
5,plate00,9,wt1,0.5,F,0.1,0.015151394980753654,0.0001435160758167968,-0.00021126631559700368,0.0002880305811508582,0.9986559883492993
6,plate00,9,wt1,0.5,G,0.2,0.018005490046827673,0.00014511452648081693,0.0001806407146861152,0.0002912384172972358,0.9990266273914478
7,plate00,9,wt1,0.5,H,0.5,0.020604636745902,0.00016913180318306389,0.00018148744363673014,0.00033944032740339773,0.9989903451804925
