,Plate,Column,E_name,E_conc,Row,S_conc,slope,slope stderr,int,int stderr,RSQ
0,plate08,8,BL_B9Y,0.5,A,0.005,7.62925552243289e-05,0.0001353541027440189,0.00031092999456293927,0.0002716498266860754,0.020740910231094034
1,plate08,8,BL_B9Y,0.5,B,0.01,0.0003138846702193855,0.00010604068832586235,0.0002084998511440909,0.00021281907159972726,0.36873564746939447
2,plate08,8,BL_B9Y,0.5,C,0.02,0.0007037600224179478,0.00015447442803400753,0.00010902713798589207,0.0003100234781273814,0.5804857104426802
3,plate08,8,BL_B9Y,0.5,D,0.03,0.0012498104842899233,0.0001913908940796239,-0.0005405672566978834,0.00038411323710781645,0.7397767283664786
4,plate08,8,BL_B9Y,0.5,E,0.06,0.002049183732402069,0.00011416648949917819,-1.7465284006281637e-05,0.00022912728970086101,0.9555118584931429
5,plate08,8,BL_B9Y,0.5,F,0.1,0.0031416332336580634,9.474781198202447e-05,0.00023198334936324198,0.0001901547522331475,0.986540362251042
6,plate08,8,BL_B9Y,0.5,G,0.2,0.005853448932772481,0.0001651238497569046,-0.00024896723101589424,0.00033139646627886493,0.9882040206533278
7,plate08,8,BL_B9Y,0.5,H,0.5,0.010829196377886974,0.0001309955358579026,-0.0002687978365412308,0.0002629023323171944,0.9978099220371816
