,Plate,Column,E_name,E_conc,Row,S_conc,slope,slope stderr,int,int stderr,RSQ
0,plate10,5,BL_GW7,0.5,A,0.005,8.174161601624182e-05,0.0001380880892106091,0.00048343994433069405,0.000277136816051487,0.022827271331883447
1,plate10,5,BL_GW7,0.5,B,0.01,0.0006322449133209247,0.00014955812680952064,-0.0003806198361517435,0.0003001566868262151,0.5436717319549285
2,plate10,5,BL_GW7,0.5,C,0.02,0.0010078307144391935,0.00016258605504276263,-2.333293393683902e-05,0.0003263031958981129,0.7192301154954657
3,plate10,5,BL_GW7,0.5,D,0.03,0.0013629076692508897,0.00017760787579523555,9.94376933998502e-06,0.00035645133440575654,0.7969829614215328
4,plate10,5,BL_GW7,0.5,E,0.06,0.0025467211030456042,0.00019126143489281105,0.00029243196308124253,0.0003838534347002889,0.9219967485194747
5,plate10,5,BL_GW7,0.5,F,0.1,0.004309687289215431,0.0001709220845885059,-3.177851917843696e-06,0.0003430318261167492,0.9769506964091451
6,plate10,5,BL_GW7,0.5,G,0.2,0.007343417635495327,0.00015435006665732426,0.00012798251746165903,0.00030977397775316197,0.9934167522422516
7,plate10,5,BL_GW7,0.5,H,0.5,0.013487884431834659,0.0001577722002428929,0.00025306504380233206,0.00031664202202016597,0.9979517915184352
