,Plate,Column,E_name,E_conc,Row,S_conc,slope,slope stderr,int,int stderr,RSQ
0,plate02,2,BL_4KH,0.5,A,0.005,0.0017052904322487576,0.00014497484165973174,-1.3163988648501105e-05,0.000290958047576141,0.9021912221063457
1,plate02,2,BL_4KH,0.5,B,0.01,0.003048089259116396,0.00012572928137528165,0.0003679530585286639,0.00025233321689781133,0.9751134996569583
2,plate02,2,BL_4KH,0.5,C,0.02,0.005754337090396254,0.0001232374787451477,-0.00020843671155176455,0.0002473322947351231,0.993167044918013
3,plate02,2,BL_4KH,0.5,D,0.03,0.007052524401606285,0.00015073886230467385,0.0005897042307321728,0.00030252637761389204,0.9931940813664272
4,plate02,2,BL_4KH,0.5,E,0.06,0.01083325362575318,0.00015399937012817945,0.0004278814323868995,0.00030907010431485335,0.996977981640929
5,plate02,2,BL_4KH,0.5,F,0.1,0.013515696175910308,0.00018077820912909792,4.3664291042300185e-05,0.0003628143444140125,0.9973236344695867
6,plate02,2,BL_4KH,0.5,G,0.2,0.01625596680132868,0.0001351670482341404,4.2545786898218196e-05,0.0002712747623159264,0.9989639952221162
7,plate02,2,BL_4KH,0.5,H,0.5,0.018667120242325787,0.00012535694010100943,0.0001770507695281386,0.00025158582903464846,0.9993240112541433
