,Plate,Column,E_name,E_conc,Row,S_conc,slope,slope stderr,int,int stderr,RSQ
0,plate12,5,BL_7DD,0.5,A,0.005,0.0023363270339097322,0.0001363583542254213,0.00048262913951802543,0.0002736653088526697,0.9513878245582031
1,plate12,5,BL_7DD,0.5,B,0.01,0.004692225230642894,0.00016396479906273745,0.0008937891886543836,0.0003290702653906744,0.9820132703834222
2,plate12,5,BL_7DD,0.5,C,0.02,0.008830740986799047,0.0001338760639759197,0.0006731938690632791,0.00026868347488036466,0.996564354838016
3,plate12,5,BL_7DD,0.5,D,0.03,0.01238568959733754,0.0001757265399635105,0.0008358360020219657,0.0003526755547366638,0.9969896544940257
4,plate12,5,BL_7DD,0.5,E,0.06,0.020025274294049166,0.00014026281649207381,0.00035483974837510925,0.0002815013873058268,0.9992646403996598
5,plate12,5,BL_7DD,0.5,F,0.1,0.026451004727969137,0.0001429358716118613,0.00047009037308655123,0.000286866129554029,0.9995621757228277
6,plate12,5,BL_7DD,0.5,G,0.2,0.03449168208572101,0.00017072406649370703,0.0003498674220996676,0.0003426356397105653,0.9996326404730769
7,plate12,5,BL_7DD,0.5,H,0.5,0.042174753581165736,0.0001416684624236119,7.026524886488694e-06,0.00028432014867167096,0.999830774422304
