,Plate,Column,E_name,E_conc,Row,S_conc,slope,slope stderr,int,int stderr,RSQ
0,plate11,11,BL_3N7,0.5,A,0.005,0.0004314936618320998,0.00013598544735288258,-0.00022011017401888627,0.00027291690715521336,0.40163906491282864
1,plate11,11,BL_3N7,0.5,B,0.01,0.0003917939187489598,0.00015656619312541493,-8.031744444829803e-06,0.0003142216206402834,0.294519076461782
2,plate11,11,BL_3N7,0.5,C,0.02,0.0007981710133419335,0.0001823326481715099,8.429787361277501e-05,0.00036593372508535513,0.5609282499836641
3,plate11,11,BL_3N7,0.5,D,0.03,0.001264490903142359,0.00011207001392794056,3.575955000939925e-05,0.0002249196907229051,0.8945941253192857
4,plate11,11,BL_3N7,0.5,E,0.06,0.002503050094554276,0.00015503387826432745,-0.0001909154292337129,0.0003111462743014965,0.9455865002100278
5,plate11,11,BL_3N7,0.5,F,0.1,0.0036224734656504654,0.0001496526774841916,0.0005143746761086262,0.00030034645473779505,0.975038444555218
6,plate11,11,BL_3N7,0.5,G,0.2,0.006476988271006971,0.0001438240971490405,0.0004140415621175108,0.0002886487096915484,0.9926581085832463
7,plate11,11,BL_3N7,0.5,H,0.5,0.012267655024929547,0.0001435639834946504,-2.3647559123096684e-05,0.0002881270132936453,0.9979499456998795
