,Plate,Column,E_name,E_conc,Row,S_conc,slope,slope stderr,int,int stderr,RSQ
0,plate08,7,BL_R77,0.5,A,0.005,0.00252289359706488,0.00013495293490640365,-0.00020744851410124207,0.0002708447013570168,0.9588464663193063
1,plate08,7,BL_R77,0.5,B,0.01,0.004346990653491137,7.834811016289626e-05,0.0002760201345877355,0.00015724125384044491,0.99515091641962
2,plate08,7,BL_R77,0.5,C,0.02,0.007511489068350482,0.00016722009440316417,0.0005847306007915696,0.0003356034773899685,0.992620967233994
3,plate08,7,BL_R77,0.5,D,0.03,0.01021479783987908,0.0001197338026346721,0.0006038467947975671,0.0002403005778608781,0.9979432984628723
4,plate08,7,BL_R77,0.5,E,0.06,0.016184451091861656,0.00017388662793308158,-0.0002473404414415151,0.0003489830075595112,0.9982714691628233
5,plate08,7,BL_R77,0.5,F,0.1,0.02025137312011228,0.0001409121871635513,6.079147178526426e-05,0.0002828042547922241,0.9992742894156004
6,plate08,7,BL_R77,0.5,G,0.2,0.025292304969400825,0.00012381491000133387,-2.9133721626273257e-05,0.00024849186408013404,0.9996406604731642
7,plate08,7,BL_R77,0.5,H,0.5,0.029575107879865614,0.00017714194585468932,-0.00021337597408477293,0.00035551612752852355,0.9994621680009086
