,Plate,Column,Enzyme,E_Conc,Row,S_Conc,slope,slope stderr,int,int stderr,RSQ
0,plate01,3,BL_oaO,0.5,A,0.005,0.07532402970518293,0.00010803192007107381,0.0015338595032702094,0.00021681542177923654,0.9999691457262995
1,plate01,3,BL_oaO,0.5,B,0.01,0.14617088621279406,0.0001959273127188151,0.0028130768099685548,0.00039321762239212255,0.9999730506829186
2,plate01,3,BL_oaO,0.5,C,0.02,0.27594172510818576,0.0003243467137966788,0.004720310079422709,0.0006509498072945539,0.9999792763373654
3,plate01,3,BL_oaO,0.5,D,0.03,0.39189793051612626,0.00041488565294476465,0.005933203583670179,0.0008326576431412445,0.9999831889344727
4,plate01,3,BL_oaO,0.5,E,0.06,0.6754722575111749,0.0005375605306406087,0.007501557404910595,0.0010788608395497267,0.9999904999206309
5,plate01,3,BL_oaO,0.5,F,0.1,0.9498243305477609,0.0005476581809469206,0.007552005166797432,0.0010991267532143706,0.9999950131971518
6,plate01,3,BL_oaO,0.5,G,0.2,1.3639221926188339,0.000402986303761415,0.005618984111598802,0.0008087768040359264,0.9999986905352023
7,plate01,3,BL_oaO,0.5,H,0.5,1.8432351757571288,0.0001732911188062137,0.002075078736219996,0.00034778657989866055,0.9999998674198518
