,Plate,Column,Enzyme,E_Conc,Row,S_Conc,slope,slope stderr,int,int stderr,RSQ
0,plate01,11,BL_X9n,0.5,A,0.005,0.04565586777842041,3.597654362123245e-05,0.0005168074975714311,7.220334822890623e-05,0.9999906860795961
1,plate01,11,BL_X9n,0.5,B,0.01,0.08390811630237517,5.3415313612882404e-05,0.000787122715143237,0.0001072023357217504,0.9999939212569494
2,plate01,11,BL_X9n,0.5,C,0.02,0.14431713330631626,7.403475836824247e-05,0.0010244330121702092,0.0001485844071369207,0.9999960524891581
3,plate01,11,BL_X9n,0.5,D,0.03,0.18984293007258485,7.703081829841197e-05,0.0010554024899179864,0.00015459746053276332,0.999997530387113
4,plate01,11,BL_X9n,0.5,E,0.06,0.27707588815516115,5.699452921226745e-05,0.0008418609550612376,0.00011438531755643029,0.9999993653142646
5,plate01,11,BL_X9n,0.5,F,0.1,0.3392725669583474,4.6386176208116375e-05,0.0005384471325155789,9.309484516312506e-05,0.9999997196054666
6,plate01,11,BL_X9n,0.5,G,0.2,0.40769239943100677,3.9757151749841824e-05,0.00022544304373100778,7.978999463082038e-05,0.9999998573652304
7,plate01,11,BL_X9n,0.5,H,0.5,0.46362134913095626,4.583631280414797e-05,-1.7677878678209024e-05,9.201204193195414e-05,0.9999998531943353
