,Plate,Column,E_name,E_conc,Row,S_conc,slope,slope stderr,int,int stderr,RSQ
0,plate05,6,BL_T9W,0.5,A,0.005,0.00012045015915708653,0.00014520344750717417,0.0003225946982169401,0.0002914170324510146,0.04386217075085341
1,plate05,6,BL_T9W,0.5,B,0.01,0.00032694992416143406,0.00013389378775057405,0.0004114324537447417,0.00026871903361533995,0.2844426998074756
2,plate05,6,BL_T9W,0.5,C,0.02,0.0009271027387509553,0.0001348217192369832,-0.00023092947562706675,0.0002705813474477141,0.7591768778365419
3,plate05,6,BL_T9W,0.5,D,0.03,0.0011281322996069692,0.00014435791059635053,0.00023118238967420108,0.0002897200689910913,0.8028172027470257
4,plate05,6,BL_T9W,0.5,E,0.06,0.001954240046555336,0.00014393974661045607,0.00012860002758881278,0.0002888808382232859,0.9247476362853577
5,plate05,6,BL_T9W,0.5,F,0.1,0.003193080151807868,0.00013337733153681244,-0.0002529252235145437,0.00026768253306521034,0.9744955699577224
6,plate05,6,BL_T9W,0.5,G,0.2,0.00437950850232765,0.00010714842376776328,6.799168609688278e-05,0.00021504228600784068,0.9911012172330532
7,plate05,6,BL_T9W,0.5,H,0.5,0.006231859122748909,0.00014426390521619727,-0.00010519727341108528,0.00028953145934905027,0.9920256561809604
