,Plate,Column,E_name,E_conc,Row,S_conc,slope,slope stderr,int,int stderr,RSQ
0,plate01,1,Blank,0.0,A,0.005,0.0003333625219118366,0.0001555757400142929,-0.0004994146894368365,0.0003122337754052168,0.23435986198076353
1,plate01,1,Blank,0.0,B,0.01,-5.82582387768812e-05,0.0001555520943821591,4.8196664006680434e-05,0.0003121863204272215,0.009264664417875879
2,plate01,1,Blank,0.0,C,0.02,9.560807453346738e-05,0.0001312885175839083,-0.00027909810686133155,0.00026349036921857044,0.03414722015452665
3,plate01,1,Blank,0.0,D,0.03,0.00014218662974844072,0.00012237675559561873,-0.00024553356900446614,0.0002456048530783678,0.0825663449434435
4,plate01,1,Blank,0.0,E,0.06,-0.00014436440748152881,9.742120288468042e-05,0.00019983149903205936,0.00019552013545880598,0.1276992343412241
5,plate01,1,Blank,0.0,F,0.1,4.012979476676274e-06,0.00014718552316248922,9.376103025388651e-05,0.00029539497032700607,4.9559611946525806e-05
6,plate01,1,Blank,0.0,G,0.2,-3.491362254125724e-05,0.00019671789066872753,0.00013443251742609072,0.00039480428922828776,0.002095561959330472
7,plate01,1,Blank,0.0,H,0.5,-0.0001963229723381383,0.00015107630752228638,0.00023618871128355473,0.000303203608082976,0.10118759877790418
