,Plate,Column,Enzyme,E_Conc,Row,S_Conc,slope,slope stderr,int,int stderr,RSQ
0,plate01,6,BL_FWY,0.5,A,0.005,0.39293866415085715,0.002827421633194384,0.041364831306851965,0.005674512608595475,0.9992239572099225
1,plate01,6,BL_FWY,0.5,B,0.01,0.6813828534947937,0.0035237964925957854,0.050398785903684254,0.007072107344064727,0.9995989889721019
2,plate01,6,BL_FWY,0.5,C,0.02,1.0652315013538942,0.0031241533984707626,0.04425734364475005,0.006270040244006797,0.9998709933996625
3,plate01,6,BL_FWY,0.5,D,0.03,1.3037374772277825,0.0024540402041459386,0.03451724809435091,0.004925152878860086,0.9999468563796817
4,plate01,6,BL_FWY,0.5,E,0.06,1.6648727379966877,0.0012373748585881607,0.016935431009180903,0.002483358405697391,0.9999917143184993
5,plate01,6,BL_FWY,0.5,F,0.1,1.863763772902846,0.0005828567844540945,0.008292659343944932,0.0011697676472377208,0.9999985329948109
6,plate01,6,BL_FWY,0.5,G,0.2,2.0418391906833953,0.00024590945170191084,0.00254314921218015,0.0004935301763681643,0.9999997824271246
7,plate01,6,BL_FWY,0.5,H,0.5,2.162808812814659,0.0002239553218738256,0.00037306969920244775,0.00044947024674859697,0.9999998391660598
