,Plate,Column,E_name,E_conc,Row,S_conc,slope,slope stderr,int,int stderr,RSQ
0,plate02,5,BL_7QH,0.5,A,0.005,0.0007154741125415172,0.00015953876939527707,-0.00041176362795361656,0.00032018740254598763,0.5727956921063371
1,plate02,5,BL_7QH,0.5,B,0.01,0.0007623837047633356,0.00013909118690522327,0.00011785805758053743,0.00027914999167405084,0.6669872947692729
2,plate02,5,BL_7QH,0.5,C,0.02,0.0014857427995202954,0.00015342666188230498,9.264574849510154e-07,0.00030792150861753406,0.8620954467553501
3,plate02,5,BL_7QH,0.5,D,0.03,0.0018073277015070225,0.00011383345420908723,0.0001815304470952842,0.0002284588219612289,0.9438365105350979
4,plate02,5,BL_7QH,0.5,E,0.06,0.002879466890598561,0.00012644884530401735,-0.0002834320340756092,0.00025377735518927606,0.9718866604961023
5,plate02,5,BL_7QH,0.5,F,0.1,0.0034383135709218017,0.0001443819668498065,-0.00029364229982245814,0.0002897683617643143,0.9742315370842068
6,plate02,5,BL_7QH,0.5,G,0.2,0.004109881556015575,0.00012879243795965188,-0.0002239810874955288,0.0002584808593995655,0.9854834711284125
7,plate02,5,BL_7QH,0.5,H,0.5,0.004612221739743317,0.00013837237662930586,-0.000312006760476251,0.00027770737770103855,0.9866787341939324
