,Plate,Column,E_name,E_conc,Row,S_conc,slope,slope stderr,int,int stderr,RSQ
0,plate08,2,BL_TUB,0.5,A,0.005,0.00023233902458679004,0.00016045312818450247,-0.00027433061123434334,0.00032202248079421774,0.12264058494146424
1,plate08,2,BL_TUB,0.5,B,0.01,0.0005204871119191402,0.00016530776758995322,-0.0002196659873456563,0.00033176553414111294,0.39792035657791036
2,plate08,2,BL_TUB,0.5,C,0.02,0.0009762760633968825,0.00012128324525811965,-0.00023772800313345417,0.00024341022191425095,0.812019069058723
3,plate08,2,BL_TUB,0.5,D,0.03,0.00136614475591047,0.00015801325036164253,-3.348840540528374e-05,0.000317125751348753,0.8328676606894665
4,plate08,2,BL_TUB,0.5,E,0.06,0.002529819817871258,0.00011709179715795252,-3.8817289150399436e-05,0.00023499813677602688,0.9688664206011569
5,plate08,2,BL_TUB,0.5,F,0.1,0.0038888057484819517,0.0001021684220906816,-0.00011643581425562451,0.00020504762162873607,0.9897524779098347
6,plate08,2,BL_TUB,0.5,G,0.2,0.0066239715179456935,0.00015595077164592592,-0.0003010188360764357,0.00031298645533369,0.9917541830326192
7,plate08,2,BL_TUB,0.5,H,0.5,0.011631695472910592,0.0001339456422292435,0.00040834985410746294,0.0002688231013001625,0.9980148214419329
