,Plate,Column,E_name,E_conc,Row,S_conc,slope,slope stderr,int,int stderr,RSQ
0,plate06,7,BL_6JO,0.5,A,0.005,0.0016793643362226491,0.00010597749332388464,0.00023026774496077363,0.00021269224544160568,0.9436321430747682
1,plate06,7,BL_6JO,0.5,B,0.01,0.003117246655002372,0.00013833399630540496,-0.0001346015875200767,0.0002776303404631477,0.9713078185673603
2,plate06,7,BL_6JO,0.5,C,0.02,0.005410804412167448,0.00011913675420012114,-0.0004967965361189889,0.00023910231486930743,0.9927804136166072
3,plate06,7,BL_6JO,0.5,D,0.03,0.006430866291004363,0.0001123099450932351,0.00034295236496034655,0.0002254012154086199,0.9954458589755188
4,plate06,7,BL_6JO,0.5,E,0.06,0.009367462614039283,0.00012497534162163998,0.00014984074754338712,0.00025082006896217713,0.9973372033285898
5,plate06,7,BL_6JO,0.5,F,0.1,0.011407121149888422,0.0001151728628902562,-0.00035927911450815464,0.0002311469639558077,0.9984732218070294
6,plate06,7,BL_6JO,0.5,G,0.2,0.013319403165647602,0.00013877143743587587,-0.00022099049917046626,0.00027850821440228326,0.9983743965901004
7,plate06,7,BL_6JO,0.5,H,0.5,0.014710482977803974,0.00015154282341757645,1.7278057840020011e-06,0.00030415201022592067,0.9984102774953865
