,Plate,Column,E_name,E_conc,Row,S_conc,slope,slope stderr,int,int stderr,RSQ
0,plate08,12,BL_MN2,0.5,A,0.005,0.0001777059992103413,0.00013052020516820642,9.971735528667591e-05,0.00026194840197031876,0.10998979031445022
1,plate08,12,BL_MN2,0.5,B,0.01,0.0005728183726791773,0.00011131101304853731,-0.00010249589301193026,0.00022339638003812665,0.6384010265657192
2,plate08,12,BL_MN2,0.5,C,0.02,0.0011139213532923306,0.00014319767591383038,-0.0001676345183078577,0.00028739153128801414,0.8013544764770163
3,plate08,12,BL_MN2,0.5,D,0.03,0.0011406388551963539,0.00013584567222996857,0.0006494534599186097,0.00027263638244634676,0.8245666031224215
4,plate08,12,BL_MN2,0.5,E,0.06,0.002709102804975146,0.00015131208256662914,0.00022484664288097687,0.0003036767988798886,0.9552980452938531
5,plate08,12,BL_MN2,0.5,F,0.1,0.0042690326542583,0.00011758527225048875,0.0001350623031982196,0.00023598857016083764,0.9887481455894092
6,plate08,12,BL_MN2,0.5,G,0.2,0.007963700962609052,0.00013985278305166828,-0.0004473922299963277,0.00028067849424189727,0.995395322108005
7,plate08,12,BL_MN2,0.5,H,0.5,0.014809576137056071,0.0001775733315318493,0.00012264349217156018,0.0003563819063542049,0.9978480858023825
