,Plate,Column,E_name,E_conc,Row,S_conc,slope,slope stderr,int,int stderr,RSQ
0,plate03,10,BL_IQ5,0.5,A,0.005,0.0005250326409873584,0.00019249087474518245,0.00016328751049099965,0.0003863208549573419,0.33154028084958487
1,plate03,10,BL_IQ5,0.5,B,0.01,0.0010869560499088065,0.00010925422640716254,0.0001566947543388689,0.00021926849953685446,0.8683979717641889
2,plate03,10,BL_IQ5,0.5,C,0.02,0.0019216132641382995,0.00014933231029079467,0.00046723996217388526,0.0002997034803700001,0.916937222336131
3,plate03,10,BL_IQ5,0.5,D,0.03,0.003182185770576919,0.00016326009664160922,0.00017581271301610576,0.00032765595098871236,0.9620175129746179
4,plate03,10,BL_IQ5,0.5,E,0.06,0.006312799492971361,0.00014903098392267934,-0.0003624718562383713,0.0002990987347281035,0.9917094198176044
5,plate03,10,BL_IQ5,0.5,F,0.1,0.009259785620832961,0.00016965192748633848,0.0003091918788134787,0.0003404840965275479,0.9949901364042953
6,plate03,10,BL_IQ5,0.5,G,0.2,0.01574465872604672,0.00014327636076542276,-9.851638089153972e-05,0.00028754969414765267,0.9987593859189031
7,plate03,10,BL_IQ5,0.5,H,0.5,0.025753721169032164,0.00012660191650644374,0.00013904548166099797,0.00025408442456715516,0.9996376466844908
