,Plate,Column,E_name,E_conc,Row,S_conc,slope,slope stderr,int,int stderr,RSQ
0,plate09,12,BL_CYO,0.5,A,0.005,0.0001847898168902192,0.00017148841909353542,0.0002110497526298017,0.0003441698328341201,0.071847945557867
1,plate09,12,BL_CYO,0.5,B,0.01,0.0004292332997490448,0.00011453603165282202,-0.00037378142764565967,0.00022986885482782418,0.4835489569350113
2,plate09,12,BL_CYO,0.5,C,0.02,0.0007745098597055934,0.0001253036167615113,-0.00022456169382708972,0.0002514789342929652,0.7180746446155417
3,plate09,12,BL_CYO,0.5,D,0.03,0.0010145793563942239,0.00013715426674556737,0.00022806501067865778,0.0002752626678764747,0.7848565476482336
4,plate09,12,BL_CYO,0.5,E,0.06,0.0018809251203017168,0.00010421939666569481,0.000539835695561474,0.00020916381314340678,0.9559757284778854
5,plate09,12,BL_CYO,0.5,F,0.1,0.0031070675782649167,0.00016332986873268164,9.458969417677563e-05,0.0003277959391591061,0.960200027526534
6,plate09,12,BL_CYO,0.5,G,0.2,0.005329673664643425,0.00016974797364246392,-0.0003818787709377418,0.000340676837886835,0.9850121003086914
7,plate09,12,BL_CYO,0.5,H,0.5,0.00864845265360914,0.00010652619951908722,-4.34898949372986e-05,0.00021379331999059545,0.9977294113096868
