,Plate,Column,E_name,E_conc,Row,S_conc,slope,slope stderr,int,int stderr,RSQ
0,plate05,8,BL_0G3,0.5,A,0.005,0.00015797740283444948,0.0001112214264537811,0.00013009460505051265,0.0002232165871575285,0.11855430622358598
1,plate05,8,BL_0G3,0.5,B,0.01,0.00029108943320031315,0.0001186933378468573,2.524974326152175e-05,0.00023821239747808852,0.28620745822671345
2,plate05,8,BL_0G3,0.5,C,0.02,0.000707839348293733,9.661853682364432e-05,-0.000249972878972748,0.0001939092185151901,0.7815706479528208
3,plate05,8,BL_0G3,0.5,D,0.03,0.0005260969756408062,0.00013585840815614466,0.0005693373852416779,0.00027266194114354287,0.49992361309359723
4,plate05,8,BL_0G3,0.5,E,0.06,0.001581578574696302,0.00011732981713579203,-0.0003300446728071298,0.00023547586160779208,0.9237433328440304
5,plate05,8,BL_0G3,0.5,F,0.1,0.002248134444005128,0.00018386176264167698,-0.00042542389461956525,0.00036900258434702227,0.9088185123918855
6,plate05,8,BL_0G3,0.5,G,0.2,0.0034526329077190173,0.00014111281745875963,-4.012999626350972e-05,0.0002832073669132275,0.9755558145259001
7,plate05,8,BL_0G3,0.5,H,0.5,0.005533865368892373,0.00011917473991820062,0.00026029517885295156,0.00023917855968349204,0.9930913725292668
