,Plate,Column,E_name,E_conc,Row,S_conc,slope,slope stderr,int,int stderr,RSQ
0,plate07,1,Blank,0.0,A,0.005,-1.3347965431320814e-05,0.00013274309796693009,-4.4583637061887547e-05,0.00026640965104957385,0.0006736360477137548
1,plate07,1,Blank,0.0,B,0.01,-0.0002714035438832355,9.536565258349648e-05,0.0006871561324828712,0.00019139473496147572,0.350629451123326
2,plate07,1,Blank,0.0,C,0.02,-7.66050859146177e-05,0.00016204815818420464,6.844827927778641e-05,0.0003252236361437845,0.014679564652859023
3,plate07,1,Blank,0.0,D,0.03,0.00016058747823418772,0.00016877500509386616,-0.00023425117047179276,0.00033872413048092104,0.056919936553301964
4,plate07,1,Blank,0.0,E,0.06,0.00011054267531616394,0.0001990576698123814,-0.00014871668009287502,0.0003995001218205782,0.020145246785557513
5,plate07,1,Blank,0.0,F,0.1,0.0001363046870235379,0.0001259759790168546,-0.0004375516576742722,0.00025282833720632306,0.07239644569791504
6,plate07,1,Blank,0.0,G,0.2,2.90515039316056e-06,0.00013961159889622524,-9.752274305222761e-06,0.0002801944366772862,2.8867307976798706e-05
7,plate07,1,Blank,0.0,H,0.5,7.043870290964967e-05,0.00017250357647358633,-1.2377779777640764e-05,0.00034620721068832574,0.010993498752921771
