,Plate,Column,E_name,E_conc,Row,S_conc,slope,slope stderr,int,int stderr,RSQ
0,plate11,9,BL_MO7,0.5,A,0.005,0.00034427481608838176,0.00013341649360623553,-0.0003530301862223538,0.0002677611267380641,0.30743865126656256
1,plate11,9,BL_MO7,0.5,B,0.01,0.0004671640020749683,0.00011114430251100284,-0.00022632937931888646,0.00022306180477907805,0.5408218798324937
2,plate11,9,BL_MO7,0.5,C,0.02,0.0009563412235176164,0.00015427813755668592,-0.00012292510650312006,0.00030962954565539675,0.719233993998339
3,plate11,9,BL_MO7,0.5,D,0.03,0.0014698988994023181,0.00013332084580341968,-5.349352804260344e-06,0.00026756903011300345,0.8901554974808373
4,plate11,9,BL_MO7,0.5,E,0.06,0.002845689920861498,0.00011771662977753483,-0.0002043304645287014,0.0002362521730139214,0.974974372279155
5,plate11,9,BL_MO7,0.5,F,0.1,0.00434982033540898,0.00012334179740674983,0.00014218528046234353,0.00024754168215446545,0.9880831086105275
6,plate11,9,BL_MO7,0.5,G,0.2,0.0073694084484253455,0.00012613193908307817,0.0004032145228192518,0.0002531413424272001,0.9956250614025752
7,plate11,9,BL_MO7,0.5,H,0.5,0.014145227066624699,0.00016098404723309426,0.00035039456869032136,0.00032308794480049446,0.9980609279306291
