,Plate,Column,E_name,E_conc,Row,S_conc,slope,slope stderr,int,int stderr,RSQ
0,plate08,9,BL_1MO,0.5,A,0.005,0.0015412808279656612,0.00012403543924276663,-0.0003840011494419648,0.0002489337576331716,0.9114567687273634
1,plate08,9,BL_1MO,0.5,B,0.01,0.002163572728768056,0.00016777446094005718,0.000624701692869468,0.0003367160729005238,0.917264040998213
2,plate08,9,BL_1MO,0.5,C,0.02,0.004205564822241992,0.0001311503583345933,-1.7554819455867232e-06,0.00026321676199197303,0.9856213019183142
3,plate08,9,BL_1MO,0.5,D,0.03,0.0054058371171672075,0.00018190636607716504,0.00010678083028786727,0.00036507823202646826,0.983298837012282
4,plate08,9,BL_1MO,0.5,E,0.06,0.007891420062680505,9.74325949310906e-05,-0.00033958171102443403,0.0001955429775376638,0.9977186218952631
5,plate08,9,BL_1MO,0.5,F,0.1,0.009174787366194832,0.00017163930285134292,2.3964832812100196e-05,0.0003444726370587737,0.9947777365209188
6,plate08,9,BL_1MO,0.5,G,0.2,0.010768259889768393,0.00011815698686702992,7.109674146419023e-05,0.0002371359470041891,0.9981972552769068
7,plate08,9,BL_1MO,0.5,H,0.5,0.01180858838629754,0.000137973163249974,0.0002906897312011976,0.00027690615321265144,0.9979564011511118
