,Plate,Column,E_name,E_conc,Row,S_conc,slope,slope stderr,int,int stderr,RSQ
0,plate09,1,Blank,0.0,A,0.005,0.00024057523258795942,0.00011603746097197625,-0.0005244725043569957,0.0002328821603539032,0.22273292168376202
1,plate09,1,Blank,0.0,B,0.01,5.640930124408129e-05,9.95859862066876e-05,-0.00015579698251502185,0.00019986476260261407,0.020942189591170224
2,plate09,1,Blank,0.0,C,0.02,-2.6863319986727894e-05,0.00012370002911208378,0.00020075424041815165,0.00024826060508190227,0.003134190233097134
3,plate09,1,Blank,0.0,D,0.03,7.0515950596838575e-06,0.00015759762862548602,-7.793344089742134e-06,0.00031629164138570346,0.00013345163562172857
4,plate09,1,Blank,0.0,E,0.06,0.0002527339609611274,8.863941581086242e-05,-0.0005315199624207941,0.00017789547145326753,0.35148258868918103
5,plate09,1,Blank,0.0,F,0.1,-0.00010454724725866785,0.0001705801369736602,0.0003518925914888753,0.0003423469494431288,0.0244306674141489
6,plate09,1,Blank,0.0,G,0.2,-9.205256737502975e-05,0.00016047336323597586,0.00014208466638159756,0.0003220630930468444,0.021465975713662266
7,plate09,1,Blank,0.0,H,0.5,0.00013887403407813058,0.00012879934805580656,-0.00037556158828585916,0.000258494717141019,0.07192910919801532
