,Plate,Column,E_name,E_conc,Row,S_conc,slope,slope stderr,int,int stderr,RSQ
0,plate06,9,BL_NUN,0.5,A,0.005,0.0001238855713180281,0.00012896451488817956,9.380460664124239e-05,0.00025882620136301153,0.05795379313767968
1,plate06,9,BL_NUN,0.5,B,0.01,0.0005626186101872085,0.0001536344482496732,-0.0006395643661002776,0.00030833768462018574,0.47202963757242844
2,plate06,9,BL_NUN,0.5,C,0.02,0.0003980337821533263,0.00012254699148311332,0.00016288124022239794,0.00024594650872561153,0.4129058459013215
3,plate06,9,BL_NUN,0.5,D,0.03,0.001005944378401753,0.0001408533414669596,-0.0005219140261110532,0.00028268656224141226,0.7727448348880356
4,plate06,9,BL_NUN,0.5,E,0.06,0.00130122363891917,0.00010316665991683965,-0.0001899257136293883,0.00020705101284218034,0.9138344663130844
5,plate06,9,BL_NUN,0.5,F,0.1,0.0018742250146197344,0.00011781616218555578,0.00014188993937333552,0.00023645192374907971,0.9440436209738503
6,plate06,9,BL_NUN,0.5,G,0.2,0.003353987546736945,0.00013817317815742567,-0.00025090175700884454,0.00027730758417425033,0.9751744891809285
7,plate06,9,BL_NUN,0.5,H,0.5,0.0053251461516823535,0.00012218793127572283,-0.00013469590566508706,0.000245225880372698,0.9921644674113755
