,Plate,Column,E_name,E_conc,Row,S_conc,slope,slope stderr,int,int stderr,RSQ
0,plate04,7,BL_SE7,0.5,A,0.005,0.0007146184697788178,0.0001552052062032133,-0.00017337140492168718,0.00031149013451169073,0.5856353598464283
1,plate04,7,BL_SE7,0.5,B,0.01,0.001179374322488745,9.623448981363659e-05,0.0005189670877054876,0.00019313845306489052,0.9091956290721243
2,plate04,7,BL_SE7,0.5,C,0.02,0.002717015499528486,0.00015110397800037045,-0.00010648365140025694,0.0003032591292417852,0.9556632638854798
3,plate04,7,BL_SE7,0.5,D,0.03,0.003643906299162607,0.0001814336691697805,0.00015402191374205843,0.0003641295420989839,0.9641461589409327
4,plate04,7,BL_SE7,0.5,E,0.06,0.00668309895015458,0.0001326844881270214,0.0006731679372675217,0.0002662920367940631,0.9941221891895415
5,plate04,7,BL_SE7,0.5,F,0.1,0.010745790093537004,0.00015250012038518258,-0.00031412007646986704,0.0003060611617317912,0.9969880696059464
6,plate04,7,BL_SE7,0.5,G,0.2,0.017366354704373574,0.0002007113025918203,-0.0003904221722690369,0.0004028189858353418,0.9980003739350776
7,plate04,7,BL_SE7,0.5,H,0.5,0.027367901078885426,0.00017721518874561318,-0.00011561042370056285,0.00035566324543976453,0.9993714566874483
