,Plate,Column,E_name,E_conc,Row,S_conc,slope,slope stderr,int,int stderr,RSQ
0,plate12,10,BL_KK7,0.5,A,0.005,5.4807755897112565e-06,0.00012759613420570718,0.0004999159215997314,0.00025607992754238446,0.00012299260441539506
1,plate12,10,BL_KK7,0.5,B,0.01,0.00033428494598531467,0.0001621824127291804,0.00015240241146302752,0.0003254930767989888,0.2207147410079009
2,plate12,10,BL_KK7,0.5,C,0.02,0.0009203278908058365,0.0001837447005811591,-9.472113957326427e-05,0.0003687676658139775,0.6258175181453389
3,plate12,10,BL_KK7,0.5,D,0.03,0.0012823971290311373,0.00013856474574425602,-0.00024424537309470956,0.0002780934510524091,0.8509722643305514
4,plate12,10,BL_KK7,0.5,E,0.06,0.0024539740771816554,0.00016495896571735435,-0.0004992241230721926,0.00033106549711520237,0.9365222909232451
5,plate12,10,BL_KK7,0.5,F,0.1,0.0032537395802265928,0.00011479238545377897,-8.719419251663158e-05,0.00023038337526076164,0.9816718497171416
6,plate12,10,BL_KK7,0.5,G,0.2,0.004807185158498465,0.00011539338731949824,0.0005858505979457846,0.00023158953075515687,0.9914309264985697
7,plate12,10,BL_KK7,0.5,H,0.5,0.00769956824198614,0.0001254943333792527,0.0003472680347011149,0.00025186167702668074,0.9960310154601348
