,Plate,Column,E_name,E_conc,Row,S_conc,slope,slope stderr,int,int stderr,RSQ
0,plate09,6,BL_ON3,0.5,A,0.005,0.00039416241657582916,0.00011163167848382781,-7.585176634154311e-05,0.00022403993976372646,0.4538978661119213
1,plate09,6,BL_ON3,0.5,B,0.01,0.0006370055498980873,0.00014443487841927995,-0.00012323246836227383,0.0002898745441199423,0.5645991913646313
2,plate09,6,BL_ON3,0.5,C,0.02,0.0011820201864285167,0.00015781445498879405,-2.2560206977192503e-05,0.0003167267022658697,0.7890270351636072
3,plate09,6,BL_ON3,0.5,D,0.03,0.0017218468905433936,0.0001172355863209557,-0.00011273542378043061,0.00023528672915490803,0.9349833176400605
4,plate09,6,BL_ON3,0.5,E,0.06,0.003117055325153939,0.0001636883343949273,-9.427511886705986e-06,0.0003285154775426967,0.9602778295375556
5,plate09,6,BL_ON3,0.5,F,0.1,0.004918068415223683,0.00011156701199060993,0.00041420950794100503,0.00022391017972151465,0.9923399024239646
6,plate09,6,BL_ON3,0.5,G,0.2,0.00917385778206039,0.0001855901293389311,-0.0002007426721598512,0.00037247144054045023,0.9938984593990886
7,plate09,6,BL_ON3,0.5,H,0.5,0.017462562652042754,0.00016523380275868118,0.0002065476230685306,0.00033161702905292297,0.9986588122796295
