,Plate,Column,Enzyme,E_Conc,Row,S_Conc,slope,slope stderr,int,int stderr,RSQ
0,plate01,5,BL_CrO,0.5,A,0.005,0.06321582821464924,7.717604036414723e-05,0.001090595964523992,0.00015488897144373516,0.9999776439308043
1,plate01,5,BL_CrO,0.5,B,0.01,0.12413103058926292,0.00014049502228180572,0.002023757860282525,0.00028196741435441937,0.999980784858802
2,plate01,5,BL_CrO,0.5,C,0.02,0.23941315582629277,0.00026283681815863444,0.003691563203671366,0.0005275022263611466,0.9999819216064373
3,plate01,5,BL_CrO,0.5,D,0.03,0.3468023478733934,0.00034969736090444044,0.00495762659330508,0.0007018275452794665,0.9999847487551172
4,plate01,5,BL_CrO,0.5,E,0.06,0.6285814373474368,0.000535939491362999,0.007483071237834751,0.0010756068429639664,0.9999890957926999
5,plate01,5,BL_CrO,0.5,F,0.1,0.9313021504823744,0.00058438631820931,0.00837317400144648,0.0011728376634337905,0.9999940938144758
6,plate01,5,BL_CrO,0.5,G,0.2,1.4557049576666874,0.0006189992997629478,0.008072068675836869,0.0012423052496305011,0.9999972877760619
7,plate01,5,BL_CrO,0.5,H,0.5,2.193812148827322,0.00037858440660876267,0.004687853483901492,0.0007598007557246303,0.9999995533039453
