,Plate,Column,E_name,E_conc,Row,S_conc,slope,slope stderr,int,int stderr,RSQ
0,plate11,8,BL_I03,0.5,A,0.005,0.0013741762181017946,0.00011699446341897943,-0.0007086029518162966,0.00023480282274044125,0.9019353637144761
1,plate11,8,BL_I03,0.5,B,0.01,0.0025208671315331945,0.00018366369557045156,-0.00047052151939866156,0.00036860509048200935,0.9262493399096012
2,plate11,8,BL_I03,0.5,C,0.02,0.004372877045148663,0.00015168996987916232,-1.2622649342104346e-06,0.0003044372318458196,0.9822691929554495
3,plate11,8,BL_I03,0.5,D,0.03,0.00592251330234864,0.00013335706989074216,0.0008450016445690594,0.00026764187389706435,0.9924521910507055
4,plate11,8,BL_I03,0.5,E,0.06,0.011282674138994864,0.0001537873564258265,-6.835936691018674e-05,0.0003086446088198615,0.9972209366995235
5,plate11,8,BL_I03,0.5,F,0.1,0.016689586833994727,0.0001694201373145714,-0.00021184424996831394,0.00034001879013326224,0.9984566712617818
6,plate11,8,BL_I03,0.5,G,0.2,0.02484255348055381,0.0001469113662334293,0.001017184469801534,0.0002948447645261099,0.9994756974093046
7,plate11,8,BL_I03,0.5,H,0.5,0.03680010170606201,0.0001935478065073379,-0.00015345699978895272,0.0003884416250041985,0.9995852494133022
