,Plate,Column,E_name,E_conc,Row,S_conc,slope,slope stderr,int,int stderr,RSQ
0,plate02,4,BL_RA5,0.5,A,0.005,0.002464092543105866,0.0001681965004679624,0.0006223898558503062,0.00033756309927784704,0.9346760754812171
1,plate02,4,BL_RA5,0.5,B,0.01,0.005082241431563873,0.00012545475898877574,0.0006290459676761859,0.0002517822699807521,0.9909426010172813
2,plate02,4,BL_RA5,0.5,C,0.02,0.00897809598960222,0.00016179017338420799,0.00045509895835691973,0.000324705867140981,0.9951525125621034
3,plate02,4,BL_RA5,0.5,D,0.03,0.011891862126709469,0.00013857824537635111,0.0008190784084543714,0.00027812052281439933,0.9979671855729836
4,plate02,4,BL_RA5,0.5,E,0.06,0.01809430873278523,0.00015706528527275454,0.00011421645442837326,0.0003152230840695016,0.9988710437597665
5,plate02,4,BL_RA5,0.5,F,0.1,0.022362532007706083,0.00010845800875996993,0.000559233230342623,0.00021767055081875242,0.9996472887189791
6,plate02,4,BL_RA5,0.5,G,0.2,0.026952135530471724,0.00011692135571704976,0.0004548701130463418,0.00023465610738603168,0.9997177915585448
7,plate02,4,BL_RA5,0.5,H,0.5,0.03096022384608563,0.0001814061748747228,0.0001619236810567823,0.00036407475948812813,0.9994852860081965
