,Plate,Column,E_name,E_conc,Row,S_conc,slope,slope stderr,int,int stderr,RSQ
0,plate00,11,wt1,0.25,A,0.005,0.0009374628886801666,0.00010727180312414412,0.00017629965442155293,0.00021528986188932753,0.835836837416703
1,plate00,11,wt1,0.25,B,0.01,0.0016627827191833136,0.0001618442220659431,0.0004684735889702763,0.00032481434817898026,0.8755749137970771
2,plate00,11,wt1,0.25,C,0.02,0.00312505459531754,0.00013545805975200028,0.0002677896220929822,0.0002718584585859415,0.9725896036370796
3,plate00,11,wt1,0.25,D,0.03,0.004325315363755909,0.0001413573631549513,-6.671198464986138e-05,0.0002836980248821672,0.9842315460297475
4,plate00,11,wt1,0.25,E,0.06,0.005965860438900613,0.00014815214150539185,0.0005861192765167406,0.00029733492812848646,0.9908343764995269
5,plate00,11,wt1,0.25,F,0.1,0.007571189974757157,0.00013396884807101927,-9.095753696802406e-05,0.0002688695651617744,0.9953255049412248
6,plate00,11,wt1,0.25,G,0.2,0.009046720829034256,0.00014950533713112014,8.657950663608592e-05,0.0003000509097498044,0.9959201150365559
7,plate00,11,wt1,0.25,H,0.5,0.010095689105246362,0.00014681508316466283,0.0006617445897703029,0.0002946515011047052,0.9968378305208261
