,Plate,Column,E_name,E_conc,Row,S_conc,slope,slope stderr,int,int stderr,RSQ
0,plate10,8,BL_J37,0.5,A,0.005,0.00018049655331510726,0.000126398913953268,0.00029165023153288576,0.0002536771499995198,0.11967487462572424
1,plate10,8,BL_J37,0.5,B,0.01,0.0003436470044427436,0.0001626313708727724,0.0005939737531273349,0.00032639412105909166,0.22938404599272055
2,plate10,8,BL_J37,0.5,C,0.02,0.0012142186379706273,0.0001416266909796732,0.00015680280649232192,0.0002842386378286382,0.8305137374446909
3,plate10,8,BL_J37,0.5,D,0.03,0.0017956733637437628,0.00010942978973426812,-0.0003664030428118736,0.00021962085225964433,0.9472327557172343
4,plate10,8,BL_J37,0.5,E,0.06,0.003152780154760243,0.00012215747372219847,0.00039672357820160414,0.00024516475080596495,0.9779771965287547
5,plate10,8,BL_J37,0.5,F,0.1,0.005152120837216154,0.00018993133883690174,4.946174259715835e-05,0.00038118371954013787,0.9800222122162427
6,plate10,8,BL_J37,0.5,G,0.2,0.009469011840203578,0.00013543508201903443,0.00012495926736586882,0.00027181246944703807,0.9969407539197817
7,plate10,8,BL_J37,0.5,H,0.5,0.018009540623596356,0.0001627955610502642,0.0002657439747971807,0.0003267235583678962,0.9987758393993367
