,Plate,Column,E_name,E_conc,Row,S_conc,slope,slope stderr,int,int stderr,RSQ
0,plate03,6,BL_GP5,0.5,A,0.005,0.0003048738556965008,0.00016690360142256226,-0.0003089066741466373,0.0003349683018496139,0.1819655875343794
1,plate03,6,BL_GP5,0.5,B,0.01,0.0002042047542098482,0.00016654606367681943,4.578295384449099e-06,0.00033425069623862407,0.09109422056382044
2,plate03,6,BL_GP5,0.5,C,0.02,0.0005621674512440441,0.00011570390258519272,2.9631015820131454e-05,0.00023221275529633153,0.6114663941655556
3,plate03,6,BL_GP5,0.5,D,0.03,0.0006313555732731896,0.00013298703061795903,1.3978829326825615e-05,0.0002668991377984946,0.6004128571062727
4,plate03,6,BL_GP5,0.5,E,0.06,0.001324954452004663,0.0001434169272138693,2.7608494395094387e-05,0.00028783151773735397,0.8505225372083113
5,plate03,6,BL_GP5,0.5,F,0.1,0.0021195615256867943,0.00013243139089188548,-0.0003203014208751166,0.0002657840639865078,0.9446819742868413
6,plate03,6,BL_GP5,0.5,G,0.2,0.003380292885052066,0.00013287529896940435,0.00015055362276505805,0.0002666749548608535,0.977347307240074
7,plate03,6,BL_GP5,0.5,H,0.5,0.005928740930516598,0.00012256782755506375,-5.5298151847706404e-05,0.0002459882652807858,0.9936299336002016
