,Plate,Column,E_name,E_conc,Row,S_conc,slope,slope stderr,int,int stderr,RSQ
0,plate04,4,BL_KBX,0.5,A,0.005,0.0004696063058984069,0.00016564890409568518,-1.9779807996215625e-05,0.00033245016934957064,0.3488718474885233
1,plate04,4,BL_KBX,0.5,B,0.01,0.0007617865286669982,0.0001181752964832557,-5.465299067427268e-05,0.00023717270824190933,0.7347669429848036
2,plate04,4,BL_KBX,0.5,C,0.02,0.0015419131372813144,0.00012201844241207804,0.00016055253622761334,0.00024488572541500484,0.91413201571117
3,plate04,4,BL_KBX,0.5,D,0.03,0.002507657032256042,0.00016156017537824382,-0.00022035567997008364,0.0003242442613665687,0.9413872860126913
4,plate04,4,BL_KBX,0.5,E,0.06,0.004477147227821997,0.00015679776679818942,0.00023463248157018878,0.00031468630806713463,0.981934470992531
5,plate04,4,BL_KBX,0.5,F,0.1,0.0070441424482145755,0.00015790800957996023,0.0003078948527950901,0.00031691451422211596,0.9925186172201563
6,plate04,4,BL_KBX,0.5,G,0.2,0.01276126412143246,0.00013730716894881658,-2.1018821957781923e-05,0.00027556888306103707,0.9982664618076988
7,plate04,4,BL_KBX,0.5,H,0.5,0.023517233089577465,0.00015230605037923009,-0.0003471531686481766,0.00030567159070082103,0.9993712477229624
