,Plate,Column,E_name,E_conc,Row,S_conc,slope,slope stderr,int,int stderr,RSQ
0,plate06,4,BL_9VI,0.5,A,0.005,0.0007936554544658789,9.31594663024853e-05,8.77588516445394e-05,0.00018696701917652814,0.8287257293080409
1,plate06,4,BL_9VI,0.5,B,0.01,0.0017189974018087266,0.00014798581471071708,-5.0753066567660726e-05,0.0002970011594369067,0.8999536655828584
2,plate06,4,BL_9VI,0.5,C,0.02,0.0031693541061541,0.00017839291061526284,-2.6956465023406247e-05,0.0003580269477851354,0.9546328034463902
3,plate06,4,BL_9VI,0.5,D,0.03,0.004473991745673661,0.00014304889907198963,0.00014529994399104432,0.00028709297361907926,0.984897076102051
4,plate06,4,BL_9VI,0.5,E,0.06,0.007652363012545812,0.00016178621201584731,8.128241717248816e-05,0.00032469773884121367,0.9933399135096324
5,plate06,4,BL_9VI,0.5,F,0.1,0.01054922889398526,0.00016247121825672866,0.0004255990058721147,0.0003260726560648343,0.9964546425930836
6,plate06,4,BL_9VI,0.5,G,0.2,0.015174209547910024,0.0001275899362565787,-0.00010803463468055746,0.00025606736631622455,0.998940621726033
7,plate06,4,BL_9VI,0.5,H,0.5,0.020241828267346915,0.00011558010159025768,-0.00021812131644529577,0.00023196435655908784,0.9995111832643214
