,Plate,Column,E_name,E_conc,Row,S_conc,slope,slope stderr,int,int stderr,RSQ
0,plate07,3,BL_BNN,0.5,A,0.005,0.0009404321267182876,0.00014770454236755036,0.00021267364554858215,0.00029643662104295466,0.7299168841575281
1,plate07,3,BL_BNN,0.5,B,0.01,0.0019032615015658852,0.00014467767247861583,0.0003314734576880032,0.00029036181982211324,0.9202377489271839
2,plate07,3,BL_BNN,0.5,C,0.02,0.003473821006860937,0.00010488372027960825,0.0005813776870097156,0.00021049708368073105,0.986510548611255
3,plate07,3,BL_BNN,0.5,D,0.03,0.005165366655004589,0.00012774456438021062,0.00013229513609980348,0.0002563777885542448,0.9909090835301165
4,plate07,3,BL_BNN,0.5,E,0.06,0.00860564391079459,0.0001202870596471489,0.00045528801366264836,0.00024141091440184578,0.9970779245150837
5,plate07,3,BL_BNN,0.5,F,0.1,0.011849954848530762,0.00013899600596002548,4.7673955049489616e-05,0.0002789588134574108,0.9979404746202969
6,plate07,3,BL_BNN,0.5,G,0.2,0.016471554326302984,0.00014912457580303732,-0.0005414078759751017,0.0002992866302042018,0.9987720313538991
7,plate07,3,BL_BNN,0.5,H,0.5,0.020684462695592987,0.00015914048348878988,-5.6038419998127864e-05,0.00031938752170735177,0.9991128944942151
