,Plate,Column,Enzyme,E_Conc,Row,S_Conc,slope,slope stderr,int,int stderr,RSQ
0,plate01,12,BL_sXT,0.5,A,0.005,0.17264834033231863,0.0005403948919413703,0.0077891870601588835,0.0010845490878796044,0.9998530650711643
1,plate01,12,BL_sXT,0.5,B,0.01,0.31424606193558374,0.0008043139395817677,0.011516230047769277,0.0016142234396790693,0.9999017437096425
2,plate01,12,BL_sXT,0.5,C,0.02,0.5314439286239581,0.0009549394396812684,0.013645119290424848,0.0019165218115780535,0.9999515708710548
3,plate01,12,BL_sXT,0.5,D,0.03,0.6895276069596176,0.0009182090801933469,0.012985234484774658,0.0018428054893743992,0.9999734013588
4,plate01,12,BL_sXT,0.5,E,0.06,0.9779273738114731,0.0006475101476465077,0.008917366476194222,0.001299525397359073,0.9999934238940086
5,plate01,12,BL_sXT,0.5,F,0.1,1.171198133150342,0.000422990025730821,0.0054758440165694295,0.0008489226174382644,0.9999980434546637
6,plate01,12,BL_sXT,0.5,G,0.2,1.3721518833950077,0.00020693801535302543,0.0020625373235383703,0.0004153136528414333,0.9999996588353838
7,plate01,12,BL_sXT,0.5,H,0.5,1.526800236502616,0.00013204500740486257,0.0008455168924865484,0.0002650068617401497,0.9999998878065383
