,Plate,Column,E_name,E_conc,Row,S_conc,slope,slope stderr,int,int stderr,RSQ
0,plate01,2,wt1,0.5,A,0.005,0.0019259448368460364,0.00014588110055442085,0.00015307513079116392,0.0002927770649830073,0.92075937267687
1,plate01,2,wt1,0.5,B,0.01,0.0035281041408945007,0.00015632654480269166,0.00019503402421443294,0.0003137405934682955,0.9713932350019545
2,plate01,2,wt1,0.5,C,0.02,0.006247920370217231,0.00013677503004998732,0.00027759212446739826,0.0002745015905318718,0.9928628721128671
3,plate01,2,wt1,0.5,D,0.03,0.00861325874208896,0.00016346305788101574,-0.00045949618548097817,0.00032806329973938725,0.994626518710439
4,plate01,2,wt1,0.5,E,0.06,0.012108596518129598,0.000167010159339204,0.00018802193706175647,0.00033518223905760927,0.997154538978916
5,plate01,2,wt1,0.5,F,0.1,0.015161082779175045,0.0001278820259001888,5.2796085305855953e-05,0.0002566538517185069,0.9989339222773391
6,plate01,2,wt1,0.5,G,0.2,0.01820728193027395,0.0001651762862390214,-5.1668040199827456e-05,0.00033150112410371824,0.9987670101502553
7,plate01,2,wt1,0.5,H,0.5,0.02079659416142554,0.00017092681399960303,-0.0001696149726519991,0.00034304282463397406,0.9989877495292819
