,Plate,Column,E_name,E_conc,Row,S_conc,slope,slope stderr,int,int stderr,RSQ
0,plate03,1,Blank,0.0,A,0.005,3.219585481844854e-05,0.00011133772382968279,-0.00014190989120447145,0.00022344999041019154,0.005543826880270886
1,plate03,1,Blank,0.0,B,0.01,-3.403597202543563e-05,0.0001542182084971421,0.0003686796835343559,0.0003095092686307261,0.00323673293286586
2,plate03,1,Blank,0.0,C,0.02,-0.0002503058017151805,8.368369602738637e-05,0.0004667912307092372,0.00016794955537729288,0.3736074050248487
3,plate03,1,Blank,0.0,D,0.03,-0.0001040047429423032,0.00015324459548848063,0.00015891857785575703,0.0003075552686621722,0.029792663045098644
4,plate03,1,Blank,0.0,E,0.06,7.248077902119638e-05,0.00011705543389833924,-0.00010231167781206414,0.00023492519029414194,0.024923542957939082
5,plate03,1,Blank,0.0,F,0.1,0.00010737400137078758,0.0001345385753724373,-6.821736597409837e-05,0.00027001309517878005,0.0407336149596943
6,plate03,1,Blank,0.0,G,0.2,-6.749311776945639e-05,0.00017605015066106305,0.00018235106220273697,0.000353325031212791,0.009703311355479527
7,plate03,1,Blank,0.0,H,0.5,1.392411452076182e-06,0.00015610298151390846,0.00013491251273147373,0.00031329192403841766,5.3025816875162946e-06
