,Plate,Column,E_name,E_conc,Row,S_conc,slope,slope stderr,int,int stderr,RSQ
0,plate04,11,BL_7QZ,0.5,A,0.005,0.003975138472424615,0.0001639950764849058,0.0004790505427990442,0.0003291310307674891,0.9751056869604525
1,plate04,11,BL_7QZ,0.5,B,0.01,0.006877761217322061,0.00012107586880319031,-0.00017371667077997082,0.00024299403867569365,0.995373011471817
2,plate04,11,BL_7QZ,0.5,C,0.02,0.009056226324721871,0.00014050369231357978,0.0002675643610231417,0.00028198482601438833,0.9964024487916173
3,plate04,11,BL_7QZ,0.5,D,0.03,0.010353972331409913,0.0001516899285335399,0.00013751448049010008,0.00030443515150751317,0.9967908135851443
4,plate04,11,BL_7QZ,0.5,E,0.06,0.011872410481408526,0.00015357786561711473,0.00011126955659632378,0.00030822398783702355,0.9974963090052044
5,plate04,11,BL_7QZ,0.5,F,0.1,0.012824517171640263,0.00015092921702396234,-8.816043105478474e-05,0.00030290836099744484,0.9979267408406556
6,plate04,11,BL_7QZ,0.5,G,0.2,0.013549830444735154,0.0001280590699021508,-0.0002493862020446864,0.00025700896701603406,0.9986619797269735
7,plate04,11,BL_7QZ,0.5,H,0.5,0.013825329243257588,0.00020319555496914712,3.40566750230182e-05,0.00040780501711023,0.9967702880757277
