,Plate,Column,Enzyme,E_Conc,Row,S_Conc,slope,slope stderr,int,int stderr,RSQ
0,plate01,2,wt1,0.5,A,0.005,0.24891642958749755,0.0011758683112636115,0.01729978831571491,0.002359916751995292,0.9996653767157558
1,plate01,2,wt1,0.5,B,0.01,0.46290761629511284,0.0018424096028395534,0.02697494938490921,0.0036976359718624355,0.9997624408758293
2,plate01,2,wt1,0.5,C,0.02,0.8094578727490553,0.00242805656948534,0.034915078706581566,0.00487300398119063,0.9998650535022653
3,plate01,2,wt1,0.5,D,0.03,1.0765786633195153,0.0024874126019933836,0.03554382016885713,0.0049921289863233105,0.9999199317478606
4,plate01,2,wt1,0.5,E,0.06,1.5983178156178337,0.0019633643314325502,0.028183648085214626,0.0039403873594380445,0.9999773662104665
5,plate01,2,wt1,0.5,F,0.1,1.975020491752989,0.0013456290379156278,0.018547886612037313,0.0027006202447462007,0.9999930370094603
6,plate01,2,wt1,0.5,G,0.2,2.389118473331376,0.0005814907969036438,0.00812307220416654,0.001167028909622148,0.9999991114039426
7,plate01,2,wt1,0.5,H,0.5,2.724812303048909,0.00024113267453393895,0.0016903708990461872,0.0004839463278770029,0.9999998825269524
