,Plate,Column,E_name,E_conc,Row,S_conc,slope,slope stderr,int,int stderr,RSQ
0,plate04,6,BL_33J,0.5,A,0.005,0.0006439552856493026,0.0001326980179010203,0.00020473208942603077,0.0002663191771452304,0.610890358197599
1,plate04,6,BL_33J,0.5,B,0.01,0.0013433873398987608,0.0001326196105718727,0.00010928510455149098,0.0002661618265201486,0.8724591373565077
2,plate04,6,BL_33J,0.5,C,0.02,0.002543389777687102,0.00013941225406156684,0.0004023159165095818,0.0002797943624531686,0.9568756243614379
3,plate04,6,BL_33J,0.5,D,0.03,0.0032521801441074,0.0001247104185442901,0.0004243706734473331,0.0002502884120360547,0.9784189580342166
4,plate04,6,BL_33J,0.5,E,0.06,0.005419095258412476,0.00018933488071982827,2.9121047865614122e-05,0.0003799872131063416,0.9820187335987652
5,plate04,6,BL_33J,0.5,F,0.1,0.006621836537452912,0.00020823722656059727,0.0005383659175151154,0.0004179230817599693,0.9853830697526298
6,plate04,6,BL_33J,0.5,G,0.2,0.008967221189617744,0.00014371047608684455,-0.0002426695774597745,0.0002884207189498763,0.9961621994292735
7,plate04,6,BL_33J,0.5,H,0.5,0.01022751244166305,0.0001836120109165999,0.00031530116062866584,0.00036850135954950917,0.9951887396841671
