,Plate,Column,E_name,E_conc,Row,S_conc,slope,slope stderr,int,int stderr,RSQ
0,plate05,5,BL_LOG,0.5,A,0.005,0.00019073287659380995,0.00015902789800296488,-0.00021197832341454114,0.00031916210747817616,0.0875070001269731
1,plate05,5,BL_LOG,0.5,B,0.01,0.0002322520699437653,0.00015879221136835491,0.00016195057472758085,0.00031868909400056583,0.12481566216022477
2,plate05,5,BL_LOG,0.5,C,0.02,0.00031603951383575384,0.00015151619404172223,0.00019528273105212264,0.000304086442630478,0.22483645865918822
3,plate05,5,BL_LOG,0.5,D,0.03,0.0006083217537615651,0.00012174490518617212,4.840152089190341e-05,0.00024433676798282236,0.624689647653388
4,plate05,5,BL_LOG,0.5,E,0.06,0.0012270201335346327,0.00016584196150341848,4.7121365707615204e-05,0.0003328376276903543,0.7849191782815131
5,plate05,5,BL_LOG,0.5,F,0.1,0.0021515988712801346,0.00015500563975565996,-0.0003042930572699967,0.0003110896006070475,0.9277721099779591
6,plate05,5,BL_LOG,0.5,G,0.2,0.0033694221466430137,0.00011469562243435558,5.795407547087993e-05,0.00023018919543584194,0.982915934510143
7,plate05,5,BL_LOG,0.5,H,0.5,0.006840512838190423,0.00013123696381601036,-0.00025848610973235926,0.0002633869386117802,0.9945092047166143
