,Plate,Column,Enzyme,E_Conc,Row,S_Conc,slope,slope stderr,int,int stderr,RSQ
0,plate01,8,BL_ZXr,0.5,A,0.005,3.6335008963742625,1.114816084417605,-0.05059258305932896,0.03728979331493625,0.4145867280267377
1,plate01,8,BL_ZXr,0.5,B,0.01,1.9683694212257754,0.9309130406031647,0.06395741943208783,0.031138369255150015,0.22961960284577854
2,plate01,8,BL_ZXr,0.5,C,0.02,10.190135312228243,1.2659418616908478,-0.04063851325852741,0.04234484128281688,0.8120151084528319
3,plate01,8,BL_ZXr,0.5,D,0.04,14.717114127031051,0.9242483996309069,-0.06201102404040886,0.030915441639416365,0.9441450004218276
4,plate01,8,BL_ZXr,0.5,E,0.08,23.635152689028715,1.036632222659642,0.023049285957134697,0.034674600157618175,0.9719540861836213
5,plate01,8,BL_ZXr,0.5,F,0.16,38.6598884977664,0.9863457329877627,-0.017065095960004037,0.032992549042950535,0.9903304043461232
6,plate01,8,BL_ZXr,0.5,G,0.32,61.041007330302634,1.2090896311690624,0.050405378895508376,0.04044318041771908,0.9941491806702164
7,plate01,8,BL_ZXr,0.5,H,0.5,101.66015117169997,0.9338091344909636,-0.006821418720051951,0.031235240624262174,0.998735967445944
