,Plate,Column,E_name,E_conc,Row,S_conc,slope,slope stderr,int,int stderr,RSQ
0,plate09,9,BL_5OP,0.5,A,0.005,0.0001268195975163626,0.00012964391448040983,3.3172556471352335e-05,0.00026018972302008285,0.05996800941042835
1,plate09,9,BL_5OP,0.5,B,0.01,0.0003097348955003439,0.00016575327637120328,-0.00011515162732631737,0.00033265964415381,0.1888319824352872
2,plate09,9,BL_5OP,0.5,C,0.02,0.0007941747281091677,0.00015256067207617232,-0.0005215437496643112,0.0003061826634196863,0.6436936591836423
3,plate09,9,BL_5OP,0.5,D,0.03,0.0009701718618391614,0.00010130561107441796,-0.00019482625925131637,0.00020331597098173683,0.8594359112817024
4,plate09,9,BL_5OP,0.5,E,0.06,0.001590035657295554,0.00013555854422243408,-0.0001958847824587373,0.0002720601218519894,0.9016918654627952
5,plate09,9,BL_5OP,0.5,F,0.1,0.002378655378301147,0.00016207045119753872,0.0003003204662897374,0.00032526837864701205,0.9348971842946996
6,plate09,9,BL_5OP,0.5,G,0.2,0.00430218445445771,0.00010784631732210785,7.940100634803684e-05,0.0002164429122585484,0.9906620962959409
7,plate09,9,BL_5OP,0.5,H,0.5,0.008210084734503369,0.00016549055542814395,5.0722887043141346e-05,0.00033213233871679047,0.9939423579524483
