,Plate,Column,E_name,E_conc,Row,S_conc,slope,slope stderr,int,int stderr,RSQ
0,plate07,11,BL_7L7,0.5,A,0.005,0.00029808574211521576,0.00015601531495346082,-0.0001389551936481678,0.0003131159803456172,0.19573042503691962
1,plate07,11,BL_7L7,0.5,B,0.01,0.0003726615152617768,0.00013969888015591473,-0.00011660479610916981,0.000280369605590185,0.3217616485692767
2,plate07,11,BL_7L7,0.5,C,0.02,0.000952721400419161,0.00012616967096862504,-0.00014811575940500068,0.0002532170617045547,0.7917225115169648
3,plate07,11,BL_7L7,0.5,D,0.03,0.0016622143196368168,0.00010476316361232748,-0.0008638843343526251,0.000210255133650547,0.9437660277551322
4,plate07,11,BL_7L7,0.5,E,0.06,0.0025591363713954123,0.00016821875579922278,-0.00035959430644986735,0.0003376077714630884,0.9391331995280142
5,plate07,11,BL_7L7,0.5,F,0.1,0.003746106560548842,8.223750772158769e-05,0.000252417460494858,0.0001650471244466513,0.9928230032084534
6,plate07,11,BL_7L7,0.5,G,0.2,0.007036178966899258,0.0001252310234801405,-0.00044697587419701085,0.0002513332361308453,0.9952708547951286
7,plate07,11,BL_7L7,0.5,H,0.5,0.012866207265198475,0.00013686841862737718,-0.00010259304908475872,0.00027468898453783465,0.9983054276961402
