,Plate,Column,Enzyme,E_Conc,Row,S_Conc,slope,slope stderr,int,int stderr,RSQ
0,plate01,6,BL_FWY,0.5,A,0.005,23.05224527369407,1.001820077110593,0.054912345641447945,0.03351015881788995,0.9724506170364348
1,plate01,6,BL_FWY,0.5,B,0.01,39.2530798472229,1.011740135555097,0.0977587742241769,0.03384197763253067,0.9901332203116677
2,plate01,6,BL_FWY,0.5,C,0.02,64.83821221126267,1.1736503311497926,0.027320450551588823,0.03925775188135507,0.9951092318444438
3,plate01,6,BL_FWY,0.5,D,0.04,78.2056363103114,1.2527679483517724,0.04736966910767535,0.04190418088451573,0.9961656842251388
4,plate01,6,BL_FWY,0.5,E,0.08,100.47278668676121,0.9959130848095686,-0.020908254791012743,0.03331256564296818,0.9985283765339862
5,plate01,6,BL_FWY,0.5,F,0.16,111.82982803009837,1.2929753140022977,-0.024082073862026016,0.043249102426988276,0.9979988144871992
6,plate01,6,BL_FWY,0.5,G,0.32,123.69998933836372,1.0460990168579827,-0.02835562347083985,0.03499124470852976,0.998928402819805
7,plate01,6,BL_FWY,0.5,H,0.5,132.1934555428486,1.05709978602452,-0.059275402067707504,0.03535921888907,0.9990417330351516
