,Plate,Column,E_name,E_conc,Row,S_conc,slope,slope stderr,int,int stderr,RSQ
0,plate07,12,BL_UHY,0.5,A,0.005,0.0001368358893132427,0.00016572902705323117,0.0001293126966821548,0.00033261098156974335,0.043471971634640005
1,plate07,12,BL_UHY,0.5,B,0.01,0.0005201218879396233,0.0001594400113838776,-0.0004348728737810756,0.00031998919908842724,0.41501797494742987
2,plate07,12,BL_UHY,0.5,C,0.02,0.0009695945271901208,0.000157362675318852,-0.0003816736830723749,0.0003158200729062632,0.7167910599822275
3,plate07,12,BL_UHY,0.5,D,0.03,0.0011928402425516599,0.00015542236275601474,-0.0003908912854428982,0.0003119259498788645,0.797031304060919
4,plate07,12,BL_UHY,0.5,E,0.06,0.0020946127233470915,0.00011452250297306019,-8.375263226816673e-05,0.0002298416942226103,0.957084353127794
5,plate07,12,BL_UHY,0.5,F,0.1,0.0032708124707220045,0.00013977815103948275,-7.596544576649314e-05,0.00028052867565177666,0.9733362543947008
6,plate07,12,BL_UHY,0.5,G,0.2,0.005624545880048353,0.00013012452219900083,0.0002457516644164935,0.0002611542813223664,0.9920354431898971
7,plate07,12,BL_UHY,0.5,H,0.5,0.010742270859768262,0.00018916575802770921,0.00023897907824515371,0.0003796474689187111,0.9953701282282212
