,Plate,Column,E_name,E_conc,Row,S_conc,slope,slope stderr,int,int stderr,RSQ
0,plate04,9,BL_4YW,0.5,A,0.005,0.0003566754600232732,0.00010793765923509264,-0.00010262376522650889,0.00021662620951685353,0.4212838538806416
1,plate04,9,BL_4YW,0.5,B,0.01,0.0008021641871545545,0.00014010563935528363,-0.00027709477813171556,0.00028118595205629273,0.6860642533387332
2,plate04,9,BL_4YW,0.5,C,0.02,0.0012474994617101332,0.0001329864429117076,8.088731577212936e-05,0.0002668980480567217,0.8543641143966485
3,plate04,9,BL_4YW,0.5,D,0.03,0.001852911470948468,0.00010751795354205118,7.291812852642016e-05,0.00021578389006335604,0.9519221193574038
4,plate04,9,BL_4YW,0.5,E,0.06,0.0038015486034148815,0.0001674023120678508,-0.0002477567897583404,0.00033596918103389836,0.9717355181401838
5,plate04,9,BL_4YW,0.5,F,0.1,0.005770743243123433,0.00014154630804291885,5.435864786074163e-07,0.0002840802782397224,0.9910570230189363
6,plate04,9,BL_4YW,0.5,G,0.2,0.00956373011362254,0.00013911986311567542,0.0005506013830128689,0.00027920752139152247,0.9968359845956698
7,plate04,9,BL_4YW,0.5,H,0.5,0.017321889459188916,0.00017452414693922236,-0.0005190781632082946,0.000350262397834746,0.9984796240659145
