,Plate,Column,E_name,E_conc,Row,S_conc,slope,slope stderr,int,int stderr,RSQ
0,plate03,8,BL_TZD,0.5,A,0.005,0.0003341557920050504,0.00011366118793898659,-0.00026220068103021153,0.0002281130827017606,0.36556760511428255
1,plate03,8,BL_TZD,0.5,B,0.01,0.00050464410081648,0.00017253793371328847,-5.4142305556240555e-06,0.00034627599334707284,0.3631832326435418
2,plate03,8,BL_TZD,0.5,C,0.02,0.0009161273422111228,0.00015903221805455432,7.511524095581296e-05,0.0003191707615751657,0.6886996374372906
3,plate03,8,BL_TZD,0.5,D,0.03,0.0015452579227362218,0.0001221772615417736,-0.000126883744943505,0.0002452044664149415,0.9142678882588184
4,plate03,8,BL_TZD,0.5,E,0.06,0.0028075288742684715,0.00011444099773812047,-0.0001448971928415514,0.00022967815183374044,0.9756827293030712
5,plate03,8,BL_TZD,0.5,F,0.1,0.0047377620632109586,9.994444720720024e-05,-0.0005537547185335126,0.0002005841837737957,0.993369095551444
6,plate03,8,BL_TZD,0.5,G,0.2,0.007955521008420088,0.00014713502499587972,1.1898550565303607e-05,0.0002952926665014517,0.9948954062954961
7,plate03,8,BL_TZD,0.5,H,0.5,0.014839072846877167,0.000225070066817819,0.00028221277885716854,0.0004517058629939251,0.9965611224231742
