,Plate,Column,E_name,E_conc,Row,S_conc,slope,slope stderr,int,int stderr,RSQ
0,plate05,7,BL_JR6,0.5,A,0.005,0.00028772303268200525,0.00011396748210287809,0.0003287018375812866,0.00022872780211205185,0.2982008784206419
1,plate05,7,BL_JR6,0.5,B,0.01,0.0009695430089762004,0.00014878656390228962,-0.0003199792350279774,0.00029860819105968225,0.7389607221605414
2,plate05,7,BL_JR6,0.5,C,0.02,0.0012623522054462486,0.00010516735934278465,0.00032218640874427526,0.00021106633533622292,0.9057069300562263
3,plate05,7,BL_JR6,0.5,D,0.03,0.0018974835332016156,0.00017465572888642096,-0.00012856878242261803,0.00035052649793745303,0.887242991930304
4,plate05,7,BL_JR6,0.5,E,0.06,0.00369199921991883,0.00017910779432479232,-0.00046667880689392667,0.000359461572492837,0.9659019132879213
5,plate05,7,BL_JR6,0.5,F,0.1,0.005467621214696384,0.00015684639842074064,-0.00016302060086839632,0.00031478394677489043,0.9878068652520932
6,plate05,7,BL_JR6,0.5,G,0.2,0.009025248462000807,0.00014500303430606327,1.71224226365604e-05,0.00029101510788257905,0.9961430074593068
7,plate05,7,BL_JR6,0.5,H,0.5,0.015079371007991171,0.00011773335943519601,4.87199684169326e-05,0.0002362859659938945,0.9990864556552438
