,Plate,Column,E_name,E_conc,Row,S_conc,slope,slope stderr,int,int stderr,RSQ
0,plate12,12,BL_AWA,0.5,A,0.005,0.0013171517887893248,0.00019865949437681226,6.06488667509854e-05,0.00039870102592039116,0.7455882725591063
1,plate12,12,BL_AWA,0.5,B,0.01,0.0022644594580468647,0.00013902308399387292,0.0004896230648358138,0.0002790133180095878,0.9464880058436483
2,plate12,12,BL_AWA,0.5,C,0.02,0.004682795091010358,0.00017840185146133928,-3.2745613854243755e-05,0.0003580445129569165,0.978692886183123
3,plate12,12,BL_AWA,0.5,D,0.03,0.006491220650013396,0.00018125339858800058,1.1830684278790748e-05,0.0003637681294987278,0.9884397434835435
4,plate12,12,BL_AWA,0.5,E,0.06,0.010434557067121824,0.00014680259948233565,0.0005359505817067113,0.0002946264684651,0.9970397853404531
5,plate12,12,BL_AWA,0.5,F,0.1,0.014689618951177041,0.000117764226215387,-0.00011955048140488422,0.00023634764780816972,0.9990368864826062
6,plate12,12,BL_AWA,0.5,G,0.2,0.019486341216230735,0.0001457633753292253,0.0007158354890433314,0.0002925407681495777,0.9991613840272418
7,plate12,12,BL_AWA,0.5,H,0.5,0.025215270026462497,0.0001460735617701984,0.0004015105659640157,0.00029316337387139655,0.9994968592477478
