,Plate,Column,E_name,E_conc,Row,S_conc,slope,slope stderr,int,int stderr,RSQ
0,plate03,9,BL_AU2,0.5,A,0.005,0.0009627851622959873,0.00012267492065195184,0.0002711161674541747,0.00024620325108943295,0.8041653972896174
1,plate03,9,BL_AU2,0.5,B,0.01,0.0021220085852160973,0.00011476639195615516,0.00018343284679385644,0.0002303311703650131,0.9579682502971223
2,plate03,9,BL_AU2,0.5,C,0.02,0.00397559893645576,0.0001622135029744924,0.00038250046413636067,0.0003255554590002451,0.975636037312216
3,plate03,9,BL_AU2,0.5,D,0.03,0.005799718873654919,0.00014001093839475457,5.436244345048272e-05,0.00028099607293720954,0.9913339350051406
4,plate03,9,BL_AU2,0.5,E,0.06,0.009783327578407204,0.00014335431016698796,0.00014441351843832217,0.00028770602154286546,0.9967897135549426
5,plate03,9,BL_AU2,0.5,F,0.1,0.013539118273745654,0.00018184299463834368,-3.7472691414297543e-06,0.00036495738314350424,0.9973013351552886
6,plate03,9,BL_AU2,0.5,G,0.2,0.01920567151093686,0.00017798113785614432,-0.00029077431079982884,0.0003572003703215932,0.998713467958309
7,plate03,9,BL_AU2,0.5,H,0.5,0.025083722395893182,0.0001847437042156713,-0.00024849295294449014,0.0003707725697317103,0.9991869938526153
