,Plate,Column,Enzyme,E_Conc,Row,S_Conc,slope,slope stderr,int,int stderr,RSQ
0,plate01,12,BL_sXT,0.5,A,0.005,9.903774271447034,0.8584080394532776,0.02166649910501287,0.028713129745056017,0.8987245842057137
1,plate01,12,BL_sXT,0.5,B,0.01,19.840439085562117,1.0402396661220594,-0.050468229116998255,0.0347952664157153,0.9603989070352635
2,plate01,12,BL_sXT,0.5,C,0.02,31.112613175015447,0.9283491720728884,0.03000649162566909,0.031052613443285006,0.986821086048389
3,plate01,12,BL_sXT,0.5,D,0.04,41.533702752159655,0.655693792903103,-0.008251439486634793,0.021932483300874783,0.9962754690130469
4,plate01,12,BL_sXT,0.5,E,0.08,58.22590452207909,0.9981376287578315,0.028840129897020134,0.03338697914299536,0.995611369007285
5,plate01,12,BL_sXT,0.5,F,0.16,73.11551563523186,1.0368461428603837,-0.09491492153132039,0.034681756687327876,0.9969925887156854
6,plate01,12,BL_sXT,0.5,G,0.32,82.88994138947771,0.8161236999498164,-0.030002179848004892,0.027298750324900804,0.9985479941392872
7,plate01,12,BL_sXT,0.5,H,0.5,90.5836650196889,0.996853313047178,0.02244407695903375,0.03334402123957551,0.9981867161708553
