,Plate,Column,E_name,E_conc,Row,S_conc,slope,slope stderr,int,int stderr,RSQ
0,plate09,4,BL_9PZ,0.5,A,0.005,0.00017275218207544687,0.00012736836829431667,3.8630161779340935e-05,0.00025562280401466827,0.10924260800090468
1,plate09,4,BL_9PZ,0.5,B,0.01,0.00036733153312473493,0.0001394476706255414,0.00012787871218243466,0.00027986543869686585,0.3162845790419604
2,plate09,4,BL_9PZ,0.5,C,0.02,0.0007028714791494797,0.0001535951345705629,1.2000250970184103e-05,0.0003082588681703417,0.5826488229402444
3,plate09,4,BL_9PZ,0.5,D,0.03,0.0013121901202178218,0.00012966619964319457,-0.0007328429090645728,0.00026023445199642486,0.8722419475878856
4,plate09,4,BL_9PZ,0.5,E,0.06,0.0012954607210490592,0.00013228980034074326,0.0005713809224567658,0.0002654999016170543,0.8647368600117522
5,plate09,4,BL_9PZ,0.5,F,0.1,0.0023967936791836463,0.00010446958322359007,-0.00033260991632052297,0.00020966592325194486,0.9722919258548892
6,plate09,4,BL_9PZ,0.5,G,0.2,0.003376889825097199,0.00012747477213921794,-0.00014679561472337625,0.0002558363770315609,0.9790723303873174
7,plate09,4,BL_9PZ,0.5,H,0.5,0.004850654143501185,0.00017022261832766057,-0.0004610198774253484,0.0003416294324169844,0.9818625614286691
