,Plate,Column,E_name,E_conc,Row,S_conc,slope,slope stderr,int,int stderr,RSQ
0,plate08,4,BL_17L,0.5,A,0.005,0.0005271686895722073,0.00014302816025304986,-0.00016988862302618352,0.0002870513261516921,0.4752472052257116
1,plate08,4,BL_17L,0.5,B,0.01,0.0013240274660173239,0.00016841694671240534,-0.0006958072961491577,0.00033800552292053115,0.8046997770593193
2,plate08,4,BL_17L,0.5,C,0.02,0.001802308145654832,0.00020003363790818896,9.63918985280143e-05,0.0004014588594758039,0.8440433211299765
3,plate08,4,BL_17L,0.5,D,0.03,0.0027247623059330085,0.00014092988650704036,0.0001610196215720919,0.00028284016989353676,0.9614207729384909
4,plate08,4,BL_17L,0.5,E,0.06,0.0053767378150388215,0.00014998063958211283,-0.00029628160439338047,0.00030100464025395706,0.9884632247444698
5,plate08,4,BL_17L,0.5,F,0.1,0.008045708837538254,0.00013362088019953903,0.00030008192809092914,0.00026817130783664484,0.995879802978152
6,plate08,4,BL_17L,0.5,G,0.2,0.013786678372127296,0.0001665502652709326,0.00022109392224990446,0.00033425922840278806,0.9978156939447447
7,plate08,4,BL_17L,0.5,H,0.5,0.0236412367927599,0.0001449249284564277,0.00029609252204865634,0.00029085795707408404,0.9994366319010529
