,Plate,Column,E_name,E_conc,Row,S_conc,slope,slope stderr,int,int stderr,RSQ
0,plate06,3,BL_A3M,0.5,A,0.005,0.002466316556249946,0.00013220335478683558,0.00045619481447447386,0.00026532640804281484,0.9586807346645179
1,plate06,3,BL_A3M,0.5,B,0.01,0.00456431884094389,0.0001268882121530079,0.0011424632127484961,0.00025465914709064285,0.9885402218231748
2,plate06,3,BL_A3M,0.5,C,0.02,0.008849189997055138,0.0001565669093252174,0.0009525467846232771,0.00031422301693503354,0.995326419501529
3,plate06,3,BL_A3M,0.5,D,0.03,0.012548116899188378,0.0001936246645265601,0.0006997553295879919,0.0003885963301181317,0.996441170649882
4,plate06,3,BL_A3M,0.5,E,0.06,0.020031599960961235,0.00015169194850790793,0.0010261837684807467,0.000304439150040051,0.9991405676866225
5,plate06,3,BL_A3M,0.5,F,0.1,0.026823013994363574,0.00020865983052933986,0.00046512488306053336,0.0004187711921341648,0.9990930993292663
6,plate06,3,BL_A3M,0.5,G,0.2,0.03508694962219599,0.00018024473239678155,8.029662123427933e-05,0.00036174421226036597,0.9996043103087272
7,plate06,3,BL_A3M,0.5,H,0.5,0.042426237270755784,0.0001720848409628642,0.00016185051592487731,0.0003453664587655139,0.9997532832850857
