,Plate,Column,E_name,E_conc,Row,S_conc,slope,slope stderr,int,int stderr,RSQ
0,plate09,2,BL_I07,0.5,A,0.005,0.006299097220419011,0.00019619201835256928,0.0018478845190188272,0.00039374888188102683,0.9856575508911596
1,plate09,2,BL_I07,0.5,B,0.01,0.011248618900689783,0.0002776052217782094,0.0027661349997296727,0.0005571416633845191,0.9909468748923322
2,plate09,2,BL_I07,0.5,C,0.02,0.019049095231648414,0.00017750402106149878,0.0025445205244243436,0.0003562428951178878,0.9986992504707854
3,plate09,2,BL_I07,0.5,D,0.03,0.02430155252385477,0.00019545044239617499,0.0022007948246088004,0.0003922605658519572,0.9990306620371223
4,plate09,2,BL_I07,0.5,E,0.06,0.03214841956435288,0.00016822790983178187,0.0013023651551151408,0.0003376260984731094,0.9995894276785277
5,plate09,2,BL_I07,0.5,F,0.1,0.03679432570438863,8.96710511924254e-05,0.00020654416301880843,0.00017996597061954397,0.9999109168838306
6,plate09,2,BL_I07,0.5,G,0.2,0.040558316928399174,0.0001474387409406925,-7.006281924648583e-05,0.000295903619596388,0.9998018146666363
7,plate09,2,BL_I07,0.5,H,0.5,0.04320618920430329,0.00018480338872444858,-9.278227255248248e-05,0.0003708931938691088,0.9997256512194027
