,Plate,Column,E_name,E_conc,Row,S_conc,slope,slope stderr,int,int stderr,RSQ
0,plate11,2,BL_Q7J,0.5,A,0.005,9.61032314539592e-05,0.00013639685125238117,4.1248070335631485e-06,0.00027374260011630376,0.03203587312642975
1,plate11,2,BL_Q7J,0.5,B,0.01,0.00031490129273038727,0.00013508045246724603,-0.00031569109486763273,0.00027110062065503743,0.2659492161231002
2,plate11,2,BL_Q7J,0.5,C,0.02,0.00013808921767878365,0.000138173261937352,0.00014944960820290957,0.00027730775664451453,0.06242873415026973
3,plate11,2,BL_Q7J,0.5,D,0.03,0.00012143801212780462,9.651931030280379e-05,0.0002573554985889833,0.0001937100769999055,0.09545920153055665
4,plate11,2,BL_Q7J,0.5,E,0.06,0.0005655269714655032,0.00012759713209027404,-2.8715830568551292e-05,0.0002560819069404017,0.5670217060807828
5,plate11,2,BL_Q7J,0.5,F,0.1,0.0010393080165165016,0.00012042231261404302,-0.0002514478210029536,0.00024168236398968115,0.8323760127875189
6,plate11,2,BL_Q7J,0.5,G,0.2,0.001190560312438314,0.0001363188906193196,0.0004108709880184954,0.0002735861082898038,0.8356641523558161
7,plate11,2,BL_Q7J,0.5,H,0.5,0.002017778942432288,0.0001516514850285184,0.000515169629483109,0.00030435796684387406,0.9218883596307867
