,Plate,Column,Enzyme,E_Conc,Row,S_Conc,slope,slope stderr,int,int stderr,RSQ
0,plate01,10,BL_4JL,0.5,A,0.005,0.13223273375456004,0.0003391494566407139,0.00487017346966491,0.0006806583306992722,0.9999013373666257
1,plate01,10,BL_4JL,0.5,B,0.01,0.25589574275926463,0.0006019650922166136,0.008738398506986341,0.0012081180585099924,0.9999170012003343
2,plate01,10,BL_4JL,0.5,C,0.02,0.4803190185426217,0.001028617913101732,0.014448613200143463,0.002064391285386786,0.9999312124955851
3,plate01,10,BL_4JL,0.5,D,0.03,0.6789171876412609,0.0012301038760442078,0.01770363967565768,0.0024687653354914614,0.9999507597855356
4,plate01,10,BL_4JL,0.5,E,0.06,1.1548122951891344,0.001504533244779986,0.021635665333186414,0.0030195325866403675,0.9999745398668756
5,plate01,10,BL_4JL,0.5,F,0.1,1.6027399680411094,0.001437702289453311,0.02039422935316598,0.002885406605165968,0.9999879302630003
6,plate01,10,BL_4JL,0.5,G,0.2,2.2538296376552505,0.0009946390747079409,0.013994183733901993,0.0019961969854288453,0.9999970786906598
7,plate01,10,BL_4JL,0.5,H,0.5,2.969492815392489,0.0004870070153651771,0.00474779889322735,0.0009774022613952495,0.9999995965409589
