,Plate,Column,Enzyme,E_Conc,Row,S_Conc,slope,slope stderr,int,int stderr,RSQ
0,plate01,3,BL_oaO,0.5,A,0.005,4.307794760276015,0.9123817096507011,0.011271146267230062,0.03051850887203527,0.597773313238211
1,plate01,3,BL_oaO,0.5,B,0.01,8.352990489184378,1.2369320567247624,0.002108999230423255,0.04137447397598494,0.7524873080003549
2,plate01,3,BL_oaO,0.5,C,0.02,17.491219425825115,1.0269037581563327,-0.02610052634988293,0.03434918990327149,0.9508393396962516
3,plate01,3,BL_oaO,0.5,D,0.04,22.282862258430765,0.9469136702635569,0.020957996209747594,0.03167357783342962,0.9736268132721019
4,plate01,3,BL_oaO,0.5,E,0.08,41.581069548777414,1.0600894273201025,-0.01952418951317096,0.03545922326439861,0.9903445798148058
5,plate01,3,BL_oaO,0.5,F,0.16,57.148372294900106,1.2286762734616363,0.026294334519389482,0.04109833586843513,0.9931141436802275
6,plate01,3,BL_oaO,0.5,G,0.32,82.6933480651461,1.3836204663280807,-0.04154434977217067,0.04628110386098745,0.995818192067627
7,plate01,3,BL_oaO,0.5,H,0.5,110.30772362995856,1.2111735813420135,0.011314438333792668,0.040512921157396145,0.9981948705399366
