,Plate,Column,Enzyme,E_Conc,Row,S_Conc,slope,slope stderr,int,int stderr,RSQ
0,plate01,11,BL_X9n,0.5,A,0.005,2.7919212194050673,1.162293299763879,0.003723643158901339,0.03887787019921038,0.27780408350625263
1,plate01,11,BL_X9n,0.5,B,0.01,5.158869743245721,0.89808882654637,0.0003898056855556988,0.030040415456644546,0.6874785312851301
2,plate01,11,BL_X9n,0.5,C,0.02,8.443334080818593,0.8836042246192565,0.026782067563101232,0.02955592269331267,0.858901558290751
3,plate01,11,BL_X9n,0.5,D,0.04,10.61383302252868,1.0261311855872786,0.022124893473905186,0.03432334889846544,0.8770379936333192
4,plate01,11,BL_X9n,0.5,E,0.08,17.07669967749688,1.0593640213174473,-0.017286349589010007,0.035434963583759124,0.9454241493479554
5,plate01,11,BL_X9n,0.5,F,0.16,21.435698651625444,0.7857248800350228,-0.05739702582159076,0.02628193000086164,0.9802443506102533
6,plate01,11,BL_X9n,0.5,G,0.32,24.802761677685343,1.0590382174041924,0.0013306813532056438,0.03542409429992361,0.9733805323201441
7,plate01,11,BL_X9n,0.5,H,0.5,29.59400253142417,1.1122025761173449,-0.041441657776733705,0.03720237474488497,0.9792534052090196
