,Plate,Column,E_name,E_conc,Row,S_conc,slope,slope stderr,int,int stderr,RSQ
0,plate02,10,BL_P7H,0.5,A,0.005,0.0018568357425570348,9.883921760613562e-05,0.00016687061442059,0.00019836603942467477,0.9592313446936399
1,plate02,10,BL_P7H,0.5,B,0.01,0.0036641861374225415,9.249525518824734e-05,-0.0001873934836260896,0.00018563395449845314,0.9905323210157354
2,plate02,10,BL_P7H,0.5,C,0.02,0.005969984683629415,0.00017435736511629067,0.0005899110227864316,0.00034992768695986154,0.9873670690956999
3,plate02,10,BL_P7H,0.5,D,0.03,0.008076710931716849,0.0001916544992304061,0.00036483238049343244,0.00038464225279236233,0.9916245641406904
4,plate02,10,BL_P7H,0.5,E,0.06,0.012193952632915653,0.00014113762264778197,0.0002837692521965492,0.00028325704635791287,0.99799453300225
5,plate02,10,BL_P7H,0.5,F,0.1,0.014914902030710747,0.00011984945537527881,9.624990640224442e-05,0.00024053267898445382,0.9990323859923766
6,plate02,10,BL_P7H,0.5,G,0.2,0.01805623814937358,0.0001424137374676754,0.00015407211907127096,0.0002858183532054633,0.9990677427096506
7,plate02,10,BL_P7H,0.5,H,0.5,0.020543190630792005,0.00016342944527570927,0.0001441398594179662,0.0003279957201292839,0.9990515728404581
