,Plate,Column,Enzyme,E_Conc,Row,S_Conc,slope,slope stderr,int,int stderr,RSQ
0,plate01,7,BL_GZQ,0.5,A,0.005,0.029384156820784123,1.6433687866332572e-05,0.00023336582766849158,3.2981704994220074e-05,0.999995308272008
1,plate01,7,BL_GZQ,0.5,B,0.01,0.05819950526881032,3.2494152194379364e-05,0.0004572234121984943,6.52143801134232e-05,0.9999953241224961
2,plate01,7,BL_GZQ,0.5,C,0.02,0.11420559135793479,6.27294514648393e-05,0.0008698841757990004,0.00012589509874479595,0.9999954746188251
3,plate01,7,BL_GZQ,0.5,D,0.03,0.1681609424342335,8.422062133514103e-05,0.0012012830732362305,0.00016902717238546106,0.9999962375126916
4,plate01,7,BL_GZQ,0.5,E,0.06,0.31859267128793045,0.00014240872015189814,0.0020972019041861443,0.00028580803425510865,0.999997002974885
5,plate01,7,BL_GZQ,0.5,F,0.1,0.4961949850429206,0.00020824480534732724,0.0027830478164134723,0.00041793858444196983,0.9999973579901508
6,plate01,7,BL_GZQ,0.5,G,0.2,0.852396077015264,0.0002703095465951102,0.003460077816769208,0.0005424993647564863,0.9999984915576113
7,plate01,7,BL_GZQ,0.5,H,0.5,1.4957367193588837,0.0002854933899692681,0.0032016801251383356,0.000572973541737564,0.9999994535158888
