,Plate,Column,E_name,E_conc,Row,S_conc,slope,slope stderr,int,int stderr,RSQ
0,plate07,2,BL_HCP,0.5,A,0.005,0.0006228614177099862,0.00010472788173277123,-0.0001723793416187328,0.00021018432314592487,0.702214848390901
1,plate07,2,BL_HCP,0.5,B,0.01,0.0007791283261037084,0.00016840851569646214,0.00034783573411486846,0.000337988605224898,0.5879545399767854
2,plate07,2,BL_HCP,0.5,C,0.02,0.0016578398405461543,0.0001222133310515989,0.0003810650400378112,0.0002452768579554774,0.9246279588835703
3,plate07,2,BL_HCP,0.5,D,0.03,0.0027431550742499154,0.0001333255736135095,-0.00011793613154217749,0.00026757862820468205,0.9657788112830663
4,plate07,2,BL_HCP,0.5,E,0.06,0.0049125354076231835,0.00019273689594055053,0.00018188286263799927,0.0003868146465868368,0.9774318302353431
5,plate07,2,BL_HCP,0.5,F,0.1,0.007628924689518657,0.00018799354007217973,-9.551144633268198e-05,0.0003772947837240025,0.9909736617031103
6,plate07,2,BL_HCP,0.5,G,0.2,0.01188222015783529,0.0001209117085615419,0.00024381436096968496,0.0002426645881927192,0.9984491875001682
7,plate07,2,BL_HCP,0.5,H,0.5,0.01877232668449474,0.00018159776104695883,0.00021287609290394067,0.0003644589691593877,0.9985982597543313
