,Plate,Column,E_name,E_conc,Row,S_conc,slope,slope stderr,int,int stderr,RSQ
0,plate02,8,BL_I82,0.5,A,0.005,0.000706983609560068,9.760267868927799e-05,-0.00011351518473591817,0.00019588434996167133,0.777672668664275
1,plate02,8,BL_I82,0.5,B,0.01,0.001116325264845449,0.00016112624477383717,-3.365266437520622e-06,0.0003233735257397854,0.7619079771756057
2,plate02,8,BL_I82,0.5,C,0.02,0.0018857048310273147,0.00012756508569025196,7.84963283861586e-05,0.00025601757311281815,0.9357646895368489
3,plate02,8,BL_I82,0.5,D,0.03,0.002278458130738123,0.00018404339866924914,0.000667193850949789,0.0003693671376629486,0.910854645089672
4,plate02,8,BL_I82,0.5,E,0.06,0.0034031991795447167,0.00016254935817263416,0.0007283818335958719,0.00032622952021098115,0.9669117440027046
5,plate02,8,BL_I82,0.5,F,0.1,0.004519116470369073,0.00011541753123135731,6.280569886627408e-05,0.00023163790338336907,0.9903105541986048
6,plate02,8,BL_I82,0.5,G,0.2,0.0054865605179625805,0.0001547900377614603,-0.00013344892137292908,0.0003106568751362496,0.9882016172326149
7,plate02,8,BL_I82,0.5,H,0.5,0.0060210101267806175,0.0002222796741942118,0.0004137163429324723,0.0004461056842590418,0.9799662055761129
