,Plate,Column,E_name,E_conc,Row,S_conc,slope,slope stderr,int,int stderr,RSQ
0,plate10,3,BL_NUF,0.5,A,0.005,0.00015301098907956342,0.00011073922664447355,2.3733915878926205e-05,0.00022224884097652196,0.1129068408426539
1,plate10,3,BL_NUF,0.5,B,0.01,0.00023567543298752894,0.0001328179674944714,-0.00012053378010484034,0.0002665599114714957,0.17348912932194027
2,plate10,3,BL_NUF,0.5,C,0.02,0.0005128887008689558,0.00015370365238366444,-0.00022041189058721915,0.0003084765748223861,0.42605007181526444
3,plate10,3,BL_NUF,0.5,D,0.03,0.0005774213454558483,0.0001087423067366634,-7.807358622852472e-05,0.00021824109638769878,0.6527462472436811
4,plate10,3,BL_NUF,0.5,E,0.06,0.0010119374094182101,0.00011658414193250575,2.3396882364060416e-05,0.0002339792677006102,0.8339616379993466
5,plate10,3,BL_NUF,0.5,F,0.1,0.0016375513595004595,0.00013030327775341027,7.187274561169853e-05,0.0002615130482885424,0.9132623187877885
6,plate10,3,BL_NUF,0.5,G,0.2,0.0030059086076021685,0.00018113660743075688,5.8932159220008906e-05,0.0003635334411497205,0.9483442668098547
7,plate10,3,BL_NUF,0.5,H,0.5,0.005879818181055238,0.00011036292288041335,-0.00016437018884078977,0.0002214935758121223,0.9947432100948815
