,Plate,Column,E_name,E_conc,Row,S_conc,slope,slope stderr,int,int stderr,RSQ
0,plate06,2,BL_GS0,0.5,A,0.005,0.0001379526661785833,0.0001650720568135634,1.7350520013195974e-05,0.00033129246313538726,0.04448942878992923
1,plate06,2,BL_GS0,0.5,B,0.01,6.520364580799065e-05,0.0001608957646496037,0.00017210811155891605,0.0003229108330566653,0.010830137360992143
2,plate06,2,BL_GS0,0.5,C,0.02,9.714053403806367e-05,0.0001561633445643209,0.000498712998566805,0.0003134130705000786,0.025147254353481974
3,plate06,2,BL_GS0,0.5,D,0.03,0.000489788440297834,0.00011348365838961496,0.00011268021769175684,0.00022775678509295687,0.5539341693520605
4,plate06,2,BL_GS0,0.5,E,0.06,0.0009222606655573148,0.00015044861412943046,6.0547165858251444e-05,0.00030194383125795103,0.7147084113162626
5,plate06,2,BL_GS0,0.5,F,0.1,0.001259065465347819,0.00014460428701914795,0.00012293568649117794,0.0002902145532303132,0.8348224230093233
6,plate06,2,BL_GS0,0.5,G,0.2,0.002214324386830853,0.00013005908320828013,0.00016218540958847012,0.0002610229323842836,0.9507984798397977
7,plate06,2,BL_GS0,0.5,H,0.5,0.004089291614174122,0.00017434819741733699,-0.00010682068472793899,0.0003499093283609667,0.9734571707327978
