,Plate,Column,E_name,E_conc,Row,S_conc,slope,slope stderr,int,int stderr,RSQ
0,plate06,12,BL_2ZK,0.5,A,0.005,0.00042818381596936565,8.888108515216394e-05,-0.00013472147013630665,0.0001783804904032616,0.60741430420805
1,plate06,12,BL_2ZK,0.5,B,0.01,0.0007075036500143451,0.0001364369720607588,-0.0002656686029226344,0.00027382309993659423,0.6419205915803381
2,plate06,12,BL_2ZK,0.5,C,0.02,0.0009701148580792116,0.00012457468194015052,0.00013792530695559948,0.00025001598907236435,0.801702310974644
3,plate06,12,BL_2ZK,0.5,D,0.03,0.0018026277622154357,0.00013711102285585112,-0.000608535265089827,0.00027517588288581416,0.9201487169140488
4,plate06,12,BL_2ZK,0.5,E,0.06,0.0030426154704960287,0.0001591726451190433,-2.401155111468142e-05,0.00031945267519733757,0.9605668398691954
5,plate06,12,BL_2ZK,0.5,F,0.1,0.004861483303838365,0.00011893892481681107,0.00021071469665415543,0.00023870528937477897,0.991101437938179
6,plate06,12,BL_2ZK,0.5,G,0.2,0.00890398907567096,0.000156959790889581,-8.150747607912385e-05,0.00031501134191661055,0.9953604180622614
7,plate06,12,BL_2ZK,0.5,H,0.5,0.016730902553817536,0.00016788433451438368,0.00023746824148052913,0.0003369366527801703,0.9984919441195074
