,Plate,Column,E_name,E_conc,Row,S_conc,slope,slope stderr,int,int stderr,RSQ
0,plate06,5,BL_XY2,0.5,A,0.005,-0.00010877934892151063,0.00013728100631446737,0.00029310682163745415,0.0002755170371980485,0.04017650134584527
1,plate06,5,BL_XY2,0.5,B,0.01,0.00014284182452247425,0.00011282505045734713,-3.751230928899537e-06,0.00022643498656841254,0.09654211287892633
2,plate06,5,BL_XY2,0.5,C,0.02,0.0005720114418564652,0.00011593116618328408,-0.00023898003578473368,0.00023266883165102927,0.6187567354651297
3,plate06,5,BL_XY2,0.5,D,0.03,0.0004942747223866877,0.00015782485314084482,7.40676240845897e-05,0.0003167476366288709,0.3953594188532581
4,plate06,5,BL_XY2,0.5,E,0.06,0.0010173880127262488,9.469299630165319e-05,-6.404895342989576e-05,0.0001900447299853935,0.8850002362650881
5,plate06,5,BL_XY2,0.5,F,0.1,0.0014613009191528287,0.00011249385557544932,7.713145468998794e-05,0.00022577029939379768,0.9183635502858789
6,plate06,5,BL_XY2,0.5,G,0.2,0.0024284969490611166,0.00013649801831689982,-8.64567300816357e-05,0.0002739456234286536,0.9547559769477053
7,plate06,5,BL_XY2,0.5,H,0.5,0.0034325227714057794,6.26334388697455e-05,0.0002870919255052306,0.0001257025964285555,0.9950304940342135
