,Plate,Column,E_name,E_conc,Row,S_conc,slope,slope stderr,int,int stderr,RSQ
0,plate05,1,Blank,0.0,A,0.005,0.00023184697758565475,0.00012145709825352539,-0.0003403638084796722,0.00024375913773933821,0.19544390989310068
1,plate05,1,Blank,0.0,B,0.01,-0.00011342245794872182,0.00015728372802764357,0.0002623151615816354,0.000315661634250011,0.03350718205458758
2,plate05,1,Blank,0.0,C,0.02,4.2638402765422624e-05,0.00017394201442476136,-0.00020690770566629606,0.0003490940960181478,0.0039899274342296565
3,plate05,1,Blank,0.0,D,0.03,-0.0001245484513976947,0.00013819687255010524,0.00013999127203615514,0.000277355139446127,0.05136733516235692
4,plate05,1,Blank,0.0,E,0.06,-2.3369173477253036e-05,0.0001785223551693938,7.929100466421172e-05,0.00035828664507616006,0.0011410774181364047
5,plate05,1,Blank,0.0,F,0.1,1.7552938861678496e-05,0.00015616411413868703,-0.00010920543162647916,0.00031341461549053634,0.0008415580376072151
6,plate05,1,Blank,0.0,G,0.2,2.348015220644202e-05,0.00015984661978056904,-0.00018961211664290622,0.0003208052442574102,0.0014364199463692273
7,plate05,1,Blank,0.0,H,0.5,-2.287112335248699e-05,8.66815808018986e-05,0.00011972036963361187,0.00017396618007877373,0.004619755738744957
