,Plate,Column,E_name,E_conc,Row,S_conc,slope,slope stderr,int,int stderr,RSQ
0,plate01,8,BL_ZXr,0.5,A,0.005,8.682061847667021e-05,0.00017063928452530015,0.00041061363531874514,0.00034246565802221833,0.016965442931860975
1,plate01,8,BL_ZXr,0.5,B,0.01,0.0003127934189464844,0.00018243591601754594,0.0004750686808159712,0.0003661409869679309,0.16386294670395685
2,plate01,8,BL_ZXr,0.5,C,0.02,0.0011429214641329047,0.00015181457989036406,0.00010083335116409192,0.00030468529645927576,0.7907274494404244
3,plate01,8,BL_ZXr,0.5,D,0.03,0.0016123699914147198,0.0001829664016158599,0.00024007436358602832,0.00036720565341725835,0.8381144902688
4,plate01,8,BL_ZXr,0.5,E,0.06,0.003112094792048284,0.00012549458414133586,-0.00012492109074503926,0.00025186217554365605,0.9761894413460043
5,plate01,8,BL_ZXr,0.5,F,0.1,0.004773195125966778,0.00013310686881631926,-0.00012424544062960188,0.0002671396635724573,0.9884698000395873
6,plate01,8,BL_ZXr,0.5,G,0.2,0.007741096589789395,0.00012782481941149576,0.0001693083933485133,0.00025653884587241584,0.9959267258829615
7,plate01,8,BL_ZXr,0.5,H,0.5,0.012766457801613949,0.00015621171064412648,-0.00011589364566369093,0.000313509976563096,0.9977592058735557
