,Plate,Column,E_name,E_conc,Row,S_conc,slope,slope stderr,int,int stderr,RSQ
0,plate06,10,BL_21E,0.5,A,0.005,0.0005286536086130634,0.0001544228786569265,0.0001541972361157164,0.0003099200277201184,0.4386179630257543
1,plate06,10,BL_21E,0.5,B,0.01,0.0008398484267945009,0.00011649005243254811,0.000342426124598823,0.00023379049394516602,0.7760476870777091
2,plate06,10,BL_21E,0.5,C,0.02,0.0018929391043989,0.00014744503159829815,-8.813135687061914e-05,0.0002959157957490636,0.9165837938876529
3,plate06,10,BL_21E,0.5,D,0.03,0.0022511687882246067,0.0001731765981943423,0.00024010720960878867,0.0003475579230892456,0.918469827779415
4,plate06,10,BL_21E,0.5,E,0.06,0.003344695462013169,0.00012466431897495834,0.00040952215201288774,0.0002501958932814314,0.9795870632998017
5,plate06,10,BL_21E,0.5,F,0.1,0.004413877699389172,0.00013355142274321124,0.0004511572775396208,0.00026803193534434295,0.9864535848176453
6,plate06,10,BL_21E,0.5,G,0.2,0.0057601296382798,0.00014848057325044002,-0.00041646825899272155,0.0002979940636418982,0.9901313281081521
7,plate06,10,BL_21E,0.5,H,0.5,0.0062631010234309985,0.00015692615836050304,0.00047623119657637353,0.0003149440099999902,0.990671052095087
