,Plate,Column,E_name,E_conc,Row,S_conc,slope,slope stderr,int,int stderr,RSQ
0,plate01,12,BL_sXT,0.5,A,0.005,0.0016101880745099204,0.00010765169276333325,-0.0003075880459713573,0.00021605228492514402,0.9371657863632945
1,plate01,12,BL_sXT,0.5,B,0.01,0.002569704981945762,0.00010690955161655238,-0.00014652912778256408,0.0002145628397467866,0.9746938561209036
2,plate01,12,BL_sXT,0.5,C,0.02,0.003883731010717413,0.00016138524186564877,0.0003345150346453158,0.0003238931858851134,0.9747526933858529
3,plate01,12,BL_sXT,0.5,D,0.03,0.005313714458579875,0.0001731146956137602,6.208596879065112e-05,0.00034743371524965943,0.984328777193131
4,plate01,12,BL_sXT,0.5,E,0.06,0.00743975687119301,0.00015723683538414125,-5.493540046361492e-05,0.00031556736424685777,0.9933444846168981
5,plate01,12,BL_sXT,0.5,F,0.1,0.009184675857136705,0.00013247176413077466,-0.0005517524964340975,0.0002658651067218739,0.996889306858151
6,plate01,12,BL_sXT,0.5,G,0.2,0.010247864502216696,0.00013388298006920536,0.0006060474740830703,0.0002686973364865949,0.997446329910203
7,plate01,12,BL_sXT,0.5,H,0.5,0.011721443275323753,0.00015050808140647923,-0.00015060132717737714,0.0003020631862874162,0.9975329612534383
