,Plate,Column,Enzyme,E_Conc,Row,S_Conc,slope,slope stderr,int,int stderr,RSQ
0,plate01,7,BL_GZQ,0.5,A,0.005,3.0893576478528892,0.9323691026986037,-0.05663156106855623,0.031187073557679752,0.4226093609492677
1,plate01,7,BL_GZQ,0.5,B,0.01,2.384720192646419,0.7320086613040389,0.030336799411803148,0.024485161580825057,0.414362262428589
2,plate01,7,BL_GZQ,0.5,C,0.02,6.817174031334344,1.0943634802469122,0.007000443852783063,0.036605665568906695,0.7212145673319137
3,plate01,7,BL_GZQ,0.5,D,0.04,10.166785131700799,1.0900227409123062,-0.010856006752049265,0.03646047275182009,0.8529344950624601
4,plate01,7,BL_GZQ,0.5,E,0.08,19.117599284899956,1.1803212785285868,0.015179387874158063,0.03948088936153924,0.9459149877383878
5,plate01,7,BL_GZQ,0.5,F,0.16,32.367903337251235,1.33836594322867,-0.06511559695050174,0.04476737322283006,0.974995708925949
6,plate01,7,BL_GZQ,0.5,G,0.32,51.31810644941064,1.4274706491277174,-0.00161121220294188,0.04774779184160518,0.9885272698844937
7,plate01,7,BL_GZQ,0.5,H,0.5,90.08448756744295,0.8521239742545634,0.020985157016422836,0.028502927383813843,0.9986596620489585
