,Plate,Column,E_name,E_conc,Row,S_conc,slope,slope stderr,int,int stderr,RSQ
0,plate08,3,BL_B8C,0.5,A,0.005,0.000457548589043956,0.00012760751884988546,-1.1148033290346204e-05,0.000256102801023598,0.4615254977887697
1,plate08,3,BL_B8C,0.5,B,0.01,0.00046764844174107225,0.00011907904874898199,0.00038749417757609847,0.0002389864953014129,0.5069516353155474
2,plate08,3,BL_B8C,0.5,C,0.02,0.0013602975289536134,0.0001102653230035112,3.947207319443535e-06,0.00022129755395960192,0.9102829306401868
3,plate08,3,BL_B8C,0.5,D,0.03,0.001859087878444039,0.00018123085327288396,0.00021559011966096222,0.0003637224661972771,0.8752381371864147
4,plate08,3,BL_B8C,0.5,E,0.06,0.0035715769838165832,0.0001284414518133221,0.0004314505942649657,0.00025777643791623705,0.980970060349923
5,plate08,3,BL_B8C,0.5,F,0.1,0.005860128486927635,0.0001779920858949875,0.0002816691257912914,0.00035722240955903954,0.986350720946181
6,plate08,3,BL_B8C,0.5,G,0.2,0.010477176490724646,0.00012356046924851178,-0.0001241270057112574,0.0002479804471300739,0.9979181155314109
7,plate08,3,BL_B8C,0.5,H,0.5,0.018962423500819846,0.00015477146192085424,0.00032224393821085086,0.0003106196953855701,0.9990017207616538
