,Plate,Column,E_name,E_conc,Row,S_conc,slope,slope stderr,int,int stderr,RSQ
0,plate00,10,wt1,0.25,A,0.005,0.00092453514111944,0.00015191821924099658,0.00021520078053872496,0.00030489329136365926,0.7117394606676786
1,plate00,10,wt1,0.25,B,0.01,0.0019382126531758248,0.00013999059170926746,-0.00020162787211212472,0.0002809550528656706,0.9274284420726336
2,plate00,10,wt1,0.25,C,0.02,0.003091870691518143,0.00013919782506142118,0.00022992154078633857,0.0002793639889398626,0.9704942735973824
3,plate00,10,wt1,0.25,D,0.03,0.004264917618130146,0.00010873027760225478,-1.3863964956634296e-05,0.0002182168060149977,0.9903448855418993
4,plate00,10,wt1,0.25,E,0.06,0.006133755838479917,0.0001451432248507245,8.919000401411843e-05,0.00029129614168528316,0.9916708881283545
5,plate00,10,wt1,0.25,F,0.1,0.007769796852677135,0.00012594941084389364,-0.0004461328560988925,0.0002527750258261821,0.9960739498304665
6,plate00,10,wt1,0.25,G,0.2,0.009305083064899859,0.00014806558803150875,-0.00044079553457995513,0.00029716124137563833,0.9962163335345428
7,plate00,10,wt1,0.25,H,0.5,0.01053430547665234,0.00012690719151682998,-0.00028662934274968264,0.00025469719767483057,0.9978277619128654
