,Plate,Column,E_name,E_conc,Row,S_conc,slope,slope stderr,int,int stderr,RSQ
0,plate06,8,BL_J2I,0.5,A,0.005,0.0007115147466536075,0.00017224446153167732,-0.00011202495024528575,0.00034568717195176393,0.5321835946299082
1,plate06,8,BL_J2I,0.5,B,0.01,0.0012211484335410674,0.00012195070662276037,0.00012638626805243063,0.0002447497941654524,0.8698700333479046
2,plate06,8,BL_J2I,0.5,C,0.02,0.0022795044806586118,0.00014865205465619012,-2.3717961969982326e-06,0.00029833900302878865,0.9400348244692412
3,plate06,8,BL_J2I,0.5,D,0.03,0.0034643329933154846,0.0001338323962013364,-0.0002483451062781509,0.0002685958359004111,0.9781042521688242
4,plate06,8,BL_J2I,0.5,E,0.06,0.0059383422512263775,0.00011726262100320497,0.0005102168904334101,0.00023534099577124994,0.9941850352321935
5,plate06,8,BL_J2I,0.5,F,0.1,0.009508445802727505,0.00011462719591743031,0.00042348644426116425,0.00023005184431231052,0.9978247857694001
6,plate06,8,BL_J2I,0.5,G,0.2,0.015667420277913846,0.0001752528278703268,0.000773971317996077,0.0003517248842326432,0.9981266787798273
7,plate06,8,BL_J2I,0.5,H,0.5,0.02669768557789176,0.00013672411461249914,0.00015842525374398786,0.0002743992189768307,0.9996067557207099
