,Plate,Column,E_name,E_conc,Row,S_conc,slope,slope stderr,int,int stderr,RSQ
0,plate10,9,BL_3L3,0.5,A,0.005,0.0004993623115476678,0.00011929503070984813,-0.00010056618318939842,0.00023941996665171014,0.5387755258944802
1,plate10,9,BL_3L3,0.5,B,0.01,0.0007590156613007704,0.00018242060934875985,0.00045801522936603266,0.00036611026508806245,0.5357798621116054
2,plate10,9,BL_3L3,0.5,C,0.02,0.0017777104585577168,0.00010599021007843176,0.00011800577283127111,0.00021271775733588624,0.9493779363683792
3,plate10,9,BL_3L3,0.5,D,0.03,0.00253237712777744,0.0001673858021095762,0.0004203765854527355,0.0003359360586933511,0.938495892764482
4,plate10,9,BL_3L3,0.5,E,0.06,0.004768609893175083,0.00011028084804876089,0.0007005138583651643,0.00022132889747156385,0.9920413814486582
5,plate10,9,BL_3L3,0.5,F,0.1,0.007939097548349155,0.00012065162439201178,-0.00013305023533453827,0.00024214250418108733,0.9965476669529947
6,plate10,9,BL_3L3,0.5,G,0.2,0.013176751780117492,0.00016240062463339204,0.000572128066933131,0.0003259310077202287,0.9977266762138178
7,plate10,9,BL_3L3,0.5,H,0.5,0.022960995187175225,0.00015747115643903462,0.0003155684499529646,0.00031603769675215876,0.9992949742633518
