,Plate,Column,E_name,E_conc,Row,S_conc,slope,slope stderr,int,int stderr,RSQ
0,plate07,7,BL_YTJ,0.5,A,0.005,0.001763095341958423,0.0001466922272600133,0.0006426827924175076,0.0002944049458345432,0.9059305242778936
1,plate07,7,BL_YTJ,0.5,B,0.01,0.00386473488036024,0.00019539106094741614,-0.000174328936805319,0.0003921413718609433,0.9630749392155613
2,plate07,7,BL_YTJ,0.5,C,0.02,0.006901985815261229,0.00011578858719149136,0.0002998122480447745,0.00023238270158268436,0.9957961675822831
3,plate07,7,BL_YTJ,0.5,D,0.03,0.0092801658426346,0.00016498279537979034,0.00018347477544749518,0.0003311133170662187,0.9952815099816285
4,plate07,7,BL_YTJ,0.5,E,0.06,0.014293588293572773,0.00014245137602438332,6.216088314524978e-05,0.00028589391043862435,0.9985123616051658
5,plate07,7,BL_YTJ,0.5,F,0.1,0.017868171980145398,0.00012414180134981225,0.00023839313379177122,0.0002491471857381445,0.9992764772677333
6,plate07,7,BL_YTJ,0.5,G,0.2,0.022409977047158303,0.0001617585729053142,4.519065131325384e-05,0.0003246429740131463,0.9992190833650841
7,plate07,7,BL_YTJ,0.5,H,0.5,0.02570070140037479,0.00012945417772023204,0.0005733082032069961,0.00025980890917377987,0.9996195757507735
