,Plate,Column,E_name,E_conc,Row,S_conc,slope,slope stderr,int,int stderr,RSQ
0,plate01,4,BL_z1n,0.5,A,0.005,0.0006005779613844282,0.00016031832785975633,7.049744403464766e-05,0.00032175193284500773,0.4833591599189563
1,plate01,4,BL_z1n,0.5,B,0.01,0.0010967276041784276,0.00015505201359002985,0.0002516523945371845,0.0003111826700960864,0.7693422428788825
2,plate01,4,BL_z1n,0.5,C,0.02,0.002210630931387965,0.00012649660925691364,-0.00021939613263638255,0.0002538732063074206,0.9531841137177138
3,plate01,4,BL_z1n,0.5,D,0.03,0.002778166332480306,0.00011273442479977792,-0.0003560652990831588,0.00022625310761857493,0.9758958757400362
4,plate01,4,BL_z1n,0.5,E,0.06,0.0038920683247445752,0.0001306876430483007,0.00015958274557483317,0.0002622843995320313,0.983369104134481
5,plate01,4,BL_z1n,0.5,F,0.1,0.0048616351095864705,0.00012384662106414035,3.8612812282086735e-05,0.00024855494399953463,0.9903597323521461
6,plate01,4,BL_z1n,0.5,G,0.2,0.005995054816321226,0.00014483088564380567,-0.0002974043146315556,0.0002906693381160852,0.991321553722394
7,plate01,4,BL_z1n,0.5,H,0.5,0.006841307037441182,0.00011368003067811415,-0.00036805979034878453,0.0002281508914062002,0.9958753562580752
