,Plate,Column,E_name,E_conc,Row,S_conc,slope,slope stderr,int,int stderr,RSQ
0,plate08,10,BL_2RM,0.5,A,0.005,0.00026536939668293596,0.00011666721420872426,0.000507901881883836,0.000234146046877886,0.2564588858092314
1,plate08,10,BL_2RM,0.5,B,0.01,0.0010617230265591911,8.960934335621881e-05,5.428696081126118e-05,0.00017984205431613396,0.9034646589272215
2,plate08,10,BL_2RM,0.5,C,0.02,0.0018207505047903826,0.00011945089548229043,0.0004449805300968387,0.0002397327688076932,0.9393544824523908
3,plate08,10,BL_2RM,0.5,D,0.03,0.0028386669331330635,0.00010257931974751619,0.00020072164122304033,0.00020587225657456662,0.9807886706072444
4,plate08,10,BL_2RM,0.5,E,0.06,0.005676071925205161,0.00013811834249195549,-0.0001965960995805456,0.0002771975266576602,0.9911964480456841
5,plate08,10,BL_2RM,0.5,F,0.1,0.008909837311253428,0.00015096527136140665,-0.00043934703462889224,0.0003029807864822245,0.9957121489592121
6,plate08,10,BL_2RM,0.5,G,0.2,0.014277653986448527,0.0001355607526660902,0.0001030799429555127,0.0002720643655503881,0.9986496139592025
7,plate08,10,BL_2RM,0.5,H,0.5,0.023168892156851136,0.0001591295912655988,0.0006750081496507735,0.0003193661784898307,0.9992929086569139
