,Plate,Column,E_name,E_conc,Row,S_conc,slope,slope stderr,int,int stderr,RSQ
0,plate03,12,BL_VUW,0.5,A,0.005,0.003861641312889415,0.0001879497036791268,0.001235660306887009,0.0003772069124770602,0.9656863611172316
1,plate03,12,BL_VUW,0.5,B,0.01,0.007876220464011447,0.00017976990202611963,0.0007167551032717142,0.0003607903998037832,0.9922463025139953
2,plate03,12,BL_VUW,0.5,C,0.02,0.013596232464929778,0.00020167040269358232,0.0015089542882361787,0.0004047437845982048,0.9967106684202381
3,plate03,12,BL_VUW,0.5,D,0.03,0.018111216969658287,0.00018462862901872594,0.0011733941554602971,0.00037054165746621597,0.9984436133778343
4,plate03,12,BL_VUW,0.5,E,0.06,0.0268720510798964,0.0001935803001987468,0.0005158108835644019,0.00038850729766827855,0.9992221883729017
5,plate03,12,BL_VUW,0.5,F,0.1,0.03251795196054587,0.00020140245634422087,0.0009031171196299355,0.0004042059616095432,0.9994249252675649
6,plate03,12,BL_VUW,0.5,G,0.2,0.03848128176284712,0.00018801159225388764,0.00041316999734395467,0.0003773312794771133,0.9996420627380396
7,plate03,12,BL_VUW,0.5,H,0.5,0.043241656991955,0.0001472430727257231,-0.00017074842338413764,0.0002955103123271203,0.9998261077046886
