,Plate,Column,E_name,E_conc,Row,S_conc,slope,slope stderr,int,int stderr,RSQ
0,plate04,12,BL_R84,0.5,A,0.005,6.767283660351431e-05,0.00012714566014888153,0.00013491880055611395,0.0002551758353382088,0.018535694233488886
1,plate04,12,BL_R84,0.5,B,0.01,0.00022346898104390252,0.00013609047871012238,-0.00017743692233498294,0.00027312770060474145,0.15236840428990772
2,plate04,12,BL_R84,0.5,C,0.02,0.0003196532330436513,0.0001679236952101527,-0.00023681484344893923,0.00033701558753024,0.19456815367303537
3,plate04,12,BL_R84,0.5,D,0.03,7.675405680971e-05,0.0001412842929988438,0.00036127684093754725,0.00028355146018416865,0.019295745943894937
4,plate04,12,BL_R84,0.5,E,0.06,0.0003434004522861942,0.000165943946422956,0.00021621224138800992,0.00033304231588551406,0.2220852268592638
5,plate04,12,BL_R84,0.5,F,0.1,0.0007741090219557,0.00013946027100751718,-4.7579751207423557e-05,0.0002798907134186875,0.6725665381943255
6,plate04,12,BL_R84,0.5,G,0.2,0.0013448579787079806,0.00015031465385585525,-1.1937066539680075e-06,0.00030167613878277966,0.8421846745711524
7,plate04,12,BL_R84,0.5,H,0.5,0.0024038365896883666,0.00014021801560551493,0.00029650733855112425,0.0002814114827998612,0.9514408850547492
