,Plate,Column,E_name,E_conc,Row,S_conc,slope,slope stderr,int,int stderr,RSQ
0,plate00,8,wt1,0.5,A,0.005,0.002054684688583764,9.255559801081364e-05,-0.00017417397527525613,0.00018575509205468163,0.97046174544712
1,plate00,8,wt1,0.5,B,0.01,0.0032975207369573202,0.00011411840068874811,0.000767774774385925,0.00022903068890642143,0.9823520330210158
2,plate00,8,wt1,0.5,C,0.02,0.006056453981271114,0.0002103101430458615,0.0005500293637905177,0.00042208335972842187,0.9822339907470137
3,plate00,8,wt1,0.5,D,0.03,0.00818227919316665,0.00014819589542087297,0.00028952378744559107,0.00029742275081919814,0.9951035279050361
4,plate00,8,wt1,0.5,E,0.06,0.01202228697441382,0.0001455337769780139,0.0003397283452026119,0.00029207997979880756,0.9978067349770806
5,plate00,8,wt1,0.5,F,0.1,0.01488837969137802,0.00018261855553196936,0.0004984629505188954,0.00036650751531290017,0.9977483172756978
6,plate00,8,wt1,0.5,G,0.2,0.018072738959704772,0.00018456267053982065,-0.00016594442100697514,0.0003704093106368374,0.9984381037504866
7,plate00,8,wt1,0.5,H,0.5,0.020754867159970485,0.00010303283025252398,-0.0002645261980081804,0.00020678246333111593,0.9996304762688217
