,Plate,Column,E_name,E_conc,Row,S_conc,slope,slope stderr,int,int stderr,RSQ
0,plate03,3,BL_OI6,0.5,A,0.005,-9.135850954340185e-05,0.0001217927012931894,0.00021953886306127932,0.0002444326798199207,0.036155245001582736
1,plate03,3,BL_OI6,0.5,B,0.01,0.00013163359373128054,0.00012110194735411119,0.00021051445789277385,0.00024304636733041803,0.07301509337544898
2,plate03,3,BL_OI6,0.5,C,0.02,0.00039043292650389744,0.00016154897893892704,-9.562900119688192e-05,0.0003242218069559796,0.28026357401128055
3,plate03,3,BL_OI6,0.5,D,0.03,0.0005067545076939974,0.00017494769987832565,-0.0002236769259587548,0.0003511124604429061,0.35870919713100846
4,plate03,3,BL_OI6,0.5,E,0.06,0.0007300880539292722,0.00013191361937552032,0.0001902447458648508,0.0002647449165920548,0.6712812341580341
5,plate03,3,BL_OI6,0.5,F,0.1,0.0012852432496374831,0.00014229413085264472,0.00022587197478185123,0.00028557816122997353,0.8446922619137103
6,plate03,3,BL_OI6,0.5,G,0.2,0.0024974256314526664,0.0001340223251606525,0.00022357268363594086,0.0002689770011781651,0.9585910945260001
7,plate03,3,BL_OI6,0.5,H,0.5,0.004613722671924417,0.00010685866732645158,-6.505261858048017e-05,0.00021446075887148353,0.992017715106088
