,Plate,Column,E_name,E_conc,Row,S_conc,slope,slope stderr,int,int stderr,RSQ
0,plate11,10,BL_W5Q,0.5,A,0.005,0.0004485013573357411,0.0001376902488861163,0.00021055636760543015,0.0002763383690276637,0.4142945163843428
1,plate11,10,BL_W5Q,0.5,B,0.01,0.0011912147197598215,0.0001433017332039611,-0.00031828171592672655,0.00028760037313548507,0.8216406239536751
2,plate11,10,BL_W5Q,0.5,C,0.02,0.0021573728167034157,0.00013839534693056536,0.00016066244000294792,0.0002777534546216293,0.941860626079917
3,plate11,10,BL_W5Q,0.5,D,0.03,0.0031027929362270764,0.0001217701075449978,0.00025501488166843923,0.00024438733665285917,0.9774187620396609
4,plate11,10,BL_W5Q,0.5,E,0.06,0.005873209947886326,0.0001264168500869273,0.00010398024975354711,0.00025371311438089335,0.9930985264579032
5,plate11,10,BL_W5Q,0.5,F,0.1,0.008988541547033695,0.00018227249485747139,-6.0580819374137116e-05,0.00036581269072401827,0.9938696835309484
6,plate11,10,BL_W5Q,0.5,G,0.2,0.015324874463680544,0.0001436697830435512,0.0001100963411505334,0.00028833890851917343,0.9986833948011381
7,plate11,10,BL_W5Q,0.5,H,0.5,0.026209983507573198,0.0001372362386062403,1.3788080668319935e-06,0.000275451549468703,0.9995887044754863
