,Plate,Column,E_name,E_conc,Row,S_conc,slope,slope stderr,int,int stderr,RSQ
0,plate05,9,BL_IMR,0.5,A,0.005,0.000682587330869369,0.00014695387934585418,-0.000607649371341043,0.00029493007389732825,0.5898857666043865
1,plate05,9,BL_IMR,0.5,B,0.01,0.0007256487493045767,0.00014987223270937958,0.00021417678176616757,0.0003007870826282226,0.6098104547527081
2,plate05,9,BL_IMR,0.5,C,0.02,0.0016523550630112415,0.0001361920501758131,-0.00019398530875713955,0.000273331542820906,0.9075206942459364
3,plate05,9,BL_IMR,0.5,D,0.03,0.0021723964368981653,0.00017815729017568106,-7.453410287089197e-05,0.00035755394194474007,0.9083613013810092
4,plate05,9,BL_IMR,0.5,E,0.06,0.004282089927205267,0.00012090688831318641,2.6123678529536045e-05,0.00024265512840478945,0.9881826282028563
5,plate05,9,BL_IMR,0.5,F,0.1,0.006711261520198138,0.00015616464466424636,0.0001857124880340555,0.0003134156795908189,0.9919437098674548
6,plate05,9,BL_IMR,0.5,G,0.2,0.011601845771929135,0.00015998891685727523,0.0002242513159318909,0.0003210907841558138,0.9971556693437961
7,plate05,9,BL_IMR,0.5,H,0.5,0.020853943881234516,0.00015607964390517567,-7.499254424203627e-05,0.0003132451412936451,0.9991604560078636
