,Plate,Column,E_name,E_conc,Row,S_conc,slope,slope stderr,int,int stderr,RSQ
0,plate00,7,wt1,0.5,A,0.005,0.002171566999981808,0.00018504816692359614,-0.0004792899228490016,0.00037138365661626606,0.9017769331124832
1,plate00,7,wt1,0.5,B,0.01,0.0033933177855066483,0.0001734280973364922,0.0004423214458302517,0.00034806267418334777,0.9622958025058209
2,plate00,7,wt1,0.5,C,0.02,0.005936854804443725,0.00015854212890527614,0.0006028850779978335,0.00031818717765447684,0.989416078222336
3,plate00,7,wt1,0.5,D,0.03,0.008126486979978628,0.000167178762204887,0.0002486341426571509,0.00033552056836347294,0.9936918850761296
4,plate00,7,wt1,0.5,E,0.06,0.01205651593371277,0.00021633642999104561,0.0004735039411959966,0.00043417782255515935,0.9951936627846648
5,plate00,7,wt1,0.5,F,0.1,0.0148615777527481,0.00015947263390295665,4.9305991076442623e-05,0.0003200542750931019,0.998275818949767
6,plate00,7,wt1,0.5,G,0.2,0.017998574179226755,0.00021583844769362093,0.0003462610915317437,0.0004331783840996344,0.9978475312226223
7,plate00,7,wt1,0.5,H,0.5,0.02100023644011057,0.00010175133589341285,-0.0005373158580766554,0.00020421051370148594,0.9996479776968376
