,Plate,Column,Enzyme,E_Conc,Row,S_Conc,slope,slope stderr,int,int stderr,RSQ
0,plate01,9,BL_n5l,0.5,A,0.005,0.6497699349321923,0.009688743496288028,0.1470376747281918,0.019444888885089943,0.9966760006329657
1,plate01,9,BL_n5l,0.5,B,0.01,1.2050745592031435,0.01442336809948074,0.21325310367223566,0.028947074295895922,0.9978558037948161
2,plate01,9,BL_n5l,0.5,C,0.02,2.0776712915683713,0.01669813993966554,0.2377544112820629,0.03351244262639999,0.9990320495764395
3,plate01,9,BL_n5l,0.5,D,0.03,2.711568885331471,0.015268663263917735,0.2148011217359518,0.03064354399704404,0.9995246150887964
4,plate01,9,BL_n5l,0.5,E,0.06,3.8249138642124936,0.009447050240948397,0.13190456089474725,0.018959817573840326,0.9999085043866821
5,plate01,9,BL_n5l,0.5,F,0.1,4.519232844845454,0.005157842811165037,0.07198831825189754,0.010351564777462628,0.9999804615983738
6,plate01,9,BL_n5l,0.5,G,0.2,5.183036343078658,0.0020375346583054736,0.025598630757622875,0.004089243533303616,0.9999976819022252
7,plate01,9,BL_n5l,0.5,H,0.5,5.653379681558946,0.0009321847057527267,0.005161099801699419,0.0018708460656913749,0.999999592177093
