,Plate,Column,E_name,E_conc,Row,S_conc,slope,slope stderr,int,int stderr,RSQ
0,plate01,5,BL_CrO,0.5,A,0.005,0.000300617650300574,8.952986244415153e-05,0.0004484617472474744,0.00017968255700906915,0.42910191616327864
1,plate01,5,BL_CrO,0.5,B,0.01,0.0009755422779314904,0.00012942101379523894,-0.00020563095086265394,0.00025974237415538645,0.7911374352539425
2,plate01,5,BL_CrO,0.5,C,0.02,0.0018340599402767875,0.00014266462938777226,5.860904018361374e-05,0.000286321703767729,0.9167915695181488
3,plate01,5,BL_CrO,0.5,D,0.03,0.0029454901153310245,9.587419835824537e-05,-0.0006440406132499127,0.0001924153685584255,0.9843565671892899
4,plate01,5,BL_CrO,0.5,E,0.06,0.004687308770425971,0.00013905429490933345,0.0002347439736549255,0.00027907595182612946,0.986970814632048
5,plate01,5,BL_CrO,0.5,F,0.1,0.007120747650448287,0.00012209152934432473,-0.0003225495314194202,0.00024503239739263525,0.995609639989789
6,plate01,5,BL_CrO,0.5,G,0.2,0.011088835520717471,0.00012191995545493697,-0.00018751388506486796,0.00024468807242760576,0.9981899863767987
7,plate01,5,BL_CrO,0.5,H,0.5,0.01657807074455595,0.00016601401000843272,0.00038719230026027987,0.00033318294641183986,0.9984980344411774
