,Plate,Column,E_name,E_conc,Row,S_conc,slope,slope stderr,int,int stderr,RSQ
0,plate00,4,wt1,1.0,A,0.005,0.0034304430580963524,0.00011567166288781771,0.000622610657414906,0.0002321480172650044,0.9832312596716294
1,plate00,4,wt1,1.0,B,0.01,0.006280107808466494,0.00011098371441170712,0.0011698164692084375,0.00022273951434201905,0.9953372103131135
2,plate00,4,wt1,1.0,C,0.02,0.011602332037196995,0.00019210029729285584,0.0009320068889791534,0.0003855369822679419,0.9959048058844108
3,plate00,4,wt1,1.0,D,0.03,0.01534215632057168,0.0001073573533747371,0.0015550008309462356,0.00021546155210452596,0.9992660557224949
4,plate00,4,wt1,1.0,E,0.06,0.023449722916955525,0.00013374425925211824,0.0010389697617863012,0.00026841897084491155,0.999512298121041
5,plate00,4,wt1,1.0,F,0.1,0.02964917161830922,0.0001987115983232582,0.00044554518167312917,0.0003988057322003795,0.9993266809459436
6,plate00,4,wt1,1.0,G,0.2,0.03613180099617583,0.0001661983712674693,8.353872659928123e-05,0.00033355287036477654,0.999682730910609
7,plate00,4,wt1,1.0,H,0.5,0.04137800189735405,0.00016942994010701932,-0.0001269520667546563,0.0003400385292359551,0.9997485663879446
