,Plate,Column,E_name,E_conc,Row,S_conc,slope,slope stderr,int,int stderr,RSQ
0,plate11,1,Blank,0.0,A,0.005,8.172105658037558e-05,0.00017389959578206145,-0.0002080288396312024,0.0003490089582733451,0.01450882917213725
1,plate11,1,Blank,0.0,B,0.01,-3.870850373966229e-05,0.00011848369484536161,5.648400374481526e-05,0.0002377916478297318,0.007065198500759595
2,plate11,1,Blank,0.0,C,0.02,-0.00013916613600933574,0.00013866980490226957,0.00035608182236740454,0.000278304295600412,0.06291999876155019
3,plate11,1,Blank,0.0,D,0.03,-0.00026296937668506026,9.968203461626974e-05,0.00042775626842019346,0.00020005752708708864,0.3169236037150037
4,plate11,1,Blank,0.0,E,0.06,-7.035703107071816e-05,0.00014707928156258634,0.0003609404463165347,0.0002951817481951814,0.015026074994066385
5,plate11,1,Blank,0.0,F,0.1,0.00010718418659593552,0.0001711151323008277,-0.00011103173565686979,0.0003434206627805993,0.025490563487753803
6,plate11,1,Blank,0.0,G,0.2,0.00011266839508374348,9.517695313878654e-05,-0.00037861334455750615,0.00019101602461748035,0.08544006119047731
7,plate11,1,Blank,0.0,H,0.5,-8.401608391317482e-05,0.00012668971455611665,0.00014475807293178405,0.0002542607733721125,0.028483993806668106
