,Plate,Column,Enzyme,E_Conc,Row,S_Conc,slope,slope stderr,int,int stderr,RSQ
0,plate01,8,BL_ZXr,0.5,A,0.005,3.633500846940077,1.1148160658022872,-0.05059258130816538,0.03728979294582216,0.4145867280267378
1,plate01,8,BL_ZXr,0.5,B,0.01,1.9683694170813633,0.9309130274120881,0.06395741961456854,0.031138369152499706,0.22961960284577854
2,plate01,8,BL_ZXr,0.5,C,0.02,10.190135266832984,1.2659418220806948,-0.04063851147570115,0.04234484052753945,0.8120151084528318
3,plate01,8,BL_ZXr,0.5,D,0.04,14.717114127031051,0.9242483985513081,-0.06201102404040884,0.03091544178283915,0.9441450004218276
4,plate01,8,BL_ZXr,0.5,E,0.08,23.63515268159531,1.0366322262188956,0.023049286184268946,0.03467459981842246,0.9719540861836213
5,plate01,8,BL_ZXr,0.5,F,0.16,38.65988833732846,0.9863455770964004,-0.017065090085304505,0.03299254178099413,0.9903304043461233
6,plate01,8,BL_ZXr,0.5,G,0.32,61.04100733030264,1.209089630832604,0.05040537889550828,0.04044318018720975,0.9941491806702164
7,plate01,8,BL_ZXr,0.5,H,0.5,101.66015115466587,0.9338091352077131,-0.006821419007393062,0.0312352419795315,0.9987359674459438
