,Plate,Column,E_name,E_conc,Row,S_conc,slope,slope stderr,int,int stderr,RSQ
0,plate04,10,BL_Z4Z,0.5,A,0.005,0.0003815180035016946,0.0001443232759772266,-0.00012836891853748887,0.00028965056523982084,0.31781192535550673
1,plate04,10,BL_Z4Z,0.5,B,0.01,0.0006077153339313181,0.00010892132082459429,0.000327141539638464,0.0002186003757972458,0.6748297033096191
2,plate04,10,BL_Z4Z,0.5,C,0.02,0.001325792087728826,0.00015068230547156728,-0.0001587448280228802,0.00030241287084196354,0.8376890467467071
3,plate04,10,BL_Z4Z,0.5,D,0.03,0.001959235888322527,0.00011001021564865014,-0.00032184734890283305,0.00022078574154841955,0.9548439216822354
4,plate04,10,BL_Z4Z,0.5,E,0.06,0.0036620429771492304,0.00010035556465254264,-3.1464338017529876e-05,0.0002014093373214064,0.9888605729584684
5,plate04,10,BL_Z4Z,0.5,F,0.1,0.005791212463320594,0.00017378827568326996,-1.9513130332882156e-05,0.00034878526882596117,0.9866719500736053
6,plate04,10,BL_Z4Z,0.5,G,0.2,0.010029949719757347,0.00012276901142793618,1.3444278321395053e-05,0.00024639196722265754,0.997757698475724
7,plate04,10,BL_Z4Z,0.5,H,0.5,0.01849281696878461,0.000127274963525721,0.00014313955681231503,0.00025543518791293514,0.9992899952437243
