,Plate,Column,E_name,E_conc,Row,S_conc,slope,slope stderr,int,int stderr,RSQ
0,plate10,11,BL_Z8H,0.5,A,0.005,0.0007895324769299447,0.0001093906203420487,-0.0008684152180124395,0.00021954223851631,0.7764299140893404
1,plate10,11,BL_Z8H,0.5,B,0.01,0.0006634773546150103,9.281938080815913e-05,0.00037288242896127877,0.00018628447864660954,0.7730525135818943
2,plate10,11,BL_Z8H,0.5,C,0.02,0.0013106564677095175,0.00010430641819161896,0.00041616293593575146,0.00020933846361034043,0.913239827499118
3,plate10,11,BL_Z8H,0.5,D,0.03,0.002290929787754739,0.00015054209384652502,-0.0001304299223762154,0.0003021314395121833,0.9391686918134919
4,plate10,11,BL_Z8H,0.5,E,0.06,0.004249185919704791,8.611088644649574e-05,0.00019556602591534104,0.00017282082360480075,0.9938775003633771
5,plate10,11,BL_Z8H,0.5,F,0.1,0.006648513246994767,0.00011642330616649348,0.00027157571642738885,0.00023365654724176558,0.9954214362789715
6,plate10,11,BL_Z8H,0.5,G,0.2,0.011788434296566596,0.0002258926703155336,-0.00019918421888771916,0.00045335675690179984,0.9945223053818617
7,plate10,11,BL_Z8H,0.5,H,0.5,0.02060168405968489,0.0001522661137334439,0.0002980772301059332,0.00030559144696160783,0.999181277677215
