,Plate,Column,E_name,E_conc,Row,S_conc,slope,slope stderr,int,int stderr,RSQ
0,plate00,5,wt1,1.0,A,0.005,0.0032654454357212595,0.00013706723412566202,0.0007585213002867942,0.000275088004487773,0.9742519134488481
1,plate00,5,wt1,1.0,B,0.01,0.0066675249726208426,0.00015988148653584618,0.0007507205399015401,0.00032087522129498774,0.9914487698338323
2,plate00,5,wt1,1.0,C,0.02,0.01160087905067429,0.0001928652031935456,0.0010896707569539076,0.00038707210608036885,0.9958712333040753
3,plate00,5,wt1,1.0,D,0.03,0.015334036490153505,0.00014348305072390272,0.0013691226354706966,0.00028796428188165656,0.9986883753273021
4,plate00,5,wt1,1.0,E,0.06,0.0240742752039683,0.00013252331518128242,0.00031806272622212826,0.0002659685291027473,0.9995456702137617
5,plate00,5,wt1,1.0,F,0.1,0.029497789422612324,0.00012350603573150224,0.0008083763210871163,0.000247871277959753,0.9997371095585185
6,plate00,5,wt1,1.0,G,0.2,0.03603486439314659,0.00017168016056539766,0.000424198950420136,0.00034455456369535256,0.9996596407321431
7,plate00,5,wt1,1.0,H,0.5,0.040777015696178684,0.00018071725557296836,0.0009389854071648416,0.00036269164908015285,0.9997054685950181
