,Plate,Column,E_name,E_conc,Row,S_conc,slope,slope stderr,int,int stderr,RSQ
0,plate01,11,BL_X9n,0.5,A,0.005,0.0004957853671511408,9.496320406968019e-05,-0.0003253336787058597,0.0001905870404575688,0.645028505713694
1,plate01,11,BL_X9n,0.5,B,0.01,0.0006276097244511781,9.826083761207684e-05,1.2205188506447383e-05,0.0001972053001348396,0.7311638247142564
2,plate01,11,BL_X9n,0.5,C,0.02,0.0010701011577372759,0.0001464264873670977,0.0001772327792036745,0.00029387162554237996,0.7807289955074788
3,plate01,11,BL_X9n,0.5,D,0.03,0.0010826367303987255,0.00012767049859492208,0.0007034624132887901,0.000256229163116305,0.8274060552557072
4,plate01,11,BL_X9n,0.5,E,0.06,0.001990499140659963,0.00011441929915576866,9.0830190393064e-05,0.00022963459478731908,0.9527766065668742
5,plate01,11,BL_X9n,0.5,F,0.1,0.002587443060382895,0.00015057716769058954,-9.151982493925367e-05,0.00030220181585297187,0.9516554573045993
6,plate01,11,BL_X9n,0.5,G,0.2,0.00299785528767927,0.00011717963907886991,0.00014287318688158276,0.00023517448193123537,0.9775955856575159
7,plate01,11,BL_X9n,0.5,H,0.5,0.003572870374681401,0.00013799586671286445,-0.00016286181945144616,0.0002769517050593274,0.9781134151654571
