,Plate,Column,E_name,E_conc,Row,S_conc,slope,slope stderr,int,int stderr,RSQ
0,plate08,5,BL_I3D,0.5,A,0.005,0.0001871128574751135,0.00014272080520831793,-0.00010631332008960807,0.00028643447659959536,0.1028079835541359
1,plate08,5,BL_I3D,0.5,B,0.01,0.00031717300493521567,0.00013222087755035002,-0.00028308812023933614,0.0002653615791764119,0.2772581422944982
2,plate08,5,BL_I3D,0.5,C,0.02,0.00022535597764452992,8.871738397826798e-05,0.0004525606026325269,0.00017805194814849923,0.3007772611323536
3,plate08,5,BL_I3D,0.5,D,0.03,0.0005266373518232627,0.00015960198363459212,9.261198472406548e-05,0.000320314264672792,0.4205802231251541
4,plate08,5,BL_I3D,0.5,E,0.06,0.0011682689223096413,0.0001502890332681545,-1.278456986347596e-05,0.00030162346262224015,0.8011323272627195
5,plate08,5,BL_I3D,0.5,F,0.1,0.0017666353049332914,8.443607841211305e-05,0.00012919278988792252,0.000169459549305606,0.9668699941987052
6,plate08,5,BL_I3D,0.5,G,0.2,0.0033072060802799004,0.00021291410231588062,-0.00025115834813215106,0.00042730940751517526,0.94146929255046
7,plate08,5,BL_I3D,0.5,H,0.5,0.0059002503561715386,0.00014700480862197445,-0.000118947234266,0.0002950323164525655,0.9907745241118173
