,Plate,Column,E_name,E_conc,Row,S_conc,slope,slope stderr,int,int stderr,RSQ
0,plate05,3,BL_M37,0.5,A,0.005,-2.7809454275793216e-05,0.00015464439430732576,0.00023242454331891878,0.0003103646043915216,0.0021512467575398597
1,plate05,3,BL_M37,0.5,B,0.01,5.4774014811761106e-05,0.00014053843751179925,0.0003996951916158329,0.0002820545621469767,0.010025177116514516
2,plate05,3,BL_M37,0.5,C,0.02,0.00048482153538837667,0.00016984023208448885,-9.07460469195835e-05,0.0003408619905723335,0.3520124866485904
3,plate05,3,BL_M37,0.5,D,0.03,0.0008725511217469611,0.00018318508626265074,-0.00024594711432344274,0.00036764453599753995,0.6019982359521101
4,plate05,3,BL_M37,0.5,E,0.06,0.001157476705084604,0.00017312917702817869,0.0005318190305025612,0.0003474627588889083,0.748733522615505
5,plate05,3,BL_M37,0.5,F,0.1,0.002383280173332646,8.28341898386655e-05,-0.00047627606751064354,0.00016624463419119605,0.9822024036359891
6,plate05,3,BL_M37,0.5,G,0.2,0.003951416422627246,0.00014864703681861385,-0.0004685173908249019,0.0002983281719798462,0.9792137723480191
7,plate05,3,BL_M37,0.5,H,0.5,0.006033144028909093,0.0001542204125176379,0.00016452942207807544,0.0003095137372098756,0.9902937457540759
