,Plate,Column,E_name,E_conc,Row,S_conc,slope,slope stderr,int,int stderr,RSQ
0,plate02,11,BL_TS6,0.5,A,0.005,0.0017778890861325177,0.00014028143493095558,0.00044903122320320843,0.00028153877057710805,0.9145899822842907
1,plate02,11,BL_TS6,0.5,B,0.01,0.0033014618022583373,0.0001269743290806456,0.0004506670602007165,0.00025483199070271855,0.978293990596382
2,plate02,11,BL_TS6,0.5,C,0.02,0.005998221649640742,0.00017303604889491188,0.0003913191537327554,0.00034727587521080706,0.9876708887704136
3,plate02,11,BL_TS6,0.5,D,0.03,0.008061477976987507,0.00011838055958489424,0.0004810538811600036,0.00023758467440360405,0.9967758120310161
4,plate02,11,BL_TS6,0.5,E,0.06,0.012108751082123989,0.0001193035497451423,0.00022115027862929009,0.00023943708257710968,0.9985459910162947
5,plate02,11,BL_TS6,0.5,F,0.1,0.01502694346923301,0.00019542807381006409,-4.122043743380117e-05,0.0003922159418401661,0.9974693988147286
6,plate02,11,BL_TS6,0.5,G,0.2,0.018159235018639103,0.00017362215928796022,-2.9228107407364234e-05,0.00034845201318920707,0.9986306597890202
7,plate02,11,BL_TS6,0.5,H,0.5,0.020623837909918508,0.00015222804544907118,-7.018590853591355e-05,0.00030551516093962563,0.9991834446915635
