,Plate,Column,E_name,E_conc,Row,S_conc,slope,slope stderr,int,int stderr,RSQ
0,plate11,12,BL_H60,0.5,A,0.005,0.0004272354537443397,0.00015495050966684074,-0.00024271161099116616,0.0003109789641038893,0.33635255297988853
1,plate11,12,BL_H60,0.5,B,0.01,0.0004682508840288745,0.00010980761350367455,2.298734693234571e-05,0.00022037911413798952,0.5479767151850687
2,plate11,12,BL_H60,0.5,C,0.02,0.0012103697012341326,0.00016306400709394884,-0.0004457289692546892,0.00032726240459129383,0.7860076831911632
3,plate11,12,BL_H60,0.5,D,0.03,0.0015873177668051643,0.00014294258127985396,-0.0005203031078240869,0.0002868795730177902,0.8915493558887148
4,plate11,12,BL_H60,0.5,E,0.06,0.0025866055221453175,0.00019683710234167057,0.00037554504159870465,0.0003950435336365277,0.9200774781974441
5,plate11,12,BL_H60,0.5,F,0.1,0.004399255830559127,0.0001620638137255697,-0.00022685921460065497,0.0003252550311089574,0.9800495474605495
6,plate11,12,BL_H60,0.5,G,0.2,0.0074679405710257555,0.00012652053183879593,0.0005370409536152567,0.00025392124244255496,0.9957130755254244
7,plate11,12,BL_H60,0.5,H,0.5,0.01458439955582791,0.00013459926757183755,-4.423442879475381e-05,0.00027013475357708176,0.9987240245441393
