,Plate,Column,E_name,E_conc,Row,S_conc,slope,slope stderr,int,int stderr,RSQ
0,plate02,9,BL_1CZ,0.5,A,0.005,0.0017711397221073072,0.00016916412393679452,0.0006383463683114909,0.0003395050715907159,0.8796339231057171
1,plate02,9,BL_1CZ,0.5,B,0.01,0.003512276886047417,0.00014767296814817066,0.00020687448779765533,0.00029637324935870464,0.9741684864601234
2,plate02,9,BL_1CZ,0.5,C,0.02,0.006099774556600786,0.00012769162054419503,-0.0002800984270504465,0.0002562715514680875,0.9934695494332906
3,plate02,9,BL_1CZ,0.5,D,0.03,0.0073574675202660225,0.00015535000100517704,0.00016534178070208368,0.0003117806706754351,0.9933570338578356
4,plate02,9,BL_1CZ,0.5,E,0.06,0.009918672168901903,0.00020023365706417503,0.00030151433845497576,0.00040186032178724483,0.9939240877753149
5,plate02,9,BL_1CZ,0.5,F,0.1,0.011700238184739512,0.00014665293317152426,-7.278373551626334e-05,0.00029432604562710303,0.9976489540729911
6,plate02,9,BL_1CZ,0.5,G,0.2,0.013252730488570902,0.00015091582063225077,-0.00014252066539190372,0.00030288135240827125,0.9980586423344123
7,plate02,9,BL_1CZ,0.5,H,0.5,0.01436589414790476,0.00012849326945043557,0.0002988927523665186,0.00025788046121459466,0.9988014217784035
