,Plate,Column,E_name,E_conc,Row,S_conc,slope,slope stderr,int,int stderr,RSQ
0,plate05,2,BL_IA3,0.5,A,0.005,0.00016105180095142302,0.00011998004188439335,0.0002514869717498246,0.00024079475036331514,0.10723996159043225
1,plate05,2,BL_IA3,0.5,B,0.01,0.0007573141600892138,0.0001186795391873022,-0.0003117947292004188,0.00023818469467982707,0.7307935295093673
2,plate05,2,BL_IA3,0.5,C,0.02,0.0014132320070087002,0.00013014777584491885,-0.0007706471739482315,0.0002612009506732904,0.8871423193409935
3,plate05,2,BL_IA3,0.5,D,0.03,0.00157995401104603,0.00015148459453578596,4.0774881684547663e-05,0.0003040229661003434,0.8788180817293779
4,plate05,2,BL_IA3,0.5,E,0.06,0.002727469374441613,0.00015593088569619627,0.00044723306016882067,0.00031294653180302196,0.9532642641599332
5,plate05,2,BL_IA3,0.5,F,0.1,0.004793567595435408,0.0001474660567488136,-0.00023012477780878259,0.00029595801789188744,0.9860029677253194
6,plate05,2,BL_IA3,0.5,G,0.2,0.008102520255577639,0.00016613194834884037,0.00029816181305823816,0.00033341959090524303,0.9937334716027336
7,plate05,2,BL_IA3,0.5,H,0.5,0.01565393710109579,0.00011173739399091843,0.0007554554335380876,0.00022425212432530592,0.9992363235925898
