,Plate,Column,E_name,E_conc,Row,S_conc,slope,slope stderr,int,int stderr,RSQ
0,plate10,1,Blank,0.0,A,0.005,0.00019040114020071547,0.00016847695812721703,-0.0001777966104281144,0.00033812595828382907,0.07846543517013715
1,plate10,1,Blank,0.0,B,0.01,-0.00017144827111372057,0.00011845840349412118,0.0003433716633436711,0.00023774088963454307,0.12253817681624934
2,plate10,1,Blank,0.0,C,0.02,0.00012564594560975334,0.00017516211332436102,-8.79698239787976e-05,0.00035154278106101566,0.03316484019633836
3,plate10,1,Blank,0.0,D,0.03,-2.5508349617778772e-05,0.000106457635878814,6.654639843797846e-05,0.0002136558635819321,0.0038129494899775684
4,plate10,1,Blank,0.0,E,0.06,-9.248529870012824e-05,0.00013437031595725532,0.00017810348649011627,0.000269675406927314,0.030615653608123572
5,plate10,1,Blank,0.0,F,0.1,-4.266069567441957e-06,0.00016346711440627803,-4.604055437897927e-05,0.0003280714437115968,4.540463310709342e-05
6,plate10,1,Blank,0.0,G,0.2,-0.00017729526172281356,0.00013270303232499828,0.00033678596390616797,0.00026632924050883056,0.10634371579876467
7,plate10,1,Blank,0.0,H,0.5,-5.133250851404893e-05,0.00012166348783125807,0.0001493000159572548,0.00024417335080204115,0.011728687476637467
