,Plate,Column,E_name,E_conc,Row,S_conc,slope,slope stderr,int,int stderr,RSQ
0,plate12,6,BL_06Q,0.5,A,0.005,0.00037768932029736275,0.00012771093910365962,-0.00016809664751469834,0.00025631032391541466,0.36831667688919945
1,plate12,6,BL_06Q,0.5,B,0.01,0.0005428339175994347,0.00015043332248500295,0.00027481148537303703,0.00030191316900802254,0.46468804991028134
2,plate12,6,BL_06Q,0.5,C,0.02,0.001427250706876928,0.00010134779508785496,1.1404601183817383e-05,0.0002034006822756279,0.929683974308828
3,plate12,6,BL_06Q,0.5,D,0.03,0.002134155497539279,0.00014957452226171603,-0.00014781908192630202,0.00030018960956671543,0.9313754930090695
4,plate12,6,BL_06Q,0.5,E,0.06,0.004052700901444392,9.648420877277806e-05,-0.00029444288383077675,0.00019363963911073448,0.9915697967885764
5,plate12,6,BL_06Q,0.5,F,0.1,0.006087614643048163,0.0001159728611922758,6.70185088492046e-05,0.0002327523862069377,0.9945855886697765
6,plate12,6,BL_06Q,0.5,G,0.2,0.010573292182421382,0.00020185035573298758,-9.981156447441132e-05,0.00040510493879620954,0.9945629552085024
7,plate12,6,BL_06Q,0.5,H,0.5,0.01880074314732149,0.00011850241207663197,0.00022248460749594453,0.00023782919208073112,0.999404424436197
