,Plate,Column,E_name,E_conc,Row,S_conc,slope,slope stderr,int,int stderr,RSQ
0,plate01,6,BL_FWY,0.5,A,0.005,0.002894865286496403,0.00012230747268387587,0.0005525137447032794,0.00024546580495617327,0.973922556521635
1,plate01,6,BL_FWY,0.5,B,0.01,0.005194626347355525,0.00012977374840482584,0.00020641650776296021,0.00026045028507201776,0.9907250945940311
2,plate01,6,BL_FWY,0.5,C,0.02,0.007887010352049804,0.00013169728695480845,0.0006929146052634887,0.00026431077283662653,0.995835070487762
3,plate01,6,BL_FWY,0.5,D,0.03,0.009787414834804995,0.0001225699560981675,0.0004226848250426116,0.000245992595155195,0.9976530557799594
4,plate01,6,BL_FWY,0.5,E,0.06,0.012414148926175483,9.530024770777813e-05,0.0006389541399562502,0.00019126345173242553,0.9991167952085713
5,plate01,6,BL_FWY,0.5,F,0.1,0.014396744390010787,0.00017512685044585735,-0.00037660779070154563,0.00035147204612202994,0.9977853483226515
6,plate01,6,BL_FWY,0.5,G,0.2,0.015368801061416179,0.0001301074752755804,0.00022379870094150854,0.0002611199604821676,0.9989261384275531
7,plate01,6,BL_FWY,0.5,H,0.5,0.016231514149248262,8.815925261878397e-05,0.00043237638296350324,0.0001769318265645665,0.9995577000808852
