,Plate,Column,Enzyme,E_Conc,Row,S_Conc,slope,slope stderr,int,int stderr,RSQ
0,plate01,3,BL_oaO,0.5,A,0.005,4.307794773166696,0.9123817499927935,0.011271145934559608,0.030518510083083535,0.597773313238211
1,plate01,3,BL_oaO,0.5,B,0.01,8.35299092512467,1.236932252859892,0.0021089833277401805,0.04137447715606929,0.7524873080003579
2,plate01,3,BL_oaO,0.5,C,0.02,17.491219412017205,1.0269037575428517,-0.02610052592796988,0.03434919026846998,0.9508393396962516
3,plate01,3,BL_oaO,0.5,D,0.04,22.28286241728833,0.9469137208948661,0.02095799057061119,0.03167357990044522,0.9736268132721018
4,plate01,3,BL_oaO,0.5,E,0.08,41.581069557797846,1.0600894255888247,-0.019524189788798177,0.03545922374533056,0.9903445798148058
5,plate01,3,BL_oaO,0.5,F,0.16,57.14837108309758,1.2286764465385092,0.02629437901964316,0.04109834969021614,0.9931141436802278
6,plate01,3,BL_oaO,0.5,G,0.32,82.6933478699857,1.3836202820254415,-0.04154434259717635,0.04628109508421657,0.995818192067627
7,plate01,3,BL_oaO,0.5,H,0.5,110.30772362995857,1.211173581157835,0.01131443833379272,0.040512920128253235,0.9981948705399366
