,Plate,Column,E_name,E_conc,Row,S_conc,slope,slope stderr,int,int stderr,RSQ
0,plate01,5,BL_CrO,0.5,A,0.005,0.0005432714029752374,0.00012734943053561274,-0.00035770822450171934,0.000255584793079141,0.5481746836683556
1,plate01,5,BL_CrO,0.5,B,0.01,0.0009628242478837353,0.0001430254569032277,-0.00012192666648190097,0.0002870458942564597,0.7513165714512192
2,plate01,5,BL_CrO,0.5,C,0.02,0.0021774728005496445,0.00016323936863527685,-0.0003884526296110765,0.00032761433648435974,0.9222526739697151
3,plate01,5,BL_CrO,0.5,D,0.03,0.002612812585089149,0.00014893389078766595,5.4810009442735194e-05,0.0002989038735844786,0.9535276021193302
4,plate01,5,BL_CrO,0.5,E,0.06,0.0048903719797212305,0.0001652106372296224,-1.6130799230400953e-05,0.00033157003636032735,0.9831690460964435
5,plate01,5,BL_CrO,0.5,F,0.1,0.007215308051004934,0.0001949117173482908,-0.00018973569277806407,0.0003911793465126967,0.9891724800530884
6,plate01,5,BL_CrO,0.5,G,0.2,0.010772217010288297,0.00018339639820609806,0.000494136027884196,0.0003680686115140709,0.9956710900419259
7,plate01,5,BL_CrO,0.5,H,0.5,0.01662113092663342,0.0001300592827114503,-1.5987759678592894e-05,0.00026102477819607865,0.9990823725471353
