,Plate,Column,Enzyme,E_Conc,Row,S_Conc,slope,slope stderr,int,int stderr,RSQ
0,plate06,11,BL_HRR,0.5,A,0.005,3.8933438279237667,0.6832045291491524,-0.026138858714322796,0.022852698672698037,0.6840416739742066
1,plate06,11,BL_HRR,0.5,B,0.01,7.517134647528541,1.4410961251274517,-0.005206877654454954,0.04820362319261637,0.6446288165804981
2,plate06,11,BL_HRR,0.5,C,0.02,12.070864274841997,1.1920969523390725,0.055136351156411086,0.03987478288156932,0.8723736888819793
3,plate06,11,BL_HRR,0.5,D,0.03,18.80584964334393,1.0456566863881651,0.05026519929505837,0.03497646114843756,0.9556803596123526
4,plate06,11,BL_HRR,0.5,E,0.06,39.965545984967356,0.6441759297151229,-0.04807353839004689,0.021547219123179737,0.9961181432584391
5,plate06,11,BL_HRR,0.5,F,0.1,61.44349572496738,1.224920794698798,-0.02469188135576287,0.040972722777277634,0.9940738280814491
6,plate06,11,BL_HRR,0.5,G,0.2,101.90448091288997,0.9994663753925419,0.038608818072914095,0.03343142349139558,0.9985591637200862
7,plate06,11,BL_HRR,0.5,H,0.5,186.61509826955395,1.2517247147142996,0.04269027334463911,0.041869276646636255,0.9993255926425473
