,Plate,Column,Enzyme,E_Conc,Row,S_Conc,slope,slope stderr,int,int stderr,RSQ
0,plate02,9,BL_1CZ,0.5,A,0.005,0.0020566747962807892,0.00013840265277333797,-4.043428489993849e-05,0.00027776807459247983,0.9363927780176461
1,plate02,9,BL_1CZ,0.5,B,0.01,0.003855846823720702,0.000134618795327478,-0.00013695164440606482,0.00027017410203603954,0.9820446308138092
2,plate02,9,BL_1CZ,0.5,C,0.02,0.006163847901720199,0.00015056799683030612,-9.592070133179753e-05,0.00030218342767539887,0.9911287836955179
3,plate02,9,BL_1CZ,0.5,D,0.03,0.007596816860629635,0.00015467280002263458,0.00015070638095271297,0.0003104215567084408,0.9938203610097966
4,plate02,9,BL_1CZ,0.5,E,0.06,0.01046583670192279,0.00018279055691006917,0.00031366280524818127,0.0003668527168535159,0.995445214124745
5,plate02,9,BL_1CZ,0.5,F,0.1,0.012213979723619362,0.0001337814842650678,0.00038681728611123124,0.0002684935949780346,0.9982036628975551
6,plate02,9,BL_1CZ,0.5,G,0.2,0.01472246659566645,0.00016996404541245205,-5.948277620237974e-06,0.00034110728637916506,0.9980048902066606
7,plate02,9,BL_1CZ,0.5,H,0.5,0.018028111659404548,0.00014545406463863374,0.00011463793692521086,0.00029192022521371284,0.9990245182659101
