,Plate,Column,Enzyme,E_Conc,Row,S_Conc,slope,slope stderr,int,int stderr,RSQ
0,plate10,6,BL_FUC,0.5,A,0.005,0.0010639011394968792,0.00017052113265037699,0.00013257019274907417,0.0003422285135533763,0.7218440172518757
1,plate10,6,BL_FUC,0.5,B,0.01,0.0019091978483866282,0.0001622086435938797,0.00021570768584317513,0.00032554572967752126,0.9023012654067619
2,plate10,6,BL_FUC,0.5,C,0.02,0.0038482218292923806,0.00015502333261820342,0.00028243943130064943,0.00031112510197700457,0.976235982290244
3,plate10,6,BL_FUC,0.5,D,0.03,0.0057648188628750255,0.00012551473795977035,-0.0002024181993668844,0.0002519026238953724,0.9929395540902722
4,plate10,6,BL_FUC,0.5,E,0.06,0.010207025493100302,0.00012821707522882992,0.00013127273273780886,0.0002573260700206003,0.997638663590682
5,plate10,6,BL_FUC,0.5,F,0.1,0.015004285587623763,0.00012705261013598585,0.0004137900493050272,0.00025498913595252453,0.9989256113659435
6,plate10,6,BL_FUC,0.5,G,0.2,0.023310099283693875,0.0002009072662980231,0.0002490665488322774,0.000403212298333915,0.9988869585414532
7,plate10,6,BL_FUC,0.5,H,0.5,0.035423996500310286,0.00013380283913356526,0.00018531182793113968,0.0002685365256562937,0.9997860393672332
