,Plate,Column,Enzyme,E_Conc,Row,S_Conc,slope,slope stderr,int,int stderr,RSQ
0,plate03,7,BL_3HA,0.5,A,0.005,0.0003562074096890061,0.00011300807589582053,-7.580037333875654e-05,0.00022680231625527068,0.39844646523052385
1,plate03,7,BL_3HA,0.5,B,0.01,0.00039772958298602663,0.00012795409034993462,7.752130179462368e-05,0.00025679832168236806,0.39177701384440033
2,plate03,7,BL_3HA,0.5,C,0.02,0.001172273586145808,9.858031714475652e-05,-0.00024486181262022634,0.00019784642572624826,0.90409769230004
3,plate03,7,BL_3HA,0.5,D,0.03,0.0014805556684401738,0.0001242596021615754,-6.535755989852372e-05,0.00024938364458451374,0.9044389421630233
4,plate03,7,BL_3HA,0.5,E,0.06,0.0030592976450092824,0.00011507019831913544,-0.00013188998670920834,0.00023094089403100988,0.9792196193977583
5,plate03,7,BL_3HA,0.5,F,0.1,0.004631750669203318,0.00013915473006862985,-0.00013139843594325086,0.0002792775584611494,0.9866415324566372
6,plate03,7,BL_3HA,0.5,G,0.2,0.008203304382217929,0.00014598443676296164,-0.00011243455718290145,0.00029298455617424537,0.9952720943975901
7,plate03,7,BL_3HA,0.5,H,0.5,0.016065123988122248,0.00012001518572660109,-0.0006349246502323648,0.0002408652599154223,0.9991635657746855
