,Plate,Column,Enzyme,E_Conc,Row,S_Conc,slope,slope stderr,int,int stderr,RSQ
0,plate02,10,BL_P7H,0.5,A,0.005,14.435511608082487,0.5476946684228741,0.03491914053104147,0.01831999080007897,0.9788638386050187
1,plate02,10,BL_P7H,0.5,B,0.01,25.7277712726947,0.8847310641518272,0.10224672068637335,0.02959361526779585,0.9825709638397878
2,plate02,10,BL_P7H,0.5,C,0.02,50.21083044153904,0.9640106767544883,0.041148463602584846,0.03224546032911532,0.9945012330634299
3,plate02,10,BL_P7H,0.5,D,0.03,66.64002412760992,0.9927095830748656,0.01461380209896037,0.03320541316082343,0.996682414011758
4,plate02,10,BL_P7H,0.5,E,0.06,100.22822103163911,1.1319579920367504,-0.02010450961440273,0.03786316385852872,0.9980904077227053
5,plate02,10,BL_P7H,0.5,F,0.1,125.166242724285,1.1857812541044357,0.027065548844995724,0.03966353642224457,0.9986555569994018
6,plate02,10,BL_P7H,0.5,G,0.2,155.71920302352132,1.2617242097826151,0.017538976325403553,0.04220375229546079,0.9990161991747113
7,plate02,10,BL_P7H,0.5,H,0.5,191.7718697581727,1.114275300599578,0.053090877921708544,0.03727171106840876,0.9994938410280421
