,Plate,Column,Enzyme,E_Conc,Row,S_Conc,slope,slope stderr,int,int stderr,RSQ
0,plate12,8,BL_N4Y,0.5,A,0.005,7.08980080708035,1.1617278065987295,-0.038645528666539815,0.038858956683306675,0.7128870943457764
1,plate12,8,BL_N4Y,0.5,B,0.01,14.369151716918715,1.115377310292501,-0.03251812590814943,0.03730856728985337,0.9171114080557903
2,plate12,8,BL_N4Y,0.5,C,0.02,25.257273835204202,1.0420297572488222,0.023208117818533578,0.03485514585482777,0.9751040027427866
3,plate12,8,BL_N4Y,0.5,D,0.03,35.92667696514157,0.8961214573263115,0.0313676014566303,0.02997461886864561,0.9907539354943571
4,plate12,8,BL_N4Y,0.5,E,0.06,70.0490790346375,1.1302715688604836,-0.04575342081718442,0.03780676490338655,0.99610991519571
5,plate12,8,BL_N4Y,0.5,F,0.1,100.54561849526428,1.3582873159929034,-0.0032657621409267,0.045433626096131614,0.9972700517548032
6,plate12,8,BL_N4Y,0.5,G,0.2,157.4562966437862,0.8671400175345892,0.006879628420423739,0.029005236019650642,0.9995452685463986
7,plate12,8,BL_N4Y,0.5,H,0.5,249.39351240218298,1.172312322190282,-0.07681933950931999,0.039213005386684714,0.9996686677315896
