,Plate,Column,Enzyme,E_Conc,Row,S_Conc,slope,slope stderr,int,int stderr,RSQ
0,plate01,7,BL_GZQ,0.5,A,0.005,3.0893576507637666,0.9323690921282216,-0.0566315611575008,0.03118707358183572,0.4226093609492678
1,plate01,7,BL_GZQ,0.5,B,0.01,2.384720221754743,0.7320086897556746,0.030336798328729334,0.024485162407227146,0.414362262428589
2,plate01,7,BL_GZQ,0.5,C,0.02,6.817174246805998,1.094363532029484,0.0070004359673542784,0.036605670081992635,0.7212145673319135
3,plate01,7,BL_GZQ,0.5,D,0.04,10.166785047883005,1.0900227062922647,-0.010856003805417543,0.0364604721418422,0.8529344950624602
4,plate01,7,BL_GZQ,0.5,E,0.08,19.117598844787654,1.1803207148376689,0.0151794039593615,0.03948088155792459,0.9459149877383879
5,plate01,7,BL_GZQ,0.5,F,0.16,32.367903396242944,1.338365976400708,-0.06511559910894807,0.044767375796042695,0.974995708925949
6,plate01,7,BL_GZQ,0.5,G,0.32,51.318106432270284,1.4274706478984218,-0.001611212490458627,0.047747800318150735,0.9885272698844936
7,plate01,7,BL_GZQ,0.5,H,0.5,90.08448765060268,0.8521240339228071,0.02098515398214212,0.028502929609886266,0.9986596620489585
