,Plate,Column,Enzyme,E_Conc,Row,S_Conc,slope,slope stderr,int,int stderr,RSQ
0,plate03,12,BL_VUW,0.5,A,0.005,30.805980142623227,1.0874513384072295,0.1616856162426006,0.03637446163988838,0.9816515991472641
1,plate03,12,BL_VUW,0.5,B,0.01,63.44782771563687,1.4262223773151232,0.0850664464305336,0.04770611111749249,0.9924776589838968
2,plate03,12,BL_VUW,0.5,C,0.02,108.14140044246135,1.2074513961885998,0.2321480579303076,0.04038837834239367,0.9981334689876633
3,plate03,12,BL_VUW,0.5,D,0.03,145.90720714761784,1.3243984682507004,0.14987916530886866,0.044300169554738304,0.9987656493201347
4,plate03,12,BL_VUW,0.5,E,0.06,212.96484148181676,1.4013252551488453,0.18503965302528014,0.046873323936959435,0.9993509597623557
5,plate03,12,BL_VUW,0.5,F,0.1,261.85152662293495,0.9195047730307672,0.12265626021623949,0.030756769351350126,0.9998150695627952
6,plate03,12,BL_VUW,0.5,G,0.2,316.6349600814402,1.356115626892213,0.08699223425432827,0.04536109301599713,0.9997249273854458
7,plate03,12,BL_VUW,0.5,H,0.5,371.6611570517881,1.0081937792468016,-0.0008352096748479202,0.03372306981288768,0.9998896239422027
