,Plate,Column,Enzyme,E_Conc,Row,S_Conc,slope,slope stderr,int,int stderr,RSQ
0,plate09,6,BL_ON3,0.5,A,0.005,2.997144240227698,1.1825952792241448,-0.03979116953998578,0.03955695853889588,0.2998204196752883
1,plate09,6,BL_ON3,0.5,B,0.01,4.4273744726932165,0.7450693277694278,0.014555325046297524,0.024922032224881638,0.7018492005331458
2,plate09,6,BL_ON3,0.5,C,0.02,10.588763290945339,1.1183214103477452,-0.011637602465403026,0.037407045941244464,0.8566670164192554
3,plate09,6,BL_ON3,0.5,D,0.03,14.967708544000564,0.7680036020424903,0.018843509401744465,0.02568916819595261,0.9620085186540601
4,plate09,6,BL_ON3,0.5,E,0.06,29.355501389962175,0.9297714299458905,-0.029043589188406355,0.0311001843709171,0.9851755563112768
5,plate09,6,BL_ON3,0.5,F,0.1,45.3427199642629,1.71145921936252,0.006720249365202085,0.05724709263897386,0.9790768764817157
6,plate09,6,BL_ON3,0.5,G,0.2,83.16247388086609,1.0455619902544742,0.0593505905283185,0.03497329379048918,0.9976345832527364
7,plate09,6,BL_ON3,0.5,H,0.5,168.20714022555674,1.35324243444082,0.029983564818813275,0.045264994455365616,0.9990300869524823
