,Plate,Column,Enzyme,E_Conc,Row,S_Conc,slope,slope stderr,int,int stderr,RSQ
0,plate06,11,BL_HRR,0.5,A,0.005,0.0004922078291231035,8.637269992126696e-05,-0.00019827302399428757,0.0001733462704621942,0.6840416739742066
1,plate06,11,BL_HRR,0.5,B,0.01,0.0009503379844207628,0.00018218755564801045,-3.9496115320114266e-05,0.00036564251876246593,0.6446288165804981
2,plate06,11,BL_HRR,0.5,C,0.02,0.001526033703406053,0.00015070835737823556,0.00041822985445811906,0.0003024651485151589,0.8723736888819793
3,plate06,11,BL_HRR,0.5,D,0.03,0.002377490105388927,0.0001321949538398832,0.0003812803449006652,0.0002653095453138302,0.9556803596123526
4,plate06,11,BL_HRR,0.5,E,0.06,0.005052560343603314,8.143859108059383e-05,-0.0003646557768598053,0.00016344371959436073,0.9961181432584391
5,plate06,11,BL_HRR,0.5,F,0.1,0.007767865100331706,0.00015485804281713378,-0.0001872971592991799,0.00031079343345159256,0.9940738280814491
6,plate06,11,BL_HRR,0.5,G,0.2,0.012883060306235152,0.0001263554406331082,0.0002928623317424097,0.00025358985656250357,0.9985591637200862
7,plate06,11,BL_HRR,0.5,H,0.5,0.023592422467818657,0.00015824667219740992,0.000323821697178626,0.00031759413002347873,0.9993255926425473
