,Plate,Column,Enzyme,E_Conc,Row,S_Conc,slope,slope stderr,int,int stderr,RSQ
0,plate02,7,BL_273,0.5,A,0.005,5.2178539709919916,0.8207766725988098,-0.026379762164270546,0.02745438703865278,0.7293112028506834
1,plate02,7,BL_273,0.5,B,0.01,8.900774805314827,0.8754029905125749,-0.004803549107140517,0.029281596938377716,0.8732902435258892
2,plate02,7,BL_273,0.5,C,0.02,16.496364751718172,0.8494300210731269,-0.007697084550373295,0.028412817536487656,0.9617499483963106
3,plate02,7,BL_273,0.5,D,0.03,22.387109681636876,1.1254504742961573,0.010614884114001678,0.037645502607209086,0.9634751633796903
4,plate02,7,BL_273,0.5,E,0.06,40.60176501287734,1.013659689101713,0.01930966177169081,0.033906187373096135,0.9907371584259365
5,plate02,7,BL_273,0.5,F,0.1,58.605234469007804,1.0127124518092112,-0.02539461690608539,0.03387449761575353,0.9955408765458608
6,plate02,7,BL_273,0.5,G,0.2,88.4936764825306,1.681424588766274,-0.059354050703059595,0.056242435742550397,0.9946138793008795
7,plate02,7,BL_273,0.5,H,0.5,133.29600450484287,0.8665284380709557,-0.06222448542000273,0.028984754426457687,0.9993664982216621
