,Plate,Column,Enzyme,E_Conc,Row,S_Conc,slope,slope stderr,int,int stderr,RSQ
0,plate03,4,BL_WMD,0.5,A,0.005,17.93849151860941,1.0672988911149117,-0.019520151000478957,0.03570038035283437,0.9495777492513352
1,plate03,4,BL_WMD,0.5,B,0.01,30.80569086175959,1.3586095885157448,0.04137777267753479,0.04544451291715499,0.9716515540627196
2,plate03,4,BL_WMD,0.5,C,0.02,51.33189904571785,0.9256259031602727,0.02486123672959907,0.0309615234663991,0.9951462773653018
3,plate03,4,BL_WMD,0.5,D,0.03,64.42333826551594,1.1285283536823223,0.06770541494583222,0.03774846043940392,0.9954182079984908
4,plate03,4,BL_WMD,0.5,E,0.06,87.91514708658504,1.1707356674853848,0.07870990236641702,0.039160267502751527,0.9973470564647748
5,plate03,4,BL_WMD,0.5,F,0.1,106.83443750967221,1.1852831682477367,-0.008890696093780657,0.039646833354489375,0.9981570685439793
6,plate03,4,BL_WMD,0.5,G,0.2,125.33765759210765,0.9374077455603649,0.030753663739967116,0.031355604691055035,0.9991616601592717
7,plate03,4,BL_WMD,0.5,H,0.5,151.7802803722881,1.040540817899482,0.0661715114787804,0.03480534727690422,0.9992955127926821
