,Plate,Column,Enzyme,E_Conc,Row,S_Conc,slope,slope stderr,int,int stderr,RSQ
0,plate12,12,BL_AWA,0.5,A,0.005,9.572794064508406,1.012018552428428,0.01766604319658194,0.03385129245200678,0.8564245990025559
1,plate12,12,BL_AWA,0.5,B,0.01,20.958007668014112,0.7620440012656666,-0.024080520747147047,0.02548982203159714,0.9805543273501306
2,plate12,12,BL_AWA,0.5,C,0.02,37.78234866832118,1.1158282771615453,-0.017013118469192963,0.03732364749699966,0.9870859328060673
3,plate12,12,BL_AWA,0.5,D,0.03,50.93274174818189,1.2419533641504406,0.0617260514971886,0.04154244362492757,0.9911600168596406
4,plate12,12,BL_AWA,0.5,E,0.06,86.76712531769492,0.7715759761419957,0.08213337441920494,0.02580866092488994,0.998815259240203
5,plate12,12,BL_AWA,0.5,F,0.1,120.04256461777457,1.2461452494079452,0.05268321221613278,0.041682660356188804,0.9983861732210648
6,plate12,12,BL_AWA,0.5,G,0.2,166.68974319093886,0.9088007625469959,0.07177360260370927,0.030398724387266925,0.9995543263635852
7,plate12,12,BL_AWA,0.5,H,0.5,227.66272672759843,1.2735433428858307,0.09878278647931324,0.042599114815143634,0.9995308285788784
