,Plate,Column,Enzyme,E_Conc,Row,S_Conc,slope,slope stderr,int,int stderr,RSQ
0,plate11,6,BL_49C,0.5,A,0.005,1.2573469775498783e-05,0.00014868681000403163,0.00030438903995475816,0.000298407982235281,0.0004765036101240794
1,plate11,6,BL_49C,0.5,B,0.01,0.000143374532589811,0.00015748455173819232,0.000417093878986668,0.00031606467773222143,0.05236235542118284
2,plate11,6,BL_49C,0.5,C,0.02,0.0008150017706176378,0.00012956640084005848,-0.00017021471817096394,0.0002600341614789853,0.7251081972203826
3,plate11,6,BL_49C,0.5,D,0.03,0.0010671855275341535,0.00014899658577790376,1.6237806718111258e-06,0.00029902900145104916,0.773761824079807
4,plate11,6,BL_49C,0.5,E,0.06,0.001687712641664536,0.00012158514740279343,0.0004952976527789061,0.00024401613226670134,0.927773392153709
5,plate11,6,BL_49C,0.5,F,0.1,0.0032598712054063973,0.00015210223034226237,-0.00029157681312395856,0.0003052626087338029,0.9683767879924948
6,plate11,6,BL_49C,0.5,G,0.2,0.00573146478898201,0.00012311170931541328,1.8489735418292241e-06,0.0002470785431631673,0.9931266261692612
7,plate11,6,BL_49C,0.5,H,0.5,0.011828870575956626,0.00015925498281116915,-0.00032331821594622494,0.00031961785898962586,0.997288486895094
