,Plate,Column,Enzyme,E_Conc,Row,S_Conc,slope,slope stderr,int,int stderr,RSQ
0,plate12,1,Blank,0.0,A,0.005,2.104436394753756,0.818273503661348,-0.04772759158450529,0.02737065820128448,0.3060104681040521
1,plate12,1,Blank,0.0,B,0.01,0.7682358927705851,1.0076099622434602,-0.026021907895385693,0.03370382608485076,0.03730786846372236
2,plate12,1,Blank,0.0,C,0.02,1.1627223782915297,0.7934040568009553,0.012484668217195466,0.026538792942528436,0.12524450144714472
3,plate12,1,Blank,0.0,D,0.03,1.6502957746069007,1.0806489821158305,-0.0010607312423840125,0.03614692539151939,0.1345557134489308
4,plate12,1,Blank,0.0,E,0.06,5.1665501627912995,0.9652480241830804,-0.05313676218642665,0.032286849895977965,0.6563567797365455
5,plate12,1,Blank,0.0,F,0.1,4.176603802556137,1.077640082405836,0.04977342757681931,0.03604628319595265,0.5003498972882685
6,plate12,1,Blank,0.0,G,0.2,11.801878368938823,0.7554897314496459,0.001346799106060111,0.025270594524046303,0.9420916848928872
7,plate12,1,Blank,0.0,H,0.5,29.171263710415463,1.4764966353906965,0.020804173642174257,0.04938773995374257,0.9629942588556528
