,Plate,Column,Enzyme,E_Conc,Row,S_Conc,slope,slope stderr,int,int stderr,RSQ
0,plate10,8,BL_J37,0.5,A,0.005,2.740426223193364,0.8170812274988709,-0.016060469247059023,0.027330777140245975,0.4285450828128252
1,plate10,8,BL_J37,0.5,B,0.01,4.65097821981666,0.9867461855133809,0.058558594524947806,0.03300594806383762,0.5969540977347783
2,plate10,8,BL_J37,0.5,C,0.02,11.78945441825812,1.1497172608887933,-0.0483498188830703,0.03845721279232091,0.8751550559494372
3,plate10,8,BL_J37,0.5,D,0.03,13.73451628728671,1.1466687364481216,0.03723844660726237,0.038355242272330135,0.9053428203312243
4,plate10,8,BL_J37,0.5,E,0.06,28.374315745117396,1.4395389399732097,0.022635506192734994,0.04815153770248805,0.9628263447837554
5,plate10,8,BL_J37,0.5,F,0.1,46.703704446691056,0.7259019765868568,0.03069380300578645,0.024280894597983636,0.9963894484071945
6,plate10,8,BL_J37,0.5,G,0.2,86.6069014929942,1.1093152487554927,0.03101578360533793,0.03710578417524694,0.9975451305571346
7,plate10,8,BL_J37,0.5,H,0.5,174.59751305265894,1.011333214175337,-0.017317149281434657,0.0338283808311321,0.999496980082505
