,Plate,Column,Enzyme,E_Conc,Row,S_Conc,slope,slope stderr,int,int stderr,RSQ
0,plate04,2,BL_50K,0.5,A,0.005,0.0027961357715376263,0.00011250353331005334,0.00019281390331744476,0.00022578972030582524,0.9762924371193784
1,plate04,2,BL_50K,0.5,B,0.01,0.005258184813990179,0.00017542540655509013,0.00037871490849977383,0.000352071201779471,0.9835784721982994
2,plate04,2,BL_50K,0.5,C,0.02,0.009687903420572512,0.0001290110161990445,0.00040541847594214415,0.0002589195114112496,0.9973470347981043
3,plate04,2,BL_50K,0.5,D,0.03,0.013025186795190907,0.00015679477645317387,0.0013581766614933811,0.0003146803270547223,0.9978310798664866
4,plate04,2,BL_50K,0.5,E,0.06,0.021537091908233188,0.00012760689782259147,0.0007778503349178568,0.0002561015344600734,0.9994736958021925
5,plate04,2,BL_50K,0.5,F,0.1,0.028799992970942153,0.00013076759964248972,0.0006094481808615258,0.0002624448940862165,0.999690847677604
6,plate04,2,BL_50K,0.5,G,0.2,0.03841219809002942,0.00019455781416110508,0.0002562953868013115,0.00039046941474898733,0.9996153342408882
7,plate04,2,BL_50K,0.5,H,0.5,0.04855273635831325,0.0001647193230903136,-3.4890486145799926e-05,0.00033058460656194664,0.9998273884597392
