,Plate,Column,Enzyme,E_Conc,Row,S_Conc,slope,slope stderr,int,int stderr,RSQ
0,plate05,8,BL_0G3,0.5,A,0.005,1.524178612536261,0.8601976495841818,-0.00770085806701485,0.028772990448990603,0.17308016975688711
1,plate05,8,BL_0G3,0.5,B,0.01,3.79204862624006,0.9221451194345518,-0.01790803707872618,0.03084508880577139,0.5299311843394097
2,plate05,8,BL_0G3,0.5,C,0.02,4.714058024703914,0.798550372796712,0.023984717344720848,0.026710933425262994,0.6990887844601501
3,plate05,8,BL_0G3,0.5,D,0.03,8.580866906118256,1.2084096016699963,-0.02263354058278026,0.040420428450654314,0.7707250247809732
4,plate05,8,BL_0G3,0.5,E,0.06,14.397000211681311,0.9646286932403658,0.007185766000880065,0.03226613067854933,0.936909370733702
5,plate05,8,BL_0G3,0.5,F,0.1,23.110989264931924,1.0675110739172173,0.014374082696137474,0.035707471070629666,0.9689888747864992
6,plate05,8,BL_0G3,0.5,G,0.2,43.32898901714809,1.5251041588517957,-0.11242116732193881,0.051013633535931795,0.9817553130823982
7,plate05,8,BL_0G3,0.5,H,0.5,73.37429855577459,0.8991986865698975,0.06676105881783868,0.03007754473290987,0.9977523053147889
