,Plate,Column,Enzyme,E_Conc,Row,S_Conc,slope,slope stderr,int,int stderr,RSQ
0,plate07,11,BL_7L7,0.5,A,0.005,0.4398627699945007,1.0878124740161828,0.041620830530162536,0.036386541968644145,0.01078268118609027
1,plate07,11,BL_7L7,0.5,B,0.01,4.721234345150599,0.9011231271157379,-0.02078236576422373,0.03014191853085527,0.6466433663055837
2,plate07,11,BL_7L7,0.5,C,0.02,6.704612301917419,0.8932390069421854,0.026992929033618194,0.029878199922443116,0.78973743080939
3,plate07,11,BL_7L7,0.5,D,0.03,13.526496369536014,0.7189085575946392,-0.055623351977673534,0.024046971970410287,0.9593513980075049
4,plate07,11,BL_7L7,0.5,E,0.06,25.176293171279855,1.2292100648244852,-0.04501309448935833,0.04111618892989818,0.9654775209500089
5,plate07,11,BL_7L7,0.5,F,0.1,36.10786997438956,0.7817321706046648,0.012841694937350885,0.026148379309750305,0.993018306992321
6,plate07,11,BL_7L7,0.5,G,0.2,66.08590916715968,0.948180296166752,-0.011323602781555319,0.031715955548846916,0.9969216589457022
7,plate07,11,BL_7L7,0.5,H,0.5,132.1998071157739,1.0989045837153193,-0.01788789477116314,0.03675755112484054,0.9989646226719945
