,Plate,Column,Enzyme,E_Conc,Row,S_Conc,slope,slope stderr,int,int stderr,RSQ
0,plate11,10,BL_W5Q,0.5,A,0.005,4.384873875410477,1.140695646136733,0.0076348229781419445,0.03815544772912487,0.4962487736989387
1,plate11,10,BL_W5Q,0.5,B,0.01,8.957151821993728,1.0858406199130655,-0.014131469650413894,0.03632058334814331,0.8193789755386959
2,plate11,10,BL_W5Q,0.5,C,0.02,17.01893175270285,1.329867845025402,0.04264259119920511,0.04448311983028955,0.9160956524168493
3,plate11,10,BL_W5Q,0.5,D,0.03,26.008729632268313,1.0868125519880412,0.038043918759046766,0.03635309553556586,0.9744768812760697
4,plate11,10,BL_W5Q,0.5,E,0.06,48.996850000921555,1.405412172044898,0.02644022797295654,0.04701002494193923,0.9878091042029509
5,plate11,10,BL_W5Q,0.5,F,0.1,76.93465090224646,0.8349763306223679,0.028633651726785298,0.027929349291280537,0.9982362831253023
6,plate11,10,BL_W5Q,0.5,G,0.2,132.65029345256127,1.078838124915421,0.05449584552800644,0.03608636298308578,0.9990088101341367
7,plate11,10,BL_W5Q,0.5,H,0.5,235.99201577283083,1.244568399517103,0.0460555172160775,0.04162990789493097,0.9995829837619015
