,Plate,Column,Enzyme,E_Conc,Row,S_Conc,slope,slope stderr,int,int stderr,RSQ
0,plate12,6,BL_06Q,0.5,A,0.005,3.660009078036895,0.8955549904243166,-0.018532108009400507,0.029955668164771902,0.5268502357610316
1,plate12,6,BL_06Q,0.5,B,0.01,6.140366490190212,0.7599646859283699,-0.0044875905998645015,0.02542026837584249,0.813161537225273
2,plate12,6,BL_06Q,0.5,C,0.02,10.31188301694099,1.0514378762779508,0.0419498114079314,0.03516983759657283,0.8650900897746097
3,plate12,6,BL_06Q,0.5,D,0.03,17.864112586338422,0.7500731802542063,-0.006603888728542321,0.02508941283990468,0.9742367508535921
4,plate12,6,BL_06Q,0.5,E,0.06,33.160315094140856,1.0521779317003732,0.02247340622031388,0.03519459736021358,0.9851227459038111
5,plate12,6,BL_06Q,0.5,F,0.1,53.60194751698388,0.749567003328899,0.011836984241626814,0.02507247844138763,0.9970753117185039
6,plate12,6,BL_06Q,0.5,G,0.2,96.3053746013089,1.0975159405359893,0.0016004853544539339,0.03671106814217975,0.9980556848676666
7,plate12,6,BL_06Q,0.5,H,0.5,178.30791905001607,0.6592452248951894,0.06147360006349517,0.02205127913914086,0.9997949994885277
