,Plate,Column,Enzyme,E_Conc,Row,S_Conc,slope,slope stderr,int,int stderr,RSQ
0,plate02,2,BL_4KH,0.5,A,0.005,14.360495562352067,0.9463939913891956,-0.007200772436861393,0.031656191847893936,0.9388373128223366
1,plate02,2,BL_4KH,0.5,B,0.01,25.965685882543486,1.2658346667095803,-0.013071464124610051,0.04234126161867564,0.9655782213728406
2,plate02,2,BL_4KH,0.5,C,0.02,45.23132870692955,1.5034248901697767,0.0278360474482284,0.05028847630943468,0.9836981175603928
3,plate02,2,BL_4KH,0.5,D,0.03,58.748555617703595,1.092793213805518,0.09044194870306878,0.03655314607968437,0.9948367320562556
4,plate02,2,BL_4KH,0.5,E,0.06,89.63812906139474,0.7357635309913658,0.03957163869609813,0.024610757825873658,0.9989904138078555
5,plate02,2,BL_4KH,0.5,F,0.1,111.73760075798245,1.0332215058929761,0.023365224596051306,0.034560498465183415,0.9987190806472342
6,plate02,2,BL_4KH,0.5,G,0.2,139.21988690424652,1.120611439077009,0.0370577960644589,0.03748364989604222,0.9990290934381552
7,plate02,2,BL_4KH,0.5,H,0.5,177.96860287940643,0.8492270907726192,0.0009622337313919975,0.02840626473876661,0.9996585533226168
