,Plate,Column,Enzyme,E_Conc,Row,S_Conc,slope,slope stderr,int,int stderr,RSQ
0,plate02,4,BL_RA5,0.5,A,0.005,20.95132677754232,1.0718616727940873,0.08419537602407999,0.03585299912318849,0.962223506208111
1,plate02,4,BL_RA5,0.5,B,0.01,41.700335061020475,1.2688181831947998,0.030068677803019753,0.04244104817526757,0.986303135284485
2,plate02,4,BL_RA5,0.5,C,0.02,72.08856095915259,1.300942233667959,0.06431123595494118,0.04351557542025195,0.9951386375168808
3,plate02,4,BL_RA5,0.5,D,0.03,95.21109016761936,1.0029884433690504,0.1198755015250038,0.03354923832148116,0.9983381733909077
4,plate02,4,BL_RA5,0.5,E,0.06,145.8909928090283,1.2017926209690264,0.02321813707518053,0.04019909486397599,0.9989831625349017
5,plate02,4,BL_RA5,0.5,F,0.1,182.68788713929348,0.8532019926503879,0.034269159262472995,0.028538984002724813,0.999672935356781
6,plate02,4,BL_RA5,0.5,G,0.2,227.01136371951122,1.2229422153829552,0.007713678100941032,0.040906586517224876,0.999564868049762
7,plate02,4,BL_RA5,0.5,H,0.5,275.8366083568178,1.6199107850204764,-0.03100117064812466,0.054184871926822684,0.999482933722813
