,Plate,Column,Enzyme,E_Conc,Row,S_Conc,slope,slope stderr,int,int stderr,RSQ
0,plate08,2,BL_TUB,0.5,A,0.005,-0.4815114786043461,0.8858782751779426,0.09142006971794203,0.029631989275561734,0.019315386201040563
1,plate08,2,BL_TUB,0.5,B,0.01,5.030569162961575,1.0651856938867943,-0.019703260292215558,0.035629692804065916,0.5978988347323326
2,plate08,2,BL_TUB,0.5,C,0.02,8.959465285152463,1.4550458614350439,-0.01100482957344882,0.04867023779696803,0.7165263206281864
3,plate08,2,BL_TUB,0.5,D,0.03,11.429420090956707,1.0625057896897516,0.035025146514115875,0.035540051582134816,0.8852456220641455
4,plate08,2,BL_TUB,0.5,E,0.06,21.4515404334377,0.8858910641766393,0.03191246129991929,0.029632417923202224,0.9750560901631898
5,plate08,2,BL_TUB,0.5,F,0.1,35.818702344583826,1.0473155947425794,0.004376336119141879,0.03503194142047211,0.9873383115603931
6,plate08,2,BL_TUB,0.5,G,0.2,64.64134947184608,0.8899184175523288,-0.028284369597229075,0.029767126549100104,0.9971651010581207
7,plate08,2,BL_TUB,0.5,H,0.5,121.15067013129439,1.4025834984454182,0.07018452063174474,0.04691540691966876,0.9979935651625456
