,Plate,Column,Enzyme,E_Conc,Row,S_Conc,slope,slope stderr,int,int stderr,RSQ
0,plate12,1,Blank,0.0,A,0.005,0.00026604895821435233,0.00010344851178502034,-0.00036203164089329077,0.00020761668401800075,0.3060104681040521
1,plate12,1,Blank,0.0,B,0.01,9.712261175677059e-05,0.00012738497652367548,-0.00019738590827195643,0.00025565613216154694,0.03730786846372236
2,plate12,1,Blank,0.0,C,0.02,0.00014699473845260696,0.00010030444411679847,9.470087994439996e-05,0.0002013066747627392,0.12524450144714472
3,plate12,1,Blank,0.0,D,0.03,0.00020863518264285137,0.0001366187814485876,-8.04604337822347e-06,0.00027418795456227434,0.1345557134489308
4,plate12,1,Blank,0.0,E,0.06,0.000653170270101538,0.00012202945733716009,-0.0004030622239139747,0.0002449078375643629,0.6563567797365455
5,plate12,1,Blank,0.0,F,0.1,0.0005280183774212781,0.0001362383876123989,0.00037755007240653003,0.00027342454585057305,0.5003498972882685
6,plate12,1,Blank,0.0,G,0.2,0.0014920277243143177,9.551120504040616e-05,1.0215975165167412e-05,0.00019168691522368004,0.9420916848928872
7,plate12,1,Blank,0.0,H,0.5,0.0036879158425979905,0.00018666299092335163,0.0001578074415879488,0.00037462448746878024,0.9629942588556528
