,Plate,Column,Enzyme,E_Conc,Row,S_Conc,slope,slope stderr,int,int stderr,RSQ
0,plate04,7,BL_SE7,0.5,A,0.005,6.286290997481257,0.821433353235963,-0.0216258746578354,0.02747635260540944,0.7961009868854151
1,plate04,7,BL_SE7,0.5,B,0.01,11.175465820972056,0.9814575201694555,0.008976072543879544,0.03282904599051212,0.8963047763837461
2,plate04,7,BL_SE7,0.5,C,0.02,22.41957519436817,1.1678414862472404,-0.004128039672034824,0.039063459152635246,0.9608907765885757
3,plate04,7,BL_SE7,0.5,D,0.03,31.102804121815005,1.141878802826645,0.014843020055259802,0.03819502818925757,0.9801829156154267
4,plate04,7,BL_SE7,0.5,E,0.06,58.09049515508841,0.9290754736320579,0.014614173269086574,0.03107691056785421,0.9961777374983196
5,plate04,7,BL_SE7,0.5,F,0.1,90.84509818225317,1.0964463855421787,0.009151442974424433,0.03667531404647767,0.9978197121966703
6,plate04,7,BL_SE7,0.5,G,0.2,146.36822885499274,0.7418629803553347,0.01749182236250275,0.024814798164692554,0.9996148072282409
7,plate04,7,BL_SE7,0.5,H,0.5,244.39844164800124,1.1841978535311088,0.06720155787209868,0.03961054970925651,0.99964796180189
