,Plate,Column,Enzyme,E_Conc,Row,S_Conc,slope,slope stderr,int,int stderr,RSQ
0,plate12,2,BL_74V,0.5,A,0.005,0.0005111975889904436,0.00013086110789350584,-0.0006653932496147512,0.0002626325779924747,0.504297183485978
1,plate12,2,BL_74V,0.5,B,0.01,0.0001542226857738393,0.0001360776502956033,0.0003981289154098714,0.0002731019527976459,0.07887681851564643
2,plate12,2,BL_74V,0.5,C,0.02,0.0007797431699835121,0.0001500547212317579,-0.00010395265577576978,0.0003011533305964323,0.6428783061453187
3,plate12,2,BL_74V,0.5,D,0.03,0.0009659384992158005,0.00014585458828299358,0.0001642226390548203,0.0002927238406965464,0.7451537032312117
4,plate12,2,BL_74V,0.5,E,0.06,0.0018710864697907043,0.00011810292666323074,0.0005896322396464768,0.0002370274617129294,0.9436081240856868
5,plate12,2,BL_74V,0.5,F,0.1,0.0034716254851568616,0.00012960543270999542,-8.371485070820808e-05,0.00026011243782109823,0.9795220880124565
6,plate12,2,BL_74V,0.5,G,0.2,0.006200763865882618,0.00013075090810638087,-0.0004670710239978577,0.00026241140663191,0.9933747326442407
7,plate12,2,BL_74V,0.5,H,0.5,0.011947708739083147,0.00010231834588714662,-9.007283947084066e-05,0.00020534853237333083,0.9989011168160122
