,Plate,Column,Enzyme,E_Conc,Row,S_Conc,slope,slope stderr,int,int stderr,RSQ
0,plate11,8,BL_I03,0.5,A,0.005,0.0008734139679892661,0.00013183304323506148,0.0005021827541149906,0.00026458320983694435,0.7452992505600402
1,plate11,8,BL_I03,0.5,B,0.01,0.0021437314980724408,0.0001429814057408858,0.00035272472938683777,0.0002869574858886751,0.9374458951060675
2,plate11,8,BL_I03,0.5,C,0.02,0.004402501644376469,0.00015802689542017233,0.00029689595342837735,0.00031715311406444564,0.9810398955293298
3,plate11,8,BL_I03,0.5,D,0.03,0.006372123773047941,0.00014358791812673247,0.000388648140742014,0.0002881747141647972,0.992441018557115
4,plate11,8,BL_I03,0.5,E,0.06,0.01165738947536924,0.00013126805913739567,0.0005388907265056224,0.0002634492849730879,0.9981016274960913
5,plate11,8,BL_I03,0.5,F,0.1,0.0169446474196269,0.0001739372048569601,0.000594951378017533,0.0003490844122298742,0.9984219347738337
6,plate11,8,BL_I03,0.5,G,0.2,0.02654621925409021,0.00015695237765962487,0.0002484696868250442,0.0003149967583653992,0.9994759234925494
7,plate11,8,BL_I03,0.5,H,0.5,0.04047506114625014,0.00018286790294657615,9.492750192538895e-05,0.00036700871845141993,0.999693902973003
