,Plate,Column,Enzyme,E_Conc,Row,S_Conc,slope,slope stderr,int,int stderr,RSQ
0,plate08,12,BL_MN2,0.5,A,0.005,0.00023577462929146723,0.00012577858211261324,2.651718405134362e-05,0.00025243217222397214,0.1897948726011741
1,plate08,12,BL_MN2,0.5,B,0.01,0.00031247561212188193,0.00014532783363978066,0.0007457925057057227,0.0002916666710719411,0.23559534172206265
2,plate08,12,BL_MN2,0.5,C,0.02,0.0008502877438707719,0.0001448089879069514,0.0004467342286340973,0.0002906253665765837,0.6968343401760695
3,plate08,12,BL_MN2,0.5,D,0.03,0.0016591515316727395,0.00016104797878945874,-0.00025102210433560493,0.0003232163124011033,0.8761719517796613
4,plate08,12,BL_MN2,0.5,E,0.06,0.0031033166734201253,8.302430181304138e-05,-3.494529818914362e-05,0.0001666261699203798,0.9893778576440462
5,plate08,12,BL_MN2,0.5,F,0.1,0.005299401477013403,0.000127027267290374,-0.0003409085611200243,0.0002549382442323834,0.9914551455974729
6,plate08,12,BL_MN2,0.5,G,0.2,0.009268083599285682,8.468654075530727e-05,-0.0001615506787609874,0.0001699622381365186,0.9987491748826611
7,plate08,12,BL_MN2,0.5,H,0.5,0.018589610961677994,0.00011281338114233341,2.6034755401638243e-05,0.0002264122490030279,0.9994478790468899
