,Plate,Column,Enzyme,E_Conc,Row,S_Conc,slope,slope stderr,int,int stderr,RSQ
0,plate01,11,BL_X9n,0.5,A,0.005,0.00024801205194639297,0.00018371599529984256,0.0002356651986462797,0.0003687100539879454,0.10833351119907397
1,plate01,11,BL_X9n,0.5,B,0.01,0.000849960103037382,0.00012930209180531766,-0.00032775920845631076,0.00025950369821658726,0.7423130785336562
2,plate01,11,BL_X9n,0.5,C,0.02,0.001072015560252125,0.00014342781645169313,5.629358385397451e-05,0.0002878534055701579,0.7883282870056536
3,plate01,11,BL_X9n,0.5,D,0.04,0.0016840369638192914,0.00011660215418145784,1.1842413297728868e-05,0.00023401530627150432,0.9329125534582907
4,plate01,11,BL_X9n,0.5,E,0.08,0.0024671184705334723,0.00012379854205741764,0.0002815481608845984,0.0002484583234367783,0.9636050315650688
5,plate01,11,BL_X9n,0.5,F,0.16,0.00356017058106053,0.00013431141267280478,-0.0005358139120626429,0.0002695571829445019,0.9790973514720378
6,plate01,11,BL_X9n,0.5,G,0.32,0.004673613671847812,0.00012433501727423773,-5.5206895952731906e-05,0.0002495350873958332,0.9894952306353182
7,plate01,11,BL_X9n,0.5,H,0.5,0.007298455919090589,0.00012056660464132748,-3.0175040307177977e-05,0.00024197178807768019,0.9959232971762766
