,Plate,Column,Enzyme,E_Conc,Row,S_Conc,slope,slope stderr,int,int stderr,RSQ
0,plate12,6,BL_06Q,0.5,A,0.005,0.00046270897267043664,0.0001132186616901449,-0.00014057297360114645,0.0002272249518508717,0.5268502357610316
1,plate12,6,BL_06Q,0.5,B,0.01,0.0007762829572050716,9.607694177642209e-05,-3.404005386799558e-05,0.00019282224739456178,0.813161537225273
2,plate12,6,BL_06Q,0.5,C,0.02,0.0013036581864506486,0.00013292582864857366,0.00031820501632242405,0.00026677637803059466,0.8650900897746097
3,plate12,6,BL_06Q,0.5,D,0.03,0.0022584329727748137,9.482642891400295e-05,-5.009296705109796e-05,0.00019031258435484784,0.9742367508535921
4,plate12,6,BL_06Q,0.5,E,0.06,0.004192223298765059,0.00013301938860346094,0.00017046919528709454,0.0002669641901024257,0.9851227459038111
5,plate12,6,BL_06Q,0.5,F,0.1,0.0067765138118240096,9.47624365576714e-05,8.978795463912365e-05,0.0001901841306055776,0.9970753117185039
6,plate12,6,BL_06Q,0.5,G,0.2,0.012175205032090908,0.00013875115129693033,1.2140280283632579e-05,0.0002784671884171401,0.9980556848676666
7,plate12,6,BL_06Q,0.5,H,0.5,0.022542204755101054,8.334369512349858e-05,0.00046630025869208637,0.0001672672034247568,0.9997949994885277
