,Plate,Column,Enzyme,E_Conc,Row,S_Conc,slope,slope stderr,int,int stderr,RSQ
0,plate07,7,BL_YTJ,0.5,A,0.005,16.18504676628209,1.310718028963901,-0.0014810804606179369,0.04384254628506431,0.9104364075121215
1,plate07,7,BL_YTJ,0.5,B,0.01,32.250428322485504,0.7731572677151228,-0.010530074692693518,0.025861544151094262,0.9914527309728836
2,plate07,7,BL_YTJ,0.5,C,0.02,54.8091975594473,1.3798523597239225,0.04599067369243684,0.046155069041725255,0.9905823984880758
3,plate07,7,BL_YTJ,0.5,D,0.03,73.9886772592366,1.0887517927838266,0.057728280424206295,0.03641795759280639,0.9967624973107324
4,plate07,7,BL_YTJ,0.5,E,0.06,114.84894052330871,1.130245696421964,0.07579297202134325,0.03780590413869495,0.9985493837160173
5,plate07,7,BL_YTJ,0.5,F,0.1,148.59206014942643,1.171315741551737,0.013370963933655782,0.03917963060574429,0.9990688031054556
6,plate07,7,BL_YTJ,0.5,G,0.2,186.77368473634863,1.3243175093347153,0.04552183423813551,0.04429746870754041,0.999246441190081
7,plate07,7,BL_YTJ,0.5,H,0.5,235.33494418878783,1.1991505333069459,-0.0011017654617777061,0.04011015180289424,0.9996107275407113
