,Plate,Column,Enzyme,E_Conc,Row,S_Conc,slope,slope stderr,int,int stderr,RSQ
0,plate10,5,BL_GW7,0.5,A,0.005,3.1934610847480736,0.6650130893417187,-0.03420233458932823,0.022244207876680678,0.6058874065671063
1,plate10,5,BL_GW7,0.5,B,0.01,3.521845621784887,0.9932369761094305,0.02244601507906591,0.03322305974076327,0.4559872569194089
2,plate10,5,BL_GW7,0.5,C,0.02,9.15536300415369,0.8908633754891878,-0.03685791555234904,0.029798737243495393,0.8756381824517633
3,plate10,5,BL_GW7,0.5,D,0.03,12.511315067189875,0.9045730007603615,-0.00599270020481822,0.03025731699561636,0.9272908865121243
4,plate10,5,BL_GW7,0.5,E,0.06,25.404992257529756,1.140387150799144,-0.017722380952815843,0.03814512340974186,0.97066231607337
5,plate10,5,BL_GW7,0.5,F,0.1,39.36210230014952,1.0233944473526653,0.011908007693883883,0.0342318111333868,0.9899621757193114
6,plate10,5,BL_GW7,0.5,G,0.2,71.76730190704407,1.5438004363328373,-0.053168470284504867,0.05163900557699376,0.9931068749472972
7,plate10,5,BL_GW7,0.5,H,0.5,137.13066111242824,0.7618209952521869,-0.010270020575771643,0.025482338669538005,0.9995372714869274
