,Plate,Column,Enzyme,E_Conc,Row,S_Conc,slope,slope stderr,int,int stderr,RSQ
0,plate06,12,BL_2ZK,0.5,A,0.005,2.661753619339111,1.0488544673615559,-0.0031834601534884714,0.0350834271639386,0.3003825523967302
1,plate06,12,BL_2ZK,0.5,B,0.01,3.565778476764847,0.9845318572489207,0.04434803135203793,0.032931880713822824,0.46652330764035455
2,plate06,12,BL_2ZK,0.5,C,0.02,9.055948594653456,1.1059416453952093,0.03747960837272309,0.03699295039673456,0.8171862554904249
3,plate06,12,BL_2ZK,0.5,D,0.03,15.497155731869176,0.8468767327859424,-0.010277080581472782,0.02832741708835317,0.9571257373741138
4,plate06,12,BL_2ZK,0.5,E,0.06,28.06920788971085,1.0598106034135402,0.0028698248747253026,0.03544988919173333,0.979063837938237
5,plate06,12,BL_2ZK,0.5,F,0.1,47.08983457163532,1.0933947719576753,-0.04922345257438207,0.036573264360387873,0.9919778130653479
6,plate06,12,BL_2ZK,0.5,G,0.2,80.30685256408255,1.0387432467245552,0.054633957266023145,0.034745209965673166,0.9974966940256714
7,plate06,12,BL_2ZK,0.5,H,0.5,162.89761208814963,1.0714705924938255,-0.016307349606439266,0.03583990127079326,0.9993514555635225
