,Plate,Column,Enzyme,E_Conc,Row,S_Conc,slope,slope stderr,int,int stderr,RSQ
0,plate01,12,BL_sXT,0.5,A,0.005,0.0014457931973027064,0.00016272906967776258,-0.00016054332664959908,0.00032659019737972284,0.8403189516886395
1,plate01,12,BL_sXT,0.5,B,0.01,0.0025576499673383157,0.00012128841762742724,1.3218769560952026e-05,0.00024342056890776814,0.9673683561406913
2,plate01,12,BL_sXT,0.5,C,0.02,0.00425985359403438,0.00014402547229733876,-0.00022199158894608217,0.0002890529205040676,0.9831423454767776
3,plate01,12,BL_sXT,0.5,D,0.04,0.0054661662491340985,9.191314322748087e-05,5.8882063217273894e-05,0.00018446569048072888,0.9957767950107824
4,plate01,12,BL_sXT,0.5,E,0.08,0.007509610715086336,0.00018017735318940373,0.0007234684025237722,0.00036160814073304227,0.9914390328473196
5,plate01,12,BL_sXT,0.5,F,0.16,0.009712477781757298,0.0001763804358452554,-4.628206023702544e-05,0.000353988068401212,0.9950774640432406
6,plate01,12,BL_sXT,0.5,G,0.32,0.011834408431947148,0.00010275596003632222,0.0002863524942052471,0.00020622678148162065,0.998870408688561
7,plate01,12,BL_sXT,0.5,H,0.5,0.015427852162946119,0.0001824396381622856,-0.00022222755290555906,0.0003661485257582231,0.9979068094649995
