,Plate,Column,Enzyme,E_Conc,Row,S_Conc,slope,slope stderr,int,int stderr,RSQ
0,plate03,2,BL_ZKJ,0.5,A,0.005,0.0004795503377894737,0.00013386034557702728,0.00023372744598070376,0.0002686519174343121,0.46109216799405506
1,plate03,2,BL_ZKJ,0.5,B,0.01,0.0009684563534743786,0.00014603974292922,0.0003270365215350072,0.00029309543498429007,0.7456602541070616
2,plate03,2,BL_ZKJ,0.5,C,0.02,0.0021264598822405933,0.00014359859424762592,-2.82102825539244e-05,0.0002881960599402048,0.9359761544643466
3,plate03,2,BL_ZKJ,0.5,D,0.03,0.0030444731238680922,0.00013038985322547867,0.00031628859696489306,0.0002616867931760882,0.9732226995263177
4,plate03,2,BL_ZKJ,0.5,E,0.06,0.0061079059586846216,0.00016703778221239065,5.669972066917463e-05,0.0003352375112636852,0.9889059437868946
5,plate03,2,BL_ZKJ,0.5,F,0.1,0.009525221103759978,0.0001597413770768261,0.00012402556509006558,0.00032059415786130985,0.9957990410792057
6,plate03,2,BL_ZKJ,0.5,G,0.2,0.016561476138037712,0.0001299390479950609,5.2968757728977245e-05,0.0002607815972006325,0.9990774965594792
7,plate03,2,BL_ZKJ,0.5,H,0.5,0.029482239955168077,0.00013926984203738345,2.6295473483428644e-05,0.0002795069962681857,0.9996654010193973
