,Plate,Column,Row,slope,slope stderr,int,int stderr,RSQ
0,plate01,2,A,0.0019004676928721471,0.00013215131935292353,0.00022670137884174237,0.00026522198908183873,0.9323754853796453
1,plate01,2,B,0.003795698822460368,0.00012880105700679816,-0.0002880908895116665,0.00025849816282405916,0.9830210972713852
2,plate01,2,C,0.006212693802752203,0.00012355603662137318,0.00033058659639372147,0.00024797160566025734,0.9941021984303517
3,plate01,2,D,0.008505196328927976,0.00015774655215059085,-4.6732587276340994e-05,0.00031659068204729126,0.9948665756943716
4,plate01,2,E,0.012680172941180769,0.00013474969469489713,-3.761763730397861e-06,0.00027044069821099986,0.9983087615478144
5,plate01,2,F,0.01568676879622669,0.00010337828503077563,0.00022420454378749996,0.0002074757653225321,0.9993489704442764
6,plate01,2,G,0.019833150773592878,0.00014451651311595426,-0.0004301064867922394,0.00029003832592328457,0.9992042132938119
7,plate01,2,H,0.02442134213713781,0.0001590503478968167,-5.882180134180916e-05,0.00031920743377898475,0.9993641603131067
