,Plate,Column,Enzyme,E_Conc,Row,S_Conc,slope,slope stderr,int,int stderr,RSQ
0,plate01,12,BL_sXT,0.5,A,0.005,9.903774262844125,0.8584080508392521,0.02166649945378044,0.028713129961399308,0.8987245842057137
1,plate01,12,BL_sXT,0.5,B,0.01,19.84043904258337,1.0402396533175775,-0.050468227627971346,0.03479526613255661,0.9603989070352634
2,plate01,12,BL_sXT,0.5,C,0.02,31.11261315074656,0.9283491700469354,0.030006492367226384,0.031052613128157207,0.986821086048389
3,plate01,12,BL_sXT,0.5,D,0.04,41.53370236276963,0.6556938919006989,-0.008251425238835364,0.021932480156916442,0.9962754690130463
4,plate01,12,BL_sXT,0.5,E,0.08,58.22590451559149,0.9981376273035285,0.028840130095254594,0.03338697882032722,0.995611369007285
5,plate01,12,BL_sXT,0.5,F,0.16,73.11551565763475,1.0368461391618191,-0.09491492221585976,0.03468175670768737,0.9969925887156854
6,plate01,12,BL_sXT,0.5,G,0.32,82.88994111436233,0.8161236542266566,-0.030002169749747093,0.027298748630717087,0.9985479941392872
7,plate01,12,BL_sXT,0.5,H,0.5,90.58366502114617,0.9968533133831926,0.022444076914505475,0.03334402083170378,0.9981867161708553
