,Plate,Column,Enzyme,E_Conc,Row,S_Conc,slope,slope stderr,int,int stderr,RSQ
0,plate01,2,wt1,0.5,A,0.005,14.71715649450351,0.6241517962369232,0.022683956761131815,0.020877426200594774,0.9737298629640465
1,plate01,2,wt1,0.5,B,0.01,29.1202951569573,0.9621335062671611,-0.03708720527393883,0.03218267061236809,0.9838892230758628
2,plate01,2,wt1,0.5,C,0.02,48.62440730890928,0.9078251524629106,0.031011775015017475,0.030366095655301698,0.9947985752623899
3,plate01,2,wt1,0.5,D,0.04,66.33008262289594,1.164932260205803,-0.029447471683355694,0.03896613714602064,0.9953946072048223
4,plate01,2,wt1,0.5,E,0.08,95.74128619980787,1.328158991982927,0.016680851098606737,0.04442598650753238,0.9971216627242059
5,plate01,2,wt1,0.5,F,0.16,117.74798083394401,1.24515341032675,0.04559658477710419,0.04164948216871358,0.9983254356104886
6,plate01,2,wt1,0.5,G,0.32,142.49133060735596,0.9900341334140784,0.053349078449952514,0.03311592605350038,0.9992763970204509
7,plate01,2,wt1,0.5,H,0.5,163.8365304785764,0.8490178342404129,-0.004508733690393997,0.02839901715982725,0.9995973480181367
