,Plate,Column,Enzyme,E_Conc,Row,S_Conc,slope,slope stderr,int,int stderr,RSQ
0,plate10,2,BL_2MC,0.5,A,0.005,0.19955705201869892,0.9634322681935857,0.018441183306351576,0.03222611383676278,0.0028520766848709744
1,plate10,2,BL_2MC,0.5,B,0.01,2.0534473739969865,1.3150084042343255,-0.019781488941370277,0.04398608275291986,0.13983074487587677
2,plate10,2,BL_2MC,0.5,C,0.02,2.010772697343225,1.179033544734046,0.03453013525076837,0.039437821303458326,0.16241034276311617
3,plate10,2,BL_2MC,0.5,D,0.03,7.990803693140976,0.8742674731889504,-0.05461009017363985,0.02924361576514188,0.8477769061847404
4,plate10,2,BL_2MC,0.5,E,0.06,10.030204334061274,0.898532856044925,0.0301932603707854,0.030055276730646747,0.8925575510210146
5,plate10,2,BL_2MC,0.5,F,0.1,16.466251158995576,1.0085426664881787,0.011823874813879481,0.033735022696551924,0.9467260763087997
6,plate10,2,BL_2MC,0.5,G,0.2,29.62329770339353,0.9042020108453911,-0.061018259632731435,0.030244905407420763,0.9862174971140963
7,plate10,2,BL_2MC,0.5,H,0.5,55.58912503337426,1.3786011959242004,-0.022679305748814577,0.04611322205677289,0.9908588432758496
