,Plate,Column,Enzyme,E_Conc,Row,S_Conc,slope,slope stderr,int,int stderr,RSQ
0,plate01,6,BL_FWY,0.5,A,0.005,0.003170023350770469,0.00013019207859534218,0.00016664012739581077,0.0002612898575258707,0.975323480003908
1,plate01,6,BL_FWY,0.5,B,0.01,0.005330299338313613,0.00013469270906593274,8.515061898702869e-05,0.00027032238805619143,0.9905128374148305
2,plate01,6,BL_FWY,0.5,C,0.02,0.008264411728683677,0.00016398904851120595,0.00016988703835976236,0.00032911896892110127,0.9941286274457548
3,plate01,6,BL_FWY,0.5,D,0.04,0.010138597362200205,0.00011096187676756898,0.00011519624333034773,0.00022269563670866615,0.998206494028737
4,plate01,6,BL_FWY,0.5,E,0.08,0.013022215549068789,0.00011947766714646246,0.0004785651798851271,0.00023978646362416995,0.9987389079439605
5,plate01,6,BL_FWY,0.5,F,0.16,0.014715373707438778,0.0001372313336533417,0.00031340868996250785,0.00027541730216837867,0.9986971661891672
6,plate01,6,BL_FWY,0.5,G,0.32,0.016853601669574145,0.0001525489561559634,0.00016863510378721858,0.0003061591860877254,0.9987725865006698
7,plate01,6,BL_FWY,0.5,H,0.5,0.020319990058203063,0.00013696750852060786,-2.4302026588873815e-05,0.0002748887842879848,0.9993189402867859
