,Plate,Column,Enzyme,E_Conc,Row,S_Conc,slope,slope stderr,int,int stderr,RSQ
0,plate04,9,BL_4YW,0.5,A,0.005,2.1867567697086323,0.781662368691216,0.024759657359512657,0.02614604227223698,0.3428664173351449
1,plate04,9,BL_4YW,0.5,B,0.01,5.972144152236302,0.5314632441354739,-0.025728906158012068,0.01777706217965147,0.8938233838477438
2,plate04,9,BL_4YW,0.5,C,0.02,12.160197014103066,0.8283327090034227,0.004556890347028367,0.027707130851961016,0.934927558397204
3,plate04,9,BL_4YW,0.5,D,0.03,16.49505848262356,1.1036516340113445,0.03530631584333169,0.03691634999142102,0.9370751771911405
4,plate04,9,BL_4YW,0.5,E,0.06,33.10779640675794,0.9189404179719793,0.013779703587167966,0.030737901020822155,0.9885760583343939
5,plate04,9,BL_4YW,0.5,F,0.1,52.51342130007168,1.2147133241543018,-0.004292861652843802,0.04063129877294824,0.9920379207358302
6,plate04,9,BL_4YW,0.5,G,0.2,91.62719706922172,1.473097080688986,-0.08343885833980359,0.04927403404189719,0.996137891218381
7,plate04,9,BL_4YW,0.5,H,0.5,164.02964045112418,1.2043157150398294,0.018508534217372974,0.04028350158721403,0.9991920652650222
