,Plate,Column,Enzyme,E_Conc,Row,S_Conc,slope,slope stderr,int,int stderr,RSQ
0,plate09,6,BL_ON3,0.5,A,0.005,0.0003789076755745946,0.00014950712827964093,-0.00030183091003278204,0.0003000543319523712,0.2998204196752883
1,plate09,6,BL_ON3,0.5,B,0.01,0.0005597215335285417,9.419382735666797e-05,0.00011040758679214477,0.00018904293975936838,0.7018492005331458
2,plate09,6,BL_ON3,0.5,C,0.02,0.0013386621944751255,0.00014138143918891746,-8.82755692617322e-05,0.00028374644044423174,0.8566670164192554
3,plate09,6,BL_ON3,0.5,D,0.03,0.0018922611654667604,9.709324488858365e-05,0.00014293506968234362,0.000194861953147114,0.9620085186540601
4,plate09,6,BL_ON3,0.5,E,0.06,0.0037112077048892093,0.00011754440330496062,-0.00022030649153314866,0.00023590653552990712,0.9851755563112768
5,plate09,6,BL_ON3,0.5,F,0.1,0.005732358288029331,0.00021636764288664867,5.0975606020020894e-05,0.0004342406184012513,0.9790768764817157
6,plate09,6,BL_ON3,0.5,G,0.2,0.010513641369104734,0.00013218298207975866,0.000450196436979414,0.0002652855197186287,0.9976345832527364
7,plate09,6,BL_ON3,0.5,H,0.5,0.02126523497350049,0.00017108083703169452,0.00022743655841015408,0.00034335192021341923,0.9990300869524823
