,Plate,Column,Enzyme,E_Conc,Row,S_Conc,slope,slope stderr,int,int stderr,RSQ
0,plate02,5,BL_7QH,0.5,A,0.005,2.981651136977955,1.1310599115233642,0.06036447141035583,0.03783313799088055,0.3166075969789298
1,plate02,5,BL_7QH,0.5,B,0.01,9.004523146080105,0.925398335020079,-0.036417031413050895,0.030953906258351455,0.8632400811958958
2,plate02,5,BL_7QH,0.5,C,0.02,13.588876589686235,0.6589453070072601,-0.0645822488615425,0.022041245142890485,0.9659302722590196
3,plate02,5,BL_7QH,0.5,D,0.03,16.94306274312796,1.1092249659601605,-0.026486257505569957,0.03710277611145645,0.9395930899497722
4,plate02,5,BL_7QH,0.5,E,0.06,24.77763803883269,1.3135230720701772,0.006208466224526844,0.04393640710812303,0.9595503570574808
5,plate02,5,BL_7QH,0.5,F,0.1,31.32940973476463,0.6389382653179022,0.03239322968247886,0.02137202325608604,0.9937998326761662
6,plate02,5,BL_7QH,0.5,G,0.2,43.42193650963239,1.345835007696554,0.045559067106879715,0.04501720890473388,0.9857949440016055
7,plate02,5,BL_7QH,0.5,H,0.5,68.11470100332318,0.780290233057771,-0.08840608839374935,0.02610014672041018,0.9980354278056038
