,Plate,Column,Enzyme,E_Conc,Row,S_Conc,slope,slope stderr,int,int stderr,RSQ
0,plate08,12,BL_MN2,0.5,A,0.005,1.864967689295661,0.9949034480527725,0.0034958307159310507,0.03327880289404427,0.1897948726011741
1,plate08,12,BL_MN2,0.5,B,0.01,2.4716693312230085,1.1495372292939694,0.09831980439963588,0.03845119095498325,0.23559534172206265
2,plate08,12,BL_MN2,0.5,C,0.02,6.725741330560046,1.1454331807355504,0.058894158417915066,0.03831391302107975,0.6968343401760695
3,plate08,12,BL_MN2,0.5,D,0.03,13.123820860258474,1.273882935459601,-0.033092909903817344,0.04261046386350706,0.8761719517796613
4,plate08,12,BL_MN2,0.5,E,0.06,24.547108155671626,0.6567188368526341,-0.004606931360073584,0.021966769991781807,0.9893778576440462
5,plate08,12,BL_MN2,0.5,F,0.1,41.918049269915144,1.0047804968159257,-0.044942879944556285,0.03360918501479949,0.9914551455974729
6,plate08,12,BL_MN2,0.5,G,0.2,73.31016278681675,0.669867079004603,-0.021297654528424702,0.022406572714342324,0.9987491748826611
7,plate08,12,BL_MN2,0.5,H,0.5,147.04306355730782,0.8923492378416921,0.003432230867296303,0.029848527392474362,0.9994478790468899
