,Plate,Column,Enzyme,E_Conc,Row,S_Conc,slope,slope stderr,int,int stderr,RSQ
0,plate06,4,BL_9VI,0.5,A,0.005,0.0008348838483020492,0.0001127284657283303,0.00010641618909931572,0.0002262411441792635,0.7852573822037473
1,plate06,4,BL_9VI,0.5,B,0.01,0.0016740206075456863,0.00012399711891262233,0.0003388117481476471,0.00024885684615982866,0.9239593657593389
2,plate06,4,BL_9VI,0.5,C,0.02,0.0031879227852566034,0.0001276675734177874,0.00022100061642512078,0.00025622328817235824,0.9765083922833291
3,plate06,4,BL_9VI,0.5,D,0.03,0.004601261242835344,0.00015067926598291083,0.00025755828722747213,0.0003024067799228522,0.9841687850510086
4,plate06,4,BL_9VI,0.5,E,0.06,0.008078112065263342,0.00013320791627130716,0.00013885182335515495,0.0002673425451658005,0.9959377720319188
5,plate06,4,BL_9VI,0.5,F,0.1,0.011481965910496217,0.00015692913162505733,-1.543740464482468e-05,0.0003149496980196121,0.9972058827630401
6,plate06,4,BL_9VI,0.5,G,0.2,0.01666509457628432,8.600137561741829e-05,3.399984358510605e-05,0.00017260108518475704,0.9996006873767543
7,plate06,4,BL_9VI,0.5,H,0.5,0.02413927694149205,0.00014516323784348465,-0.00015699089189728793,0.00029133645339646106,0.9994578464177066
