,Plate,Column,Enzyme,E_Conc,Row,S_Conc,slope,slope stderr,int,int stderr,RSQ
0,plate11,11,BL_3N7,0.5,A,0.005,0.00031803762039641715,0.00010958119619905,5.10071451557968e-05,0.00021992470749034743,0.35961344180142363
1,plate11,11,BL_3N7,0.5,B,0.01,0.0005948551106394484,0.0001766874295573664,-0.0002582687832507063,0.0003546040175867236,0.4304099004563634
2,plate11,11,BL_3N7,0.5,C,0.02,0.0008658586351079033,0.00013141153252022925,0.000303146113357993,0.00026373725989971893,0.7432110172603821
3,plate11,11,BL_3N7,0.5,D,0.03,0.001481841334256135,0.00012023906489127151,5.4285339728390086e-05,0.00024131462149910255,0.9101171780254353
4,plate11,11,BL_3N7,0.5,E,0.06,0.0027994857981861574,0.0001745852022313861,6.484859941257476e-05,0.00035038493940092047,0.9448779788954976
5,plate11,11,BL_3N7,0.5,F,0.1,0.004452644210004522,0.0001284433757259986,0.00023761399677119243,0.0002577803167943788,0.9876720312785073
6,plate11,11,BL_3N7,0.5,G,0.2,0.008357449296666604,0.00010366930945847967,-0.00027344836642400407,0.00020805980833769254,0.9976972703305872
7,plate11,11,BL_3N7,0.5,H,0.5,0.016058753909727996,0.00014603794089799413,2.445956287833173e-05,0.0002930905756411249,0.9987610535282383
