,Plate,Column,Enzyme,E_Conc,Row,S_Conc,slope,slope stderr,int,int stderr,RSQ
0,plate11,5,BL_AXL,0.5,A,0.005,0.5998566097658766,1.2991979490381294,0.017109717376377346,0.04345723456178066,0.014012769081019005
1,plate11,5,BL_AXL,0.5,B,0.01,1.0349431604104888,0.8101621314646116,0.04748180621079295,0.02709933886420138,0.09811777566206448
2,plate11,5,BL_AXL,0.5,C,0.02,6.458324107053842,0.8719674567390945,-0.028203515468178567,0.029166682798686124,0.7852783663899294
3,plate11,5,BL_AXL,0.5,D,0.03,5.662208710177991,0.9878601723420624,0.0482479374087853,0.033043210324081716,0.6865428714090616
4,plate11,5,BL_AXL,0.5,E,0.06,11.239564634562367,1.4355471762158036,0.03753828797858092,0.04801801863546021,0.8034088929459522
5,plate11,5,BL_AXL,0.5,F,0.1,20.251898844047126,1.1975305577837585,0.0017759078363211679,0.04005652823190237,0.9501653363680993
6,plate11,5,BL_AXL,0.5,G,0.2,34.99099909102554,1.2280936350272207,-0.07249497816852603,0.04107884676446727,0.9818577892276348
7,plate11,5,BL_AXL,0.5,H,0.5,61.684404700784086,1.498126724247942,-0.0035850024086529456,0.050111193882536646,0.9912298213118711
