,Plate,Column,Enzyme,E_Conc,Row,S_Conc,slope,slope stderr,int,int stderr,RSQ
0,plate10,11,BL_Z8H,0.5,A,0.005,3.2676022424458244,1.4231269291659556,0.008744534940323317,0.04760256797440547,0.26006124728753877
1,plate10,11,BL_Z8H,0.5,B,0.01,5.692915173925133,0.8387746273424779,0.043815953609359776,0.028056405984231512,0.7543634306683462
2,plate10,11,BL_Z8H,0.5,C,0.02,13.315062170733448,0.9436163348065909,0.004017723061588779,0.03156327980155763,0.9299429533905448
3,plate10,11,BL_Z8H,0.5,D,0.03,18.416813915042813,0.9053088734702064,0.03347504981067481,0.030281929824737513,0.965022149414326
4,plate10,11,BL_Z8H,0.5,E,0.06,39.05746879707486,1.4188052375506413,-0.036123091293804165,0.04745801655537842,0.9805904062856885
5,plate10,11,BL_Z8H,0.5,F,0.1,60.64234376326288,1.138419666603232,-0.056326154061578676,0.0380793143509703,0.9947415929351765
6,plate10,11,BL_Z8H,0.5,G,0.2,103.57523635848311,0.9355920827408751,0.0008957385117917618,0.031295084982004416,0.9987775732519637
7,plate10,11,BL_Z8H,0.5,H,0.5,195.2777673321925,1.129988631235487,0.0037387746824767407,0.03779731327974101,0.9994979803470212
