,Plate,Column,Enzyme,E_Conc,Row,S_Conc,slope,slope stderr,int,int stderr,RSQ
0,plate04,9,BL_4YW,0.5,A,0.005,0.000276456138992616,9.882002581978479e-05,0.00018781126564806783,0.00019832751396901257,0.3428664173351449
1,plate04,9,BL_4YW,0.5,B,0.01,0.0007550158008906335,6.718912616411375e-05,-0.00019516338045849778,0.00013484566845922046,0.8938233838477438
2,plate04,9,BL_4YW,0.5,C,0.02,0.0015373274076368349,0.0001047202257262898,3.456571838083409e-05,0.00021016895497482163,0.934927558397204
3,plate04,9,BL_4YW,0.5,D,0.03,0.002085353178612138,0.00013952684347803417,0.0002678116165997327,0.0002800243280560603,0.9370751771911405
4,plate04,9,BL_4YW,0.5,E,0.06,0.004185583733844093,0.00011617511532873578,0.00010452420780237225,0.0002331584807601422,0.9885760583343939
5,plate04,9,BL_4YW,0.5,F,0.1,0.006638899167484811,0.00015356758475855954,-3.2562961941106615e-05,0.0003082036046246157,0.9920379207358302
6,plate04,9,BL_4YW,0.5,G,0.2,0.01158377624771122,0.00018623320934903675,-0.0006329149616849463,0.00037376198558092,0.996137891218381
7,plate04,9,BL_4YW,0.5,H,0.5,0.02073710332471358,0.00015225308882999564,0.0001403941575677689,0.0003055654328319644,0.9991920652650222
