,Plate,Column,Enzyme,E_Conc,Row,S_Conc,slope,slope stderr,int,int stderr,RSQ
0,plate03,9,BL_AU2,0.5,A,0.005,0.0010163325137760287,0.00013954825485776046,0.0001268802649134156,0.0002800672959657784,0.7795491231089282
1,plate03,9,BL_AU2,0.5,B,0.01,0.0021619373000583897,0.00012432736700053197,0.00017181765283031563,0.00024951962389937543,0.9527380204555213
2,plate03,9,BL_AU2,0.5,C,0.02,0.004298592605033177,0.00013497961640483312,-2.24256306511143e-05,0.0002708982921911832,0.9854253279321151
3,plate03,9,BL_AU2,0.5,D,0.03,0.005914800236425288,0.00014562707759845284,0.00022355419844100356,0.00029226722607119147,0.9909891781671005
4,plate03,9,BL_AU2,0.5,E,0.06,0.010235771508572578,0.00011853339302640009,5.8276767079590286e-05,0.00023789129064115953,0.9979924832173934
5,plate03,9,BL_AU2,0.5,F,0.1,0.014058500351499742,0.00014892596564798738,0.0006270423243888842,0.0002988879793200632,0.9983195572946496
6,plate03,9,BL_AU2,0.5,G,0.2,0.02044320264630226,0.00013090152297846565,0.00021510014178397258,0.0002627138535995391,0.999385365872373
7,plate03,9,BL_AU2,0.5,H,0.5,0.02873758729120002,0.0001508264213865339,0.000157977552514702,0.000302702391562353,0.9995869825819591
