,Plate,Column,Enzyme,E_Conc,Row,S_Conc,slope,slope stderr,int,int stderr,RSQ
0,plate02,1,Blank,0.0,A,0.005,8.986714241348416e-06,0.00015576821523932523,0.00010108424425462099,0.00031262006643489345,0.00022184410035308577
1,plate02,1,Blank,0.0,B,0.01,9.366636005922825e-05,0.00017621923112874546,-9.700985356103073e-05,0.0003536643686378511,0.018486953916685867
2,plate02,1,Blank,0.0,C,0.02,-2.283040330027435e-05,0.0001512215576949093,0.0004041403629510538,0.0003034951136806899,0.0015172211750159592
3,plate02,1,Blank,0.0,D,0.03,0.0002317299270302059,0.00011790466291827629,-5.664039050228589e-05,0.00023662954868961807,0.20478406363743606
4,plate02,1,Blank,0.0,E,0.06,0.0003123110428203648,0.0001166862119402896,0.0003190412802780462,0.00023418417564375485,0.3232167964176811
5,plate02,1,Blank,0.0,F,0.1,0.0008341525731000986,0.00014596493402470708,-0.00010191901744811431,0.000292945292277932,0.6852596598440555
6,plate02,1,Blank,0.0,G,0.2,0.0016460084029025106,0.00013934357187492442,-0.00025893786494733017,0.0002796565117033869,0.9029360448124331
7,plate02,1,Blank,0.0,H,0.5,0.003925541228844256,0.0001459333696928999,-0.0002396084401011643,0.0002928819760531089,0.9796909061116671
