,Plate,Column,Enzyme,E_Conc,Row,S_Conc,slope,slope stderr,int,int stderr,RSQ
0,plate01,1,Blank,0.0,A,0.005,0.00017762256426672384,0.00014431054748075496,-0.00018824249798757889,0.0002896250231725064,0.09173238644612625
1,plate01,1,Blank,0.0,B,0.01,8.75262093481149e-05,0.00010705688657400892,-1.7916011454133915e-05,0.00021485854115687355,0.04266012875469993
2,plate01,1,Blank,0.0,C,0.02,0.00022805531754172846,0.00013334565199311804,-6.496059402767112e-05,0.00026761895709668843,0.16317890311947292
3,plate01,1,Blank,0.0,D,0.04,0.0004238851879923237,0.00010012013072197575,-0.00023399586199105075,0.00020093676870974397,0.5444159907760486
4,plate01,1,Blank,0.0,E,0.08,0.0005381072503944992,0.00010636525729343156,-0.00025549462782619695,0.00021347046646037917,0.630487227774902
5,plate01,1,Blank,0.0,F,0.16,0.0006550273049023507,0.00010997184986122592,1.6597869810943087e-05,0.00022070874302489277,0.7028393076439653
6,plate01,1,Blank,0.0,G,0.32,0.001453212480210507,0.00011541038509847762,-5.4174913578586174e-05,0.00023162364344591905,0.9135699947296105
7,plate01,1,Blank,0.0,H,0.5,0.0037992750383817513,0.0001181508489818173,-0.0001228238306614134,0.00023712364239151392,0.9857009021995315
