,Plate,Column,Enzyme,E_Conc,Row,S_Conc,slope,slope stderr,int,int stderr,RSQ
0,plate02,10,BL_P7H,0.5,A,0.005,0.0018249792838575794,6.924114994243433e-05,0.0002648747469826346,0.00013896398519836034,0.9788638386050187
1,plate02,10,BL_P7H,0.5,B,0.01,0.0032525795321452296,0.00011185026950886363,0.0007755796351153637,0.00022447864515424463,0.9825709638397878
2,plate02,10,BL_P7H,0.5,C,0.02,0.006347798946716114,0.00012187302828321158,0.0003121264933703035,0.000244593882212549,0.9945012330634299
3,plate02,10,BL_P7H,0.5,D,0.03,0.008424825306542223,0.0001255012273333051,0.00011085115711755391,0.00025187548363649916,0.996682414011758
4,plate02,10,BL_P7H,0.5,E,0.06,0.01267114266585644,0.00014310541543310763,-0.00015250022813680184,0.0002872062655171746,0.9980904077227053
5,plate02,10,BL_P7H,0.5,F,0.1,0.01582387976344484,0.00014990990847290857,0.00020530231538463828,0.0003008627650769159,0.9986555569994018
6,plate02,10,BL_P7H,0.5,G,0.2,0.019686473699873804,0.0001595108373925315,0.00013303969816771225,0.0003201312529740134,0.9990161991747113
7,plate02,10,BL_P7H,0.5,H,0.5,0.02424435648954376,0.00014086991824867692,0.0004027141745970996,0.0002827198747941288,0.9994938410280421
