,Plate,Column,Enzyme,E_Conc,Row,S_Conc,slope,slope stderr,int,int stderr,RSQ
0,plate05,8,BL_0G3,0.5,A,0.005,0.00019269108489511664,0.00010874868401859431,-5.841388994773471e-05,0.00021825389884196108,0.17308016975688711
1,plate05,8,BL_0G3,0.5,B,0.01,0.00047940179566576235,0.0001165802629908989,-0.00013583916207692996,0.00023397154021654034,0.5299311843394097
2,plate05,8,BL_0G3,0.5,C,0.02,0.000595964900417547,0.00010095505632476359,0.00018193305566858019,0.00020261242473585932,0.6990887844601501
3,plate05,8,BL_0G3,0.5,D,0.03,0.0010848181045718442,0.00015277064986235508,-0.00017168387434552673,0.00030660407432649454,0.7707250247809732
4,plate05,8,BL_0G3,0.5,E,0.06,0.0018201105613257626,0.00012195115972146123,5.450672388879551e-05,0.00024475067454744363,0.936909370733702
5,plate05,8,BL_0G3,0.5,F,0.1,0.0029217583541923512,0.00013495784895470442,0.00010903279574886277,0.0002708545291031735,0.9689888747864992
6,plate05,8,BL_0G3,0.5,G,0.2,0.005477776575823871,0.0001928080951471922,-0.0008527566199236821,0.00038695749866704337,0.9817553130823982
7,plate05,8,BL_0G3,0.5,H,0.5,0.009276191829383796,0.00011367930833453772,0.0005064076118067159,0.00022814943122400976,0.9977523053147889
