,Plate,Column,Enzyme,E_Conc,Row,S_Conc,slope,slope stderr,int,int stderr,RSQ
0,plate05,4,BL_58D,0.5,A,0.005,1.9925006476107173e-05,8.299887114799183e-05,0.00038540560724465724,0.0001665751412971202,0.003827331410441559
1,plate05,4,BL_58D,0.5,B,0.01,0.0006158332671074814,0.000137426680254146,-0.00012595031976110952,0.00027580939226201255,0.572417468779187
2,plate05,4,BL_58D,0.5,C,0.02,0.0008756756158722251,0.0001426944511669627,0.00021054223776528584,0.00028638158733447315,0.7151500715523295
3,plate05,4,BL_58D,0.5,D,0.03,0.00151381764901421,0.00017743561489462972,-6.755028302813305e-05,0.0003561055939360735,0.8291357350291402
4,plate05,4,BL_58D,0.5,E,0.06,0.002924091738375749,0.00010146913859780352,-0.00014818629439656894,0.00020364416278331878,0.9822579981034963
5,plate05,4,BL_58D,0.5,F,0.1,0.0044145599310594025,0.00016390879332455168,3.320063270273244e-05,0.0003289575701657078,0.9797404185593168
6,plate05,4,BL_58D,0.5,G,0.2,0.007659041325241771,0.00012426519752574717,5.7509401922995734e-05,0.00024939473928978364,0.9960669595144609
7,plate05,4,BL_58D,0.5,H,0.5,0.015145008631956915,0.00017578658742892716,-0.0002029696207829227,0.00035279615286807405,0.997983269705456
