,Plate,Column,Enzyme,E_Conc,Row,S_Conc,slope,slope stderr,int,int stderr,RSQ
0,plate06,1,Blank,0.0,A,0.005,-1.7394539079315814,0.9863421781206504,0.058812838951704645,0.032992434216462876,0.1717316797552506
1,plate06,1,Blank,0.0,B,0.01,0.8022329178944673,0.8378332101319699,-0.0011469917209686441,0.028024916511124136,0.05760110336331992
2,plate06,1,Blank,0.0,C,0.02,0.46690367732880994,0.9494656300756933,0.03008355669389265,0.03175893993380541,0.015865691404949533
3,plate06,1,Blank,0.0,D,0.03,3.4350996863361485,1.1737311730047384,-0.05988736696235982,0.039260460844980985,0.3634702446266582
4,plate06,1,Blank,0.0,E,0.06,3.68795788111079,0.8541492968775897,-0.028688995748951777,0.028570677522264602,0.5541355102649617
5,plate06,1,Blank,0.0,F,0.1,5.024367503316462,1.0419278033205197,0.04457163909677014,0.03485173345122877,0.6078785831246319
6,plate06,1,Blank,0.0,G,0.2,11.848278764475346,1.2290783569325388,-0.009190719981728759,0.0411117808329128,0.8610197970955858
7,plate06,1,Blank,0.0,H,0.5,31.306852252381983,0.7355518703002858,-0.04670728024177866,0.024603680099942873,0.9917878316788848
