,Plate,Column,Enzyme,E_Conc,Row,S_Conc,slope,slope stderr,int,int stderr,RSQ
0,plate04,1,Blank,0.0,A,0.005,0.4855406543722188,1.0567552443601325,-0.010155133526362067,0.03534770059535316,0.013878467845078513
1,plate04,1,Blank,0.0,B,0.01,-0.007748620515179346,1.143080537285602,0.020529455678418,0.03823521118919592,3.0643794597384755e-06
2,plate04,1,Blank,0.0,C,0.02,0.35477330810071234,0.75242174095841,0.027347552867985677,0.025167964409977713,0.014604885845928561
3,plate04,1,Blank,0.0,D,0.03,1.5383806554819588,1.1293198450389161,0.0034573327462802572,0.037774935450925744,0.1100901472197181
4,plate04,1,Blank,0.0,E,0.06,2.851918017755049,0.7984953097867362,0.023907294246520657,0.026709092428140502,0.45958479052689294
5,plate04,1,Blank,0.0,F,0.1,6.8274157923566765,1.0338354838008614,-0.018941313275672708,0.03458105128797711,0.7440813904976246
6,plate04,1,Blank,0.0,G,0.2,13.855956609172582,0.8372973300832353,-0.07133196281752063,0.02800699167959522,0.9480700293706421
7,plate04,1,Blank,0.0,H,0.5,30.153045014916906,0.7304567423609221,-0.010280697974218284,0.02443324681312144,0.9912740796340327
