,Plate,Column,Enzyme,E_Conc,Row,S_Conc,slope,slope stderr,int,int stderr,RSQ
0,plate10,4,BL_CNC,0.5,A,0.005,1.7282696335276146,1.1420384231725231,0.04075345042147705,0.03820036099754402,0.13245340821912577
1,plate10,4,BL_CNC,0.5,B,0.01,6.11244813956929,1.2607009637415234,-0.016213139538563657,0.04216953705453532,0.6104653612783527
2,plate10,4,BL_CNC,0.5,C,0.02,10.627263870221006,1.0061605522751322,0.010469952309155137,0.03365534362386618,0.8814791068765747
3,plate10,4,BL_CNC,0.5,D,0.03,13.451742258633674,1.2984882424532698,0.10278403261570238,0.04343349491795439,0.8773709216621571
4,plate10,4,BL_CNC,0.5,E,0.06,29.268238894491343,0.8620459294405827,0.02379674859360574,0.028834815535704668,0.9871547042018498
5,plate10,4,BL_CNC,0.5,F,0.1,46.12280327354188,1.151799526291582,-0.0054447892769096656,0.038526883092244016,0.9907323365731465
6,plate10,4,BL_CNC,0.5,G,0.2,80.2384929031407,1.0170854154676892,-0.010116407901345654,0.034020768786921056,0.9975956641168248
7,plate10,4,BL_CNC,0.5,H,0.5,142.2717679327678,1.034471265635233,-0.013636439334848267,0.034602291905550545,0.9992075975075608
