,Plate,Column,Enzyme,E_Conc,Row,S_Conc,slope,slope stderr,int,int stderr,RSQ
0,plate10,12,BL_O6N,0.5,A,0.005,4.473699725374632,1.0343623180554185,0.00506491178338664,0.034598673198817674,0.5549795707796399
1,plate10,12,BL_O6N,0.5,B,0.01,6.335225183337084,1.3456234700253515,-0.01245816675186073,0.04501013279957596,0.5963996094585231
2,plate10,12,BL_O6N,0.5,C,0.02,12.999146397710945,1.3176869479289386,0.0029931049735045013,0.044075673763976045,0.8664539641695259
3,plate10,12,BL_O6N,0.5,D,0.03,18.35081898602333,0.900072695232561,0.033343487294601466,0.030106781611000253,0.9651710989011966
4,plate10,12,BL_O6N,0.5,E,0.06,37.705820120936394,1.4797784785185542,-0.02539969229086674,0.04949752600709342,0.9774187118617201
5,plate10,12,BL_O6N,0.5,F,0.1,59.14503690752777,1.0388154543203307,-0.02360279299500885,0.034747622112401164,0.9953939750234703
6,plate10,12,BL_O6N,0.5,G,0.2,104.10106447141571,0.9281580813396146,0.037057626506925394,0.03104621070767899,0.9988090132275268
7,plate10,12,BL_O6N,0.5,H,0.5,199.8670756047771,1.2681367148501554,0.031711398198618165,0.04241824427042382,0.9993964981120554
