,Plate,Column,Enzyme,E_Conc,Row,S_Conc,slope,slope stderr,int,int stderr,RSQ
0,plate10,8,BL_J37,0.5,A,0.005,0.00034645263860740185,0.0001032977807713762,-0.00012182466875023817,0.00020731417124731608,0.4285450828128252
1,plate10,8,BL_J37,0.5,B,0.01,0.0005879901683627053,0.00012474731730180864,0.0004441888509445405,0.0002503624662399508,0.5969540977347783
2,plate10,8,BL_J37,0.5,C,0.02,0.001490457052402471,0.00014535059375663095,-0.0003667514677781073,0.00029171234896140016,0.8751550559494372
3,plate10,8,BL_J37,0.5,D,0.03,0.001736357420409587,0.00014496519044695922,0.0002824675514094272,0.00029093886441190975,0.9053428203312243
4,plate10,8,BL_J37,0.5,E,0.06,0.0035871633672810033,0.00018199069178029476,0.00017169878423252595,0.0003652474308304781,0.9628263447837554
5,plate10,8,BL_J37,0.5,F,0.1,0.00590441789724279,9.177063517724915e-05,0.00023282398081548761,0.00018417967095827367,0.9963894484071945
6,plate10,8,BL_J37,0.5,G,0.2,0.010949095907020888,0.00014024285409549184,0.00023526632414188484,0.0002814612572229207,0.9975451305571346
7,plate10,8,BL_J37,0.5,H,0.5,0.02207312445758764,0.00012785568084152266,-0.00013135705703589702,0.00025660092651802387,0.999496980082505
