,Plate,Column,Enzyme,E_Conc,Row,S_Conc,slope,slope stderr,int,int stderr,RSQ
0,plate07,4,BL_MQ0,0.5,A,0.005,23.49206441246279,1.1001320516640922,0.028452871053292562,0.03679862556765754,0.9681520051367234
1,plate07,4,BL_MQ0,0.5,B,0.01,37.887349772944,1.0050888445994708,0.015877362632863712,0.03361949107382466,0.989553979252431
2,plate07,4,BL_MQ0,0.5,C,0.02,50.90979938857129,0.947084434710876,0.022908303944594564,0.03167928939194229,0.9948356315776166
3,plate07,4,BL_MQ0,0.5,D,0.03,57.668497852364844,0.8325173871773341,0.07038530142967246,0.027847104888692586,0.9968836582126154
4,plate07,4,BL_MQ0,0.5,E,0.06,69.65739579318186,0.855407367768723,0.014589627009667008,0.02861276853166926,0.9977430490158006
5,plate07,4,BL_MQ0,0.5,F,0.1,77.90712824357766,0.8755232257142467,-0.02068554208045695,0.02928562434072657,0.9981091796864354
6,plate07,4,BL_MQ0,0.5,G,0.2,85.91798468801284,1.1239920551078697,-0.03574205136164758,0.037596722463560404,0.9974394329463381
7,plate07,4,BL_MQ0,0.5,H,0.5,107.45377100830974,1.1016722187723207,-0.04784578438029336,0.03685014465581747,0.9984257677147336
