,Plate,Column,Enzyme,E_Conc,Row,S_Conc,slope,slope stderr,int,int stderr,RSQ
0,plate10,3,BL_NUF,0.5,A,0.005,1.4441828258459994,1.302848749508179,-0.006920631458898175,0.04357935100704665,0.0757132365870905
1,plate10,3,BL_NUF,0.5,B,0.01,1.9629929139609295,0.9797945977686735,-0.013443201957563596,0.03277342247965634,0.21110374720478098
2,plate10,3,BL_NUF,0.5,C,0.02,3.642936355011241,0.8042980437073303,0.006470810166745309,0.026903189080090293,0.5776419093875621
3,plate10,3,BL_NUF,0.5,D,0.03,5.002146451574798,0.8329879379475544,0.03569663316654002,0.027862845431611626,0.7062325729760084
4,plate10,3,BL_NUF,0.5,E,0.06,11.778349697369661,1.0667183692841653,0.010627107368353081,0.03568095918758156,0.8904457579285032
5,plate10,3,BL_NUF,0.5,F,0.1,18.509860354742973,1.0317392478425904,0.020977133254743974,0.03451093333021066,0.9554710573408273
6,plate10,3,BL_NUF,0.5,G,0.2,35.08280486250436,1.0741852120793431,0.01732388571479835,0.03593071237694316,0.9861325719978512
7,plate10,3,BL_NUF,0.5,H,0.5,74.52600696340599,0.9324603847110592,0.034694798572875045,0.031190124530846325,0.997657295920145
