,Plate,Column,Enzyme,E_Conc,Row,S_Conc,slope,slope stderr,int,int stderr,RSQ
0,plate04,4,BL_KBX,0.5,A,0.005,6.3450741564117585,1.1060449884409636,-0.10150427731827506,0.036996406576698226,0.6869129325669916
1,plate04,4,BL_KBX,0.5,B,0.01,8.198178600631138,0.972128289130475,-0.038158951653680724,0.03251699008707407,0.8258230524017343
2,plate04,4,BL_KBX,0.5,C,0.02,15.202518081195848,0.942916735573098,-0.03345762016765203,0.031539882967055476,0.945443982396969
3,plate04,4,BL_KBX,0.5,D,0.03,20.071227555069584,1.167720224516358,0.019898162640905093,0.039059402181592685,0.9516815789582527
4,plate04,4,BL_KBX,0.5,E,0.06,40.15480057306232,0.9371730742927826,-0.004644025117375601,0.03134777760942212,0.991895567725112
5,plate04,4,BL_KBX,0.5,F,0.1,63.361333014159804,0.7649082658483103,-0.003123328386415997,0.025585603924124643,0.9978187120709575
6,plate04,4,BL_KBX,0.5,G,0.2,113.22570693400203,0.9833892868276258,0.006091525231590292,0.03289370495949045,0.9988697818543307
7,plate04,4,BL_KBX,0.5,H,0.5,215.19478166354142,1.0193342307791222,0.03950833858045099,0.03409598297140311,0.999663554699623
