,Plate,Column,Enzyme,E_Conc,Row,S_Conc,slope,slope stderr,int,int stderr,RSQ
0,plate02,11,BL_TS6,0.5,A,0.005,0.0019336138870851426,0.0001178317538229949,6.57444698230863e-05,0.0002364831948021381,0.9472363980514825
1,plate02,11,BL_TS6,0.5,B,0.01,0.0036638780462443605,0.00012772605430525652,2.2524205599065343e-05,0.0002563403987144655,0.9820972129242493
2,plate02,11,BL_TS6,0.5,C,0.02,0.006115759958171272,0.0001461922527702836,0.0008961240817181806,0.0002934015262249528,0.9915016882053768
3,plate02,11,BL_TS6,0.5,D,0.03,0.008551623588711865,0.00014407120356067077,1.5384897135817255e-05,0.00028914388476536276,0.9957606536283916
4,plate02,11,BL_TS6,0.5,E,0.06,0.012594998276533103,0.00012621709807945935,0.0002810992974963805,0.00025331221413505003,0.9984958984368548
5,plate02,11,BL_TS6,0.5,F,0.1,0.015620893365956763,0.00017938812168066348,0.0003608597634678493,0.00036002417405975415,0.9980257222804663
6,plate02,11,BL_TS6,0.5,G,0.2,0.019760579102031266,0.00010917145648796917,-7.764517124648256e-05,0.00021910215646973782,0.9995423747308806
7,plate02,11,BL_TS6,0.5,H,0.5,0.02482042031987075,0.0001051686656156295,-0.0004922376634144682,0.00021106899187095274,0.9997307665145402
