,Plate,Column,Enzyme,E_Conc,Row,S_Conc,slope,slope stderr,int,int stderr,RSQ
0,plate12,5,BL_7DD,0.5,A,0.005,17.22039542186603,1.0696880707600347,0.12705417244503978,0.03578029420048204,0.9452878941898826
1,plate12,5,BL_7DD,0.5,B,0.01,40.44172412891693,1.0804025472134016,-0.0062224745571339175,0.03613870043580009,0.9894079804192594
2,plate12,5,BL_7DD,0.5,C,0.02,72.69262343783053,1.0434006209659035,0.060890253380179865,0.03490100108360433,0.9969191343164342
3,plate12,5,BL_7DD,0.5,D,0.03,98.55771946907761,1.2018656144816746,0.13716524297988855,0.040201539571436684,0.997774363226408
4,plate12,5,BL_7DD,0.5,E,0.06,160.70622409840595,1.5249199170884733,0.10113659449296718,0.05100746903232941,0.9986512430514812
5,plate12,5,BL_7DD,0.5,F,0.1,215.72858119964133,1.2377386258797984,0.04902131390825811,0.041401476263644474,0.9995064622818788
6,plate12,5,BL_7DD,0.5,G,0.2,287.5085427726697,0.9747554465687236,-0.03278494474545129,0.032604848736408364,0.9998276129486934
7,plate12,5,BL_7DD,0.5,H,0.5,360.82513449852706,1.4539442130454006,0.08583580599128134,0.048633373313553226,0.999756506711965
