,Plate,Column,Enzyme,E_Conc,Row,S_Conc,slope,slope stderr,int,int stderr,RSQ
0,plate06,7,BL_6JO,0.5,A,0.005,11.766780556673616,1.1061380891188657,0.04541452625857061,0.03699952096593341,0.8829596679354647
1,plate06,7,BL_6JO,0.5,B,0.01,24.233501526864323,1.0494935182322729,0.03610360687105039,0.03510479889732532,0.9726366711139413
2,plate06,7,BL_6JO,0.5,C,0.02,41.33137902805266,0.918577045395121,0.0008387747712458516,0.030725696077050283,0.9926453575794271
3,plate06,7,BL_6JO,0.5,D,0.03,53.778260036759136,1.4230926987177575,0.019780206045096834,0.04760143099064399,0.9896054283647555
4,plate06,7,BL_6JO,0.5,E,0.06,77.50350548967576,1.0026456528971912,0.042263490339482686,0.03353777762415939,0.9974958819784359
5,plate06,7,BL_6JO,0.5,F,0.1,96.80907455436089,1.1763784303122486,-0.04845474395341047,0.039349011318150065,0.9977899994971863
6,plate06,7,BL_6JO,0.5,G,0.2,116.40490826447787,1.244230027144971,0.011211585093116766,0.041618637827181344,0.9982891630895322
7,plate06,7,BL_6JO,0.5,H,0.5,146.9518955488886,0.7949043466820727,-0.006910986430250317,0.026588916155765058,0.9995612912556814
