,Plate,Column,Enzyme,E_Conc,Row,S_Conc,slope,slope stderr,int,int stderr,RSQ
0,plate07,10,BL_0LZ,0.5,A,0.005,0.00035819287645111726,0.00012675128497789827,-0.00026469572732120057,0.0002543843428633743,0.34742878766406204
1,plate07,10,BL_0LZ,0.5,B,0.01,0.0002980917057645397,0.00012586050597583406,4.9029163249234525e-05,0.00025259659295261307,0.27217877150818126
2,plate07,10,BL_0LZ,0.5,C,0.02,0.0009691195322038974,0.00013288229571921956,-0.000330561674174405,0.00026668901565344395,0.780022625270723
3,plate07,10,BL_0LZ,0.5,D,0.03,0.001048349159970575,0.0001497285017843685,0.0002505236334492384,0.000300498631730742,0.7657104473075907
4,plate07,10,BL_0LZ,0.5,E,0.06,0.002095440992063178,0.00011553181791085926,5.1675917615789264e-05,0.00023186731129431592,0.9563907296882016
5,plate07,10,BL_0LZ,0.5,F,0.1,0.003156366872529848,9.427073127269958e-05,0.0001964419770223608,0.00018919727029187251,0.9867962483055128
6,plate07,10,BL_0LZ,0.5,G,0.2,0.005795430013485714,0.00010973334182605614,-0.0003413039602733663,0.00022023006742974093,0.9946510566929085
7,plate07,10,BL_0LZ,0.5,H,0.5,0.010542452594672787,0.00015117678187567856,-0.00010156595548291397,0.0003034052030405144,0.9969250273336457
