,Plate,Column,Enzyme,E_Conc,Row,S_Conc,slope,slope stderr,int,int stderr,RSQ
0,plate11,6,BL_49C,0.5,A,0.005,0.09945563245760741,1.1761065951636611,0.04012841459358088,0.03933991588840085,0.0004765036101240794
1,plate11,6,BL_49C,0.5,B,0.01,1.1340866977562551,1.2456963730048323,0.05498659249659436,0.04166764489388393,0.05236235542118284
2,plate11,6,BL_49C,0.5,C,0.02,6.446630723111718,1.024864939502565,-0.02243985782703998,0.03428099330341794,0.7251081972203826
3,plate11,6,BL_49C,0.5,D,0.03,8.441393941817005,1.1785569088845829,0.00021406731338672688,0.039421786499000466,0.773761824079807
4,plate11,6,BL_49C,0.5,E,0.06,13.349738073934898,0.9617335507466592,0.06529640344768503,0.03216929402115022,0.927773392153709
5,plate11,6,BL_49C,0.5,F,0.1,25.785448110418265,1.2031224305625128,-0.0384393447433335,0.040243579483048394,0.9683767879924948
6,plate11,6,BL_49C,0.5,G,0.2,45.33565242328668,0.9738085931348118,0.00024375508681295715,0.03257301977332432,0.9931266261692612
7,plate11,6,BL_49C,0.5,H,0.5,93.56588319665167,1.2597004104924496,-0.04262389807818116,0.04213607020461279,0.997288486895094
