,Plate,Column,Enzyme,E_Conc,Row,S_Conc,slope,slope stderr,int,int stderr,RSQ
0,plate03,7,BL_3HA,0.5,A,0.005,2.817586064090317,0.8938892653909667,-0.009992964293779884,0.029899950993073462,0.39844646523052385
1,plate03,7,BL_3HA,0.5,B,0.01,3.1460247592162003,1.0121116293680967,0.010219838857243771,0.033854403959280036,0.39177701384440033
2,plate03,7,BL_3HA,0.5,C,0.02,9.27263619392236,0.7797662828607982,-0.032280782305501535,0.02608261913300499,0.90409769230004
3,plate03,7,BL_3HA,0.5,D,0.03,11.711134875462161,0.9828883786711067,-0.00861626049618137,0.03287690740846976,0.9044389421630233
4,plate03,7,BL_3HA,0.5,E,0.06,24.198919438560235,0.9102005695478707,-0.01738740681397603,0.030445550679702536,0.9792196193977583
5,plate03,7,BL_3HA,0.5,F,0.1,36.636958645195335,1.100708232139064,-0.01732260437255742,0.036817901374759536,0.9866415324566372
6,plate03,7,BL_3HA,0.5,G,0.2,64.88780266252175,1.1547309331844309,-0.014822545929878897,0.038624931243989157,0.9952720943975901
7,plate03,7,BL_3HA,0.5,H,0.5,127.0744746897199,0.9493152180009775,-0.08370380091213395,0.03175390616072539,0.9991635657746855
