,Plate,Column,Enzyme,E_Conc,Row,S_Conc,slope,slope stderr,int,int stderr,RSQ
0,plate09,10,BL_9J3,0.5,A,0.005,6.43954639588665,0.8789597589323535,-0.040684614123512104,0.02940056995655708,0.7815800990558752
1,plate09,10,BL_9J3,0.5,B,0.01,11.064417405426582,1.0345976540581137,-0.014841003608250549,0.034606545711212064,0.8840539814540802
2,plate09,10,BL_9J3,0.5,C,0.02,20.690555280016497,1.324955772276644,-0.04183277965176422,0.044318816102617724,0.9420537380679442
3,plate09,10,BL_9J3,0.5,D,0.03,30.031435570562593,1.0048884845461352,-0.01428865599193002,0.03361279120927747,0.9834826082458868
4,plate09,10,BL_9J3,0.5,E,0.06,54.59806326877375,0.9520484374180928,0.008836480845771311,0.03184532371579829,0.9954597631875558
5,plate09,10,BL_9J3,0.5,F,0.1,83.86127092086431,0.826046273014737,0.01889025207319227,0.027630646390420715,0.9985467330840043
6,plate09,10,BL_9J3,0.5,G,0.2,140.05623786562006,0.9865572174323317,-0.005131861644749769,0.032999666512382814,0.9992562767561761
7,plate09,10,BL_9J3,0.5,H,0.5,234.39210830420697,1.3283077344513856,0.02003012833670741,0.04443097274702844,0.9995185004321112
