,Plate,Column,Enzyme,E_Conc,Row,S_Conc,slope,slope stderr,int,int stderr,RSQ
0,plate04,7,BL_SE7,0.5,A,0.005,0.000794731157036394,0.00010384798914130261,-0.00016404035125607596,0.000208418415622053,0.7961009868854151
1,plate04,7,BL_SE7,0.5,B,0.01,0.0014128348315215387,0.00012407870887600714,6.808686891489643e-05,0.000249020597820505,0.8963047763837461
2,plate04,7,BL_SE7,0.5,C,0.02,0.0028343477802131095,0.00014764191094116438,-3.1312725543531316e-05,0.00029631095444983296,0.9608907765885757
3,plate04,7,BL_SE7,0.5,D,0.03,0.003932106788678782,0.00014435963313333037,0.0001125898610849301,0.0002897235806428497,0.9801829156154267
4,plate04,7,BL_SE7,0.5,E,0.06,0.007343969034509861,0.00011745641848740118,0.00011085397258184571,0.0002357299950250764,0.9961777374983196
5,plate04,7,BL_SE7,0.5,F,0.1,0.0114849010359836,0.00013861593504968915,6.941711925074077e-05,0.0002781959802227615,0.9978197121966703
6,plate04,7,BL_SE7,0.5,G,0.2,0.01850429639956274,9.378847160853542e-05,0.0001326820177150254,0.0001882295292879607,0.9996148072282409
7,plate04,7,BL_SE7,0.5,H,0.5,0.03089756048306238,0.00014970973037580867,0.0005097489619593488,0.000300460841032317,0.99964796180189
