,Plate,Column,Enzyme,E_Conc,Row,S_Conc,slope,slope stderr,int,int stderr,RSQ
0,plate08,7,BL_R77,0.5,A,0.005,0.002268287526407841,0.00013451174243150289,0.0003441931024181763,0.0002699592512902236,0.949893899164003
1,plate08,7,BL_R77,0.5,B,0.01,0.004368833978893483,0.00013932513335847415,0.00020020890469569833,0.0002796195186184806,0.9849739832979111
2,plate08,7,BL_R77,0.5,C,0.02,0.007930357493557647,0.000207402248458088,0.00030614988573940844,0.00041624739339086314,0.9898445317841802
3,plate08,7,BL_R77,0.5,D,0.03,0.01046610884744466,0.00011540436048661171,0.0006872226741092265,0.00023161155297606376,0.998179569942682
4,plate08,7,BL_R77,0.5,E,0.06,0.01639588350166235,0.00016389366504926023,0.00059608815792829,0.00032892745820749724,0.9985034360554165
5,plate08,7,BL_R77,0.5,F,0.1,0.02109685797475627,0.00014130404988819083,8.495458034184674e-05,0.00028359139007855315,0.999327529480197
6,plate08,7,BL_R77,0.5,G,0.2,0.0264448400589896,0.00018536523643505117,0.0005419805387162233,0.00037202006169227144,0.9992635445521221
7,plate08,7,BL_R77,0.5,H,0.5,0.0332869846530234,0.00011791710480800014,-0.00043149709887802006,0.0002366544176583938,0.9998118027342614
