,Plate,Column,Enzyme,E_Conc,Row,S_Conc,slope,slope stderr,int,int stderr,RSQ
0,plate05,2,BL_IA3,0.5,A,0.005,0.00013189496269924673,0.00012938769053676984,0.0004663446880913284,0.00025967549183923396,0.06478726641230981
1,plate05,2,BL_IA3,0.5,B,0.01,0.000518821030719562,0.00013121957393562566,9.645146788685474e-05,0.00026335200752541715,0.5103294353189887
2,plate05,2,BL_IA3,0.5,C,0.02,0.001050330967854215,0.0001595975370959947,0.0001155726426391531,0.0003203053437855172,0.7427594491059295
3,plate05,2,BL_IA3,0.5,D,0.03,0.001748500896221899,0.0001213588070578403,-6.513474554613167e-06,0.00024356206812329437,0.9326085353365783
4,plate05,2,BL_IA3,0.5,E,0.06,0.0033938881993394814,0.00013971934784347712,-8.066550432726807e-05,0.0002804106582090825,0.9752083080798133
5,plate05,2,BL_IA3,0.5,F,0.1,0.005430788102834372,0.00011903154379204037,3.1213107414718166e-05,0.00023889101695901728,0.9928456323480127
6,plate05,2,BL_IA3,0.5,G,0.2,0.009820703232671008,0.0001611140813188011,9.03025027902292e-05,0.0003233488582793301,0.9959791017539438
7,plate05,2,BL_IA3,0.5,H,0.5,0.02014978778539471,0.00013825004326774914,-0.0007764373940700147,0.0002774618430322793,0.9992943743504615
