,Plate,Column,Enzyme,E_Conc,Row,S_Conc,slope,slope stderr,int,int stderr,RSQ
0,plate05,3,BL_M37,0.5,A,0.005,1.3412459580052007,0.9908678697572035,-0.005232038987024482,0.03314381606022423,0.10885370075579981
1,plate05,3,BL_M37,0.5,B,0.01,4.004342290478654,1.3020096412082074,-0.05697419558851183,0.04355128287889485,0.3867226737677729
2,plate05,3,BL_M37,0.5,C,0.02,4.40595023742738,0.9717655471805656,0.0008962662125127668,0.03250484303996176,0.5781405843173913
3,plate05,3,BL_M37,0.5,D,0.03,9.06228649233775,0.9237178923768058,-0.04953515937360851,0.03089769667546628,0.8651674987369435
4,plate05,3,BL_M37,0.5,E,0.06,15.288141102010417,0.7569426944180605,-0.019195449522178314,0.025319186101236575,0.9645329588018053
5,plate05,3,BL_M37,0.5,F,0.1,23.61776462039264,0.8832063675986601,-0.010843236405338063,0.02954261481444812,0.9794542331188707
6,plate05,3,BL_M37,0.5,G,0.2,40.50192984341172,1.0648648046868592,0.028540838874867455,0.03561895635689277,0.9897376061996708
7,plate05,3,BL_M37,0.5,H,0.5,79.8361845663916,1.0735999730070505,-0.019568145311522563,0.035911147090043234,0.9972947933637825
