,Plate,Column,Enzyme,E_Conc,Row,S_Conc,slope,slope stderr,int,int stderr,RSQ
0,plate01,7,BL_GZQ,0.5,A,0.005,0.0001274428200374237,0.00016177057121336452,0.0002102940975938743,0.00032466653466933516,0.03973133860313294
1,plate01,7,BL_GZQ,0.5,B,0.01,0.0004223563033348049,9.691789087974536e-05,0.00026227182778467903,0.0001945100109905471,0.5587079773179894
2,plate01,7,BL_GZQ,0.5,C,0.02,0.0011320017422350548,0.00017856116534017687,-0.0002905822563450976,0.0003583645313919113,0.7282126084110221
3,plate01,7,BL_GZQ,0.5,D,0.04,0.001763216695065425,0.0002005792805858243,-0.0004101119255943588,0.00040255392665762454,0.8374424992397782
4,plate01,7,BL_GZQ,0.5,E,0.08,0.002786426752896421,0.00016038172846937471,0.0005204374953986404,0.0003218791842578526,0.9526583990241265
5,plate01,7,BL_GZQ,0.5,F,0.16,0.004638859602248986,0.00015578506098064152,-0.0005064904248996562,0.0003126538696666439,0.9833645344764022
6,plate01,7,BL_GZQ,0.5,G,0.32,0.008060664458180428,0.00018505202731730941,-0.00020804288913732241,0.000371391368490956,0.9921563711338219
7,plate01,7,BL_GZQ,0.5,H,0.5,0.015008489523238765,0.00015127877944398678,0.00021690628213746145,0.0003036098515411783,0.9984783609677019
