,Plate,Column,Enzyme,E_Conc,Row,S_Conc,slope,slope stderr,int,int stderr,RSQ
0,plate12,7,BL_HHN,0.5,A,0.005,0.0002379733728558802,0.00012103479143731787,-0.00017933577111196993,0.0002429115878786424,0.20490930962075826
1,plate12,7,BL_HHN,0.5,B,0.01,6.58299622145425e-05,9.54483150271288e-05,0.00018519985592980667,0.0001915606357398853,0.030736969616729226
2,plate12,7,BL_HHN,0.5,C,0.02,0.000572109851651804,0.00015339328508832498,-0.0002432819258476782,0.00030785367860109824,0.4811593386984897
3,plate12,7,BL_HHN,0.5,D,0.03,0.0003018964196708621,0.00014179862397504579,0.0005628702518110794,0.00028458370297608894,0.2320631284539485
4,plate12,7,BL_HHN,0.5,E,0.06,0.0012209652492055619,0.00015239234829113893,1.8498588116234127e-05,0.0003058449150367531,0.8105866781748252
5,plate12,7,BL_HHN,0.5,F,0.1,0.001748743391762458,0.00012201769158266159,0.0002081890968465074,0.0002448842278895709,0.9319428190465117
6,plate12,7,BL_HHN,0.5,G,0.2,0.0033313881258117766,0.00014059913792944333,2.0566224057718687e-05,0.00028217630907657594,0.9739772558917302
7,plate12,7,BL_HHN,0.5,H,0.5,0.006447155267116621,0.00011295985670803371,0.0006974418704396439,0.00022670553457610046,0.9954163863665059
