,Plate,Column,Enzyme,E_Conc,Row,S_Conc,slope,slope stderr,int,int stderr,RSQ
0,plate01,5,BL_CrO,0.5,A,0.005,2.4277874538771806,1.0573908703091135,0.030023544750538218,0.03536896174048559,0.26005198089236137
1,plate01,5,BL_CrO,0.5,B,0.01,7.353283902823468,0.9005626301047845,0.002485623866709725,0.03012316293330809,0.8163356250991753
2,plate01,5,BL_CrO,0.5,C,0.02,13.35934122978668,0.9777369778983284,0.043870971873912534,0.032704597282992,0.925629221708354
3,plate01,5,BL_CrO,0.5,D,0.04,19.636260688267175,1.0675874534519716,0.057058425147021315,0.035710029043811015,0.957543980440871
4,plate01,5,BL_CrO,0.5,E,0.08,38.29130207054779,0.9776351723729271,-0.016194125663113745,0.03270118759004053,0.9903168036160453
5,plate01,5,BL_CrO,0.5,F,0.16,53.8751849007125,1.1230341662861758,0.10136207768880774,0.03756468284829909,0.993524426065229
6,plate01,5,BL_CrO,0.5,G,0.32,88.5216122560405,1.0415178727173433,-0.02725724874907015,0.03483802603850143,0.9979278313099006
7,plate01,5,BL_CrO,0.5,H,0.5,131.16551865825997,0.6045376265872587,0.03565419116478607,0.02022134335161317,0.9996814629146366
