,Plate,Column,Enzyme,E_Conc,Row,S_Conc,slope,slope stderr,int,int stderr,RSQ
0,plate03,1,Blank,0.0,A,0.005,-0.00013546450163621213,0.00013263002975547885,0.0002456448307350483,0.0002661827289190965,0.06502438822409995
1,plate03,1,Blank,0.0,B,0.01,5.920527201347492e-05,0.00011802976076429998,-2.7172964155909154e-05,0.00023688061898207108,0.01649766859275259
2,plate03,1,Blank,0.0,C,0.02,0.00015125840793162834,0.00013141005098908114,-2.2873875213308903e-05,0.0002637343032669238,0.08115800620694347
3,plate03,1,Blank,0.0,D,0.03,0.0004109468113410242,0.0001648560096895709,-0.0002328311303493613,0.0003308588750595336,0.2929151971545356
4,plate03,1,Blank,0.0,E,0.06,0.00039596860993311895,0.0001171462177119847,0.0002250086096510964,0.0002351073908679093,0.4323606764871788
5,plate03,1,Blank,0.0,F,0.1,0.0006285599951730911,0.00012500063901729449,0.000250621801790604,0.0002508708728547217,0.6276562271459625
6,plate03,1,Blank,0.0,G,0.2,0.0015961897058990745,0.00010462389597589012,2.3544416790446374e-05,0.0002099756619723986,0.9394573246660912
7,plate03,1,Blank,0.0,H,0.5,0.0038892045248054563,0.00014045944299959716,6.832835044767727e-06,0.00028189550709876044,0.9808110885692924
