,Plate,Column,Enzyme,E_Conc,Row,S_Conc,slope,slope stderr,int,int stderr,RSQ
0,plate04,4,BL_KBX,0.5,A,0.005,0.0008021626946361981,0.0001398294182929467,-0.0007699479243606517,0.0002806315872109855,0.6869129325669916
1,plate04,4,BL_KBX,0.5,B,0.01,0.0010364375380460607,0.00012289928040525394,-0.00028944992662137024,0.000246653537027754,0.8258230524017343
2,plate04,4,BL_KBX,0.5,C,0.02,0.0019219464688122723,0.00011920627100324145,-0.00025378856815418913,0.0002392418139081719,0.945443982396969
3,plate04,4,BL_KBX,0.5,D,0.03,0.002537462854387813,0.00014762658068112285,0.00015093500913184862,0.00029628018080643645,0.9516815789582527
4,plate04,4,BL_KBX,0.5,E,0.06,0.005076486458037313,0.000118480140670306,-3.522666821803288e-05,0.00023778462288848143,0.991895567725112
5,plate04,4,BL_KBX,0.5,F,0.1,0.008010323657922841,9.670192350113866e-05,-2.369161449893634e-05,0.00019407637939358797,0.9978187120709575
6,plate04,4,BL_KBX,0.5,G,0.2,0.014314322565400998,0.00012432292842486147,4.620649821038681e-05,0.00024951106029431837,0.9988697818543307
7,plate04,4,BL_KBX,0.5,H,0.5,0.02720554900945315,0.00012886719258756518,0.0002996855313749357,0.00025863078888343024,0.999663554699623
