,Plate,Column,Enzyme,E_Conc,Row,S_Conc,slope,slope stderr,int,int stderr,RSQ
0,plate07,6,BL_WU9,0.5,A,0.005,0.25172311631889976,1.1557180514232968,0.05767294600214935,0.0386579346642223,0.003152680268262098
1,plate07,6,BL_WU9,0.5,B,0.01,5.314693081688451,1.3360285511709722,-0.05145912213231055,0.04468919070452523,0.5133711896641955
2,plate07,6,BL_WU9,0.5,C,0.02,8.514617404469252,1.227215892922857,0.02061794324668384,0.04104948461437254,0.7624253151887501
3,plate07,6,BL_WU9,0.5,D,0.03,9.948336769334611,1.385573028795935,0.05828196269699364,0.04634641785065353,0.7746109588197148
4,plate07,6,BL_WU9,0.5,E,0.06,23.501631612609355,1.0053248849188647,0.035768056443416435,0.03362739122214184,0.9732854222748635
5,plate07,6,BL_WU9,0.5,F,0.1,35.36914952858044,0.7810511210219114,0.09110161300745473,0.026125595894108383,0.9927383437837154
6,plate07,6,BL_WU9,0.5,G,0.2,67.46991091951185,1.0794298583132367,0.011194379332863455,0.03610612905874756,0.9961753255785408
7,plate07,6,BL_WU9,0.5,H,0.5,134.19949280665526,1.0288643301770348,-0.031049512331273905,0.03441477609126415,0.99911910732678
