,Plate,Column,Enzyme,E_Conc,Row,S_Conc,slope,slope stderr,int,int stderr,RSQ
0,plate07,8,BL_ZHS,0.5,A,0.005,5.009721478420209,1.1245268367232446,-0.0052698766235438925,0.03761461154034808,0.5695427034831358
1,plate07,8,BL_ZHS,0.5,B,0.01,9.250444715804235,0.9607742794509255,0.025258271628120103,0.03213720690995235,0.860724994428119
2,plate07,8,BL_ZHS,0.5,C,0.02,19.995303944102908,0.929441043048629,-0.0352446757639976,0.03108913340024321,0.9686074380234958
3,plate07,8,BL_ZHS,0.5,D,0.03,26.16243572719245,1.1245943569899093,0.0427694516850101,0.03761686850514024,0.9730316923759097
4,plate07,8,BL_ZHS,0.5,E,0.06,51.055413407903686,0.8021787705182922,-0.02708536679682082,0.02683230463829374,0.996310691404513
5,plate07,8,BL_ZHS,0.5,F,0.1,76.11266658636389,1.1796218236722376,0.01243219957729152,0.03945752455379933,0.9964099371318919
6,plate07,8,BL_ZHS,0.5,G,0.2,127.34568495635651,1.1337201701941442,0.023897780916350853,0.0379221365333379,0.9988125391527863
7,plate07,8,BL_ZHS,0.5,H,0.5,216.53115147051463,1.1038284424634006,-0.04576098384822638,0.03692225210136423,0.999610341601616
