,Plate,Column,Enzyme,E_Conc,Row,S_Conc,slope,slope stderr,int,int stderr,RSQ
0,plate07,1,Blank,0.0,A,0.005,1.9640068429994657,0.7121603603004879,-0.046313308752010424,0.023821250147100764,0.3364460230865156
1,plate07,1,Blank,0.0,B,0.01,0.4878163588396327,1.0469454414600596,-0.005398817207767841,0.0350195695785379,0.0142670159801499
2,plate07,1,Blank,0.0,C,0.02,1.9293754688485432,1.0616043932006956,-0.025995141527509917,0.03550990100821672,0.18046205131302828
3,plate07,1,Blank,0.0,D,0.03,1.8457803506355388,1.2403424385984672,-0.006585781616437783,0.0414885603420283,0.1286418392241936
4,plate07,1,Blank,0.0,E,0.06,6.017814231693633,1.0348829445685408,-0.0743685654595315,0.03461608798561579,0.692710390870067
5,plate07,1,Blank,0.0,F,0.1,4.247467850955436,1.2014199424683685,0.07378077344478087,0.04018662971921687,0.4545229126708551
6,plate07,1,Blank,0.0,G,0.2,11.690753429266042,1.210152053830187,-0.013980319450102502,0.04047871114172137,0.8615297982281963
7,plate07,1,Blank,0.0,H,0.5,30.197722507846276,1.1801226271253809,-0.012118895527286278,0.03947425442855039,0.9776045052343486
