,Plate,Column,Enzyme,E_Conc,Row,S_Conc,slope,slope stderr,int,int stderr,RSQ
0,plate08,7,BL_R77,0.5,A,0.005,17.942061703142283,1.0639823895364804,0.04537588973683254,0.03558944422163461,0.949893899164003
1,plate08,7,BL_R77,0.5,B,0.01,34.55729836165293,1.102056115202922,0.02639407100252302,0.03686298288942219,0.9849739832979111
2,plate08,7,BL_R77,0.5,C,0.02,62.72880391963356,1.640543315555129,0.040360551564387406,0.05487499805501721,0.9898445317841802
3,plate08,7,BL_R77,0.5,D,0.03,82.78649357563488,0.9128437786463263,0.09059838813139658,0.03053396542749378,0.998179569942682
4,plate08,7,BL_R77,0.5,E,0.06,129.69076893449585,1.2963921975644805,0.07858388310967311,0.04336337936518685,0.9985034360554165
5,plate08,7,BL_R77,0.5,F,0.1,166.8752850415524,1.117709264139368,0.011199787686468609,0.03738660524023315,0.999327529480197
6,plate08,7,BL_R77,0.5,G,0.2,209.1776049306762,1.4662314503850329,0.07145073213703583,0.04904439159483488,0.9992635445521221
7,plate08,7,BL_R77,0.5,H,0.5,263.2986892547554,0.9327194836148092,-0.05688540718246015,0.031198779655831115,0.9998118027342614
