,Plate,Column,Enzyme,E_Conc,Row,S_Conc,slope,slope stderr,int,int stderr,RSQ
0,plate05,11,BL_Q4E,0.5,A,0.005,0.0012478028234310153,0.00011441643713367635,0.00023416054851836617,0.0002296288316819211,0.8880066149100129
1,plate05,11,BL_Q4E,0.5,B,0.01,0.0025421278364298463,0.0001469298164765062,0.0001305000989197574,0.0002948818006462413,0.9522820270240656
2,plate05,11,BL_Q4E,0.5,C,0.02,0.004940013932838556,0.00013023347599139197,-2.3184849870232356e-06,0.0002613729004566958,0.989682462599804
3,plate05,11,BL_Q4E,0.5,D,0.03,0.006988409426305272,0.0001316719766583083,-0.00011410331191867408,0.00026425991763914835,0.9947031941748546
4,plate05,11,BL_Q4E,0.5,E,0.06,0.011280143926241574,0.0001599472461021222,0.00025327965752140004,0.00032100722390637564,0.9969931788393104
5,plate05,11,BL_Q4E,0.5,F,0.1,0.015589700729279891,0.00015076148921166167,0.0001386350654906342,0.00030257193653713773,0.9985991579782285
6,plate05,11,BL_Q4E,0.5,G,0.2,0.02174458261362677,0.00019524401331743864,0.0003186231577114376,0.0003918462355562243,0.9987921314425185
7,plate05,11,BL_Q4E,0.5,H,0.5,0.02994254259224369,0.00013721482809320773,-3.4072121834866165e-05,0.00027538459822432207,0.9996850901379093
