,Plate,Column,Enzyme,E_Conc,Row,S_Conc,slope,slope stderr,int,int stderr,RSQ
0,plate07,1,Blank,0.0,A,0.005,0.0002482954466138703,9.003338015434425e-05,-0.00035130377641203435,0.0001806930958084259,0.3364460230865156
1,plate07,1,Blank,0.0,B,0.01,6.167116021788299e-05,0.00013235788199733467,-4.0952048651993286e-05,0.0002656365388864668,0.0142670159801499
2,plate07,1,Blank,0.0,C,0.02,0.00024391724775865494,0.0001342111092313975,-0.00019718287535617097,0.000269355886252945,0.18046205131302828
3,plate07,1,Blank,0.0,D,0.03,0.00023334891023711257,0.00015680769180804078,-4.995561783046031e-05,0.0003147062543964841,0.1286418392241936
4,plate07,1,Blank,0.0,E,0.06,0.0007607895449161027,0.0001308329061228189,-0.0005641133962631181,0.0002625759800292867,0.692710390870067
5,plate07,1,Blank,0.0,F,0.1,0.0005369772161386114,0.000151886996855069,0.0005596547738910388,0.0003048306234656607,0.4545229126708551
6,plate07,1,Blank,0.0,G,0.2,0.0014779789868446184,0.00015299093572279394,-0.00010604595418923565,0.0003070461703464734,0.8615297982281963
7,plate07,1,Blank,0.0,H,0.5,0.0038176837435843157,0.0001491945284231935,-9.192635722650178e-05,0.0002994269903291513,0.9776045052343486
