,Plate,Column,Enzyme,E_Conc,Row,S_Conc,slope,slope stderr,int,int stderr,RSQ
0,plate12,4,BL_1FJ,0.5,A,0.005,1.3070783418506726,0.8317307373793624,0.0069004337979391,0.027820792863099304,0.1413686798307051
1,plate12,4,BL_1FJ,0.5,B,0.01,2.2722150216810473,1.1855728952076503,0.007993843338985292,0.03965655837832575,0.19670890916078887
2,plate12,4,BL_1FJ,0.5,C,0.02,3.992397028368127,1.1313346711186558,0.0023758332321371003,0.03784232731610912,0.453618054562415
3,plate12,4,BL_1FJ,0.5,D,0.03,4.807342850947495,0.9468603319694857,0.003474635418406454,0.03167179345356627,0.6321487716368765
4,plate12,4,BL_1FJ,0.5,E,0.06,11.880907231638416,1.6316321584134443,-0.03589841400170837,0.05457692019401587,0.7794825382967963
5,plate12,4,BL_1FJ,0.5,F,0.1,16.56392225157708,0.8548411069565252,0.024248359332400438,0.02859381681558323,0.9615830874143912
6,plate12,4,BL_1FJ,0.5,G,0.2,33.23016976056205,1.16743555888007,-0.05894522127046019,0.039049878956466506,0.9818228763980313
7,plate12,4,BL_1FJ,0.5,H,0.5,66.90801503048534,0.7328420720220205,-0.004966778870831595,0.024513067290704873,0.9982037055810722
