,Plate,Column,Enzyme,E_Conc,Row,S_Conc,slope,slope stderr,int,int stderr,RSQ
0,plate02,1,Blank,0.0,A,0.005,0.07108454265589854,1.2321202213893463,0.013326204067436622,0.04121353264899674,0.00022184410035308577
1,plate02,1,Blank,0.0,B,0.01,0.7408970829870211,1.3938869219103391,-0.012789066334117055,0.04662451188711029,0.018486953916685867
2,plate02,1,Blank,0.0,C,0.02,-0.18058755777308566,1.1961563458862452,0.05327889611567675,0.040010565921541834,0.0015172211750159592
3,plate02,1,Blank,0.0,D,0.03,1.832974259583814,0.9326210687751867,-0.007467052930538735,0.031195501113707207,0.20478406363743606
4,plate02,1,Blank,0.0,E,0.06,2.4703675947685744,0.922983171297563,0.04206005830356819,0.03087312109820155,0.3232167964176811
5,plate02,1,Blank,0.0,F,0.1,6.59811278868087,1.1545766673212765,-0.013436254431947401,0.03861975498038237,0.6852596598440555
6,plate02,1,Blank,0.0,G,0.2,13.019859248415889,1.1022019631150644,-0.034136465623491284,0.03686785978593737,0.9029360448124331
7,plate02,1,Blank,0.0,H,0.5,31.05087081164366,1.154326994745684,-0.03158821627063123,0.03861140783450425,0.9796909061116671
