,Plate,Column,Enzyme,E_Conc,Row,S_Conc,slope,slope stderr,int,int stderr,RSQ
0,plate01,8,BL_ZXr,0.5,A,0.005,0.000285728612755699,9.421997766614094e-05,4.5448021816821633e-05,0.00018909541104920232,0.3800750732309355
1,plate01,8,BL_ZXr,0.5,B,0.01,0.0006094847911331861,0.00013171737313508156,-1.4131802938689174e-06,0.0002643515393935112,0.5880355118904352
2,plate01,8,BL_ZXr,0.5,C,0.02,0.0011731561900830613,0.00015028379931179562,0.000216094768750681,0.00030161307522130266,0.8024701273704145
3,plate01,8,BL_ZXr,0.5,D,0.04,0.001917716247129079,0.0001155100361109618,0.00011261986884306081,0.00023182362650777717,0.9483883223825381
4,plate01,8,BL_ZXr,0.5,E,0.08,0.0038065248212190185,0.00015938781586590992,-0.0003837034776995771,0.00031988445456482213,0.9743746301262944
5,plate01,8,BL_ZXr,0.5,F,0.16,0.005557032890682784,0.00013081678273509052,4.005622918175113e-05,0.00026254365853333844,0.99175601684154
6,plate01,8,BL_ZXr,0.5,G,0.32,0.009456821277882874,0.00017562126765225978,-0.00044286757772139617,0.00035246426072777057,0.9948534740600689
7,plate01,8,BL_ZXr,0.5,H,0.5,0.01639811228671988,0.00016556440076767994,0.0001809431795557202,0.0003322804879031915,0.9984732317282573
