,Plate,Column,Enzyme,E_Conc,Row,S_Conc,slope,slope stderr,int,int stderr,RSQ
0,plate08,5,BL_I3D,0.5,A,0.005,1.5983794139009813,1.1396516501062706,-0.01591368010089391,0.03812052528317823,0.11593356079153005
1,plate08,5,BL_I3D,0.5,B,0.01,2.3708457308075683,0.9997009445967695,-0.020816592783882135,0.03343927519315763,0.27270163350946797
2,plate08,5,BL_I3D,0.5,C,0.02,4.83152774051738,1.1027090992049164,-0.01599188147726928,0.03688482370483495,0.5613727832330939
3,plate08,5,BL_I3D,0.5,D,0.03,7.1436524188615,1.4763741786157496,-0.006482761517378899,0.04938365491783718,0.6095020382223828
4,plate08,5,BL_I3D,0.5,E,0.06,12.804919668569195,1.395717829479671,-0.0012906754628687412,0.046685785682772776,0.8487442915325596
5,plate08,5,BL_I3D,0.5,F,0.1,18.585025731661027,0.8237803540497975,0.05698940386020381,0.027554858258829525,0.971373127428069
6,plate08,5,BL_I3D,0.5,G,0.2,35.64295359967273,1.1195401780507515,0.05016486798535239,0.03744780907116999,0.9854171213734348
7,plate08,5,BL_I3D,0.5,H,0.5,76.36132801225386,1.2981489895045062,0.011216399224882826,0.043422115140590196,0.9956836800371861
