,Plate,Column,Enzyme,E_Conc,Row,S_Conc,slope,slope stderr,int,int stderr,RSQ
0,plate04,3,BL_LN5,0.5,A,0.005,0.003667422536928761,0.00013334407052923933,0.0001878494974508915,0.0002676157579038173,0.9805558539868094
1,plate04,3,BL_LN5,0.5,B,0.01,0.005789143448313075,0.00016505700313702436,0.0005058097692377844,0.0003312622632014968,0.9879533290058201
2,plate04,3,BL_LN5,0.5,C,0.02,0.008001551667919436,0.0001682973015252664,0.00011509635674370307,0.0003377652965129224,0.9934078980845422
3,plate04,3,BL_LN5,0.5,D,0.03,0.009525634480761123,0.00022780701192560353,-0.00045937939901052936,0.0004571987713213949,0.9914939562055096
4,plate04,3,BL_LN5,0.5,E,0.06,0.011110425880714632,9.461918792167981e-05,-0.00021956722027208667,0.0001898966171121286,0.9989132848826916
5,plate04,3,BL_LN5,0.5,F,0.1,0.011940853037270771,0.00011674446504141947,2.7613473108090147e-05,0.0002343014810432337,0.9985682209000883
6,plate04,3,BL_LN5,0.5,G,0.2,0.013087247534456004,0.00012196841096797002,1.9853972993422175e-06,0.0002447826679729617,0.9986990904473889
7,plate04,3,BL_LN5,0.5,H,0.5,0.015840103083395004,0.00018877767428936195,0.00014761807683797633,0.00037886884122832493,0.997874052054323
