,Plate,Column,Enzyme,E_Conc,Row,S_Conc,slope,slope stderr,int,int stderr,RSQ
0,plate06,1,Blank,0.0,A,0.005,-0.00021990681268427309,0.0001246962415143841,0.00044611739005474854,0.00025025995865099785,0.1717316797552506
1,plate06,1,Blank,0.0,B,0.01,0.00010142061436646901,0.00010592130665896396,-8.700361385260163e-06,0.00021257947810870905,0.05760110336331992
2,plate06,1,Blank,0.0,C,0.02,5.902731831166373e-05,0.00012003420125773369,0.0002281950341976215,0.000240903442967773,0.015865691404949533
3,plate06,1,Blank,0.0,D,0.03,0.0004342752744585176,0.000148386502238838,-0.0004542680870827878,0.00029780528600042885,0.3634702446266582
4,plate06,1,Blank,0.0,E,0.06,0.0004662423414905563,0.0001079840337110282,-0.00021761676761300404,0.00021671927959123158,0.5541355102649617
5,plate06,1,Blank,0.0,F,0.1,0.0006351951255337437,0.00013172353761750492,0.00033809256037855244,0.0002643634390598536,0.6078785831246319
6,plate06,1,Blank,0.0,G,0.2,0.0014978937970186296,0.00015538365390414759,-6.971505004782669e-05,0.00031184824083637107,0.8610197970955858
7,plate06,1,Blank,0.0,H,0.5,0.003957903145697822,9.299060275419148e-05,-0.000354292197578299,0.00018662811977061234,0.9917878316788848
