,Plate,Column,Enzyme,E_Conc,Row,S_Conc,slope,slope stderr,int,int stderr,RSQ
0,plate08,10,BL_2RM,0.5,A,0.005,0.000557274353563049,0.00014998703993324825,0.00016244354010146614,0.0003010174989240911,0.47925374396602416
1,plate08,10,BL_2RM,0.5,B,0.01,0.0009253503919889384,0.00012728586841412768,0.00046837672426216544,0.0002554572280278941,0.7789268846341035
2,plate08,10,BL_2RM,0.5,C,0.02,0.0022190647250625766,0.00015688720502161224,0.0003474358655279233,0.0003148658267907019,0.9302527139910515
3,plate08,10,BL_2RM,0.5,D,0.03,0.0031725924280800776,0.00015742329779237001,-1.7716923126522852e-05,0.00031594190425675777,0.9643834827842148
4,plate08,10,BL_2RM,0.5,E,0.06,0.006045018479831743,0.00014820041101975433,-2.8879606566167837e-06,0.00029743193884351,0.9910651633430813
5,plate08,10,BL_2RM,0.5,F,0.1,0.009406971331162467,0.00011025976626381396,0.00018193673124740407,0.0002212866054186793,0.9979434839226305
6,plate08,10,BL_2RM,0.5,G,0.2,0.0157653424242457,6.0856169740758715e-05,-6.802509352130131e-05,0.00012213584225915337,0.9997765401561104
7,plate08,10,BL_2RM,0.5,H,0.5,0.027268223198173493,0.0001323659562471755,-0.00017227717757894033,0.0002656528656214995,0.9996466715042527
