,Plate,Column,Enzyme,E_Conc,Row,S_Conc,slope,slope stderr,int,int stderr,RSQ
0,plate10,7,BL_146,0.5,A,0.005,0.0014053088619369782,0.00011038597792981019,-0.0005078800764699875,0.00022153987685851075,0.9152900826164958
1,plate10,7,BL_146,0.5,B,0.01,0.002433583812048901,9.796451233588146e-05,-0.00036427686112716916,0.0001966105313014473,0.9762695541422748
2,plate10,7,BL_146,0.5,C,0.02,0.0042334817418261715,0.00013058442326282965,-8.999559494174881e-05,0.00026207723880956733,0.9859290350300378
3,plate10,7,BL_146,0.5,D,0.03,0.005530152642489339,0.00010099908801060212,0.00039004308831841467,0.00020270079092706017,0.9950216606621041
4,plate10,7,BL_146,0.5,E,0.06,0.009398233673962933,0.00012145376287256153,0.00016342652714808526,0.00024375237765018214,0.9975011880943889
5,plate10,7,BL_146,0.5,F,0.1,0.012761770174518018,0.0001578083975852183,0.00039064169875379837,0.0003167145915040707,0.9977115869201197
6,plate10,7,BL_146,0.5,G,0.2,0.01793519681512229,0.00010747068200570792,-0.0002201928842859696,0.00021568892982682536,0.9994616993977009
7,plate10,7,BL_146,0.5,H,0.5,0.02444932818955292,0.00011146110354029684,-0.0004401300955439615,0.00022369765355631003,0.999688348632521
