,Plate,Column,Enzyme,E_Conc,Row,S_Conc,slope,slope stderr,int,int stderr,RSQ
0,plate11,9,BL_MO7,0.5,A,0.005,1.6075877300170993,0.8635683419552334,0.02695936240847069,0.028885738103447668,0.1876708135799081
1,plate11,9,BL_MO7,0.5,B,0.01,3.316704229863519,0.8525147783228755,0.04031323851119984,0.02851600379658911,0.5022555989904167
2,plate11,9,BL_MO7,0.5,C,0.02,8.962913639256612,0.8683867314685837,0.0043886698207124325,0.029046912993851492,0.8765736995224056
3,plate11,9,BL_MO7,0.5,D,0.03,12.376660143441104,1.1730382536272146,0.02564535760377565,0.03923728356321266,0.8812562180274185
4,plate11,9,BL_MO7,0.5,E,0.06,25.135018480286305,1.2017049624320955,-0.006068716068977829,0.040196164088939446,0.9668496602776697
5,plate11,9,BL_MO7,0.5,F,0.1,40.066016320034414,1.1760979183101017,-0.004978814663260317,0.0393396040202221,0.9872400869419782
6,plate11,9,BL_MO7,0.5,G,0.2,72.36538229088399,1.077858060284374,-0.004053624655537166,0.03605352377623993,0.9966832791803604
7,plate11,9,BL_MO7,0.5,H,0.5,144.79971311565234,0.9520735568590938,-0.06038016642084858,0.03184617005665087,0.9993519400349588
