,Plate,Column,Enzyme,E_Conc,Row,S_Conc,slope,slope stderr,int,int stderr,RSQ
0,plate11,7,BL_NK8,0.5,A,0.005,1.403787763527472,0.9360595658973105,-0.029335993477731616,0.03131051703523836,0.1303860607441848
1,plate11,7,BL_NK8,0.5,B,0.01,2.7412697087246625,1.5030165691753403,-0.017824651809066457,0.050274819356712484,0.18150914974974475
2,plate11,7,BL_NK8,0.5,C,0.02,3.103270849716695,0.5688445610355594,0.05733806872808549,0.019027440052320974,0.6648892192761215
3,plate11,7,BL_NK8,0.5,D,0.03,7.70476874688095,0.9910095851856675,-0.030022979270164826,0.03314855566878392,0.8011808085252627
4,plate11,7,BL_NK8,0.5,E,0.06,14.784312598991631,0.8724244247475383,-0.05793333843048011,0.029181967402660852,0.9503598954822247
5,plate11,7,BL_NK8,0.5,F,0.1,22.185194104240473,0.83543564806334,-0.05877102444484357,0.0279447198614712,0.9791718959798387
6,plate11,7,BL_NK8,0.5,G,0.2,36.08932433385705,1.1898417872189042,-0.005195537128224848,0.03979933289692952,0.9839569145748602
7,plate11,7,BL_NK8,0.5,H,0.5,66.50720674479352,1.1251963307928425,0.0034416106937535797,0.03763696708192443,0.995724876123837
