,Plate,Column,Enzyme,E_Conc,Row,S_Conc,slope,slope stderr,int,int stderr,RSQ
0,plate11,7,BL_NK8,0.5,A,0.005,0.0001774709242681771,0.00011833936770642987,-0.00022252448747960718,0.0002375019874911245,0.1303860607441848
1,plate11,7,BL_NK8,0.5,B,0.01,0.0003465592744969114,0.0001900157179399093,-0.00013520665360543523,0.00038135331666794937,0.18150914974974475
2,plate11,7,BL_NK8,0.5,C,0.02,0.00039232450963228195,7.19149807647761e-05,0.00043493070607862383,0.00014433025249019354,0.6648892192761215
3,plate11,7,BL_NK8,0.5,D,0.03,0.0009740592319636411,0.00012528630866505007,-0.00022773553177176702,0.0002514441982844258,0.8011808085252627
4,plate11,7,BL_NK8,0.5,E,0.06,0.0018690757176993678,0.00011029442842913647,-0.0004394460495094864,0.00022135614206667155,0.9503598954822247
5,plate11,7,BL_NK8,0.5,F,0.1,0.0028047166423896663,0.00010561819990211285,-0.0004458002113740423,0.00021197115651308465,0.9791718959798387
6,plate11,7,BL_NK8,0.5,G,0.2,0.004562517149778735,0.000150423252856988,-3.9410093185257346e-05,0.0003018928321497677,0.9839569145748602
7,plate11,7,BL_NK8,0.5,H,0.5,0.008408034147437033,0.00014225058658951575,2.610590489506302e-05,0.0002854904783282521,0.995724876123837
