,Plate,Column,Enzyme,E_Conc,Row,S_Conc,slope,slope stderr,int,int stderr,RSQ
0,plate09,11,BL_N9S,0.5,A,0.005,4.304715890696462,1.0255553162381437,0.019241062003807055,0.03430408475932495,0.5401393534349992
1,plate09,11,BL_N9S,0.5,B,0.01,10.346607428587472,0.8773520624424107,-0.06995379139737085,0.02934679357100585,0.9026446279438309
2,plate09,11,BL_N9S,0.5,C,0.02,19.000836749679564,0.9235301548454179,-0.05918686441841386,0.03089141823214949,0.9657764824351904
3,plate09,11,BL_N9S,0.5,D,0.03,28.165043651303474,1.0992998999590509,-0.10869014373092585,0.03677078811854081,0.9776596271359674
4,plate09,11,BL_N9S,0.5,E,0.06,43.813630805377755,1.1920940206982824,0.05432700233385654,0.03987468508304829,0.9890175875546692
5,plate09,11,BL_N9S,0.5,F,0.1,68.58000046579002,1.2205768653401157,-0.029642718937300833,0.04082742130520818,0.9952710104572736
6,plate09,11,BL_N9S,0.5,G,0.2,107.18920846510721,0.957525572837536,-0.00491928063195998,0.03202859396212883,0.9988044295530364
7,plate09,11,BL_N9S,0.5,H,0.5,170.36469448240697,1.0693441384881517,-0.05323575063263972,0.0357687934549288,0.9994093768461064
