,Plate,Column,Enzyme,E_Conc,Row,S_Conc,slope,slope stderr,int,int stderr,RSQ
0,plate01,5,BL_CrO,0.5,A,0.005,0.00037006220135040065,0.00011412872680450208,0.00026668066943670305,0.00022905141355569677,0.4120827526465072
1,plate01,5,BL_CrO,0.5,B,0.01,0.0010241904695353077,0.0001435510253125368,6.82973813370038e-05,0.0002881006668823097,0.7723950453811594
2,plate01,5,BL_CrO,0.5,C,0.02,0.0018553876247729036,0.00014804981449415718,0.0001741490482061148,0.00029712955730420125,0.9128189255398584
3,plate01,5,BL_CrO,0.5,D,0.04,0.0028339473446894014,0.00014754562116392562,1.9727199720758777e-05,0.00029611780811069515,0.9609291693612253
4,plate01,5,BL_CrO,0.5,E,0.08,0.005330292682723449,0.0001617192841712755,-1.0307746655619556e-05,0.00032456421434567614,0.9863805171471268
5,plate01,5,BL_CrO,0.5,F,0.16,0.007997843190565049,0.00010602702763118305,-2.1634088348445015e-05,0.00021279144777988323,0.997370748732433
6,plate01,5,BL_CrO,0.5,G,0.32,0.012545117288795055,0.00010735205405072558,0.00022490172512357277,0.00021545086227954286,0.9989028010272148
7,plate01,5,BL_CrO,0.5,H,0.5,0.020367504750971273,0.00018850025926487384,0.0003097635199810053,0.0003783117837135558,0.9987168382649871
