,Plate,Column,Enzyme,E_Conc,Row,S_Conc,slope,slope stderr,int,int stderr,RSQ
0,plate04,11,BL_7QZ,0.5,A,0.005,0.004044561637810433,0.00015923037940931804,0.0005418322039902471,0.00031956846964484927,0.9772794461276081
1,plate04,11,BL_7QZ,0.5,B,0.01,0.006664463910056373,0.0001119641150706489,3.439111457259614e-05,0.00022470711922864084,0.9957841753471428
2,plate04,11,BL_7QZ,0.5,C,0.02,0.008955870646324008,0.00015192651384392437,0.000672257615188528,0.00030490995913261666,0.9957019418840328
3,plate04,11,BL_7QZ,0.5,D,0.03,0.010378608100045036,0.00012502961690789155,0.0006506424340198065,0.00025092901356636813,0.9978278271251336
4,plate04,11,BL_7QZ,0.5,E,0.06,0.012450619320345918,0.00016522553050644917,0.00020426750839875414,0.00033160052483361774,0.997365380171155
5,plate04,11,BL_7QZ,0.5,F,0.1,0.013408532843862793,0.00013258400844481762,0.00043525039117385555,0.00026609039721434905,0.9985355494907933
6,plate04,11,BL_7QZ,0.5,G,0.2,0.015023576899969325,0.0001063970323563918,-0.00022751886660048995,0.000213534162489265,0.9992482453018071
7,plate04,11,BL_7QZ,0.5,H,0.5,0.017750053726803664,0.00014724600989457438,-0.00022493673548763256,0.00029551639742048634,0.9989688284423459
