,Plate,Column,Enzyme,E_Conc,Row,S_Conc,slope,slope stderr,int,int stderr,RSQ
0,plate11,10,BL_W5Q,0.5,A,0.005,0.0005543484846406071,0.00014421005502988183,5.791298908960397e-05,0.0002894233480425145,0.4962487736989387
1,plate11,10,BL_W5Q,0.5,B,0.01,0.0011323891359938504,0.00013727512337026498,-0.00010719248501602575,0.000275505215142654,0.8193789755386959
2,plate11,10,BL_W5Q,0.5,C,0.02,0.002151582758222336,0.00016812575358124518,0.00032346001026378935,0.0003374211086201309,0.9160956524168493
3,plate11,10,BL_W5Q,0.5,D,0.03,0.0032880991035860764,0.00013739799784470716,0.00028857735907252794,0.0002757518322496743,0.9744768812760697
4,plate11,10,BL_W5Q,0.5,E,0.06,0.006194324015221844,0.0001776762867086163,0.00020055902258746586,0.00035658862941012143,0.9878091042029509
5,plate11,10,BL_W5Q,0.5,F,0.1,0.009726301908745783,0.00010556013165782429,0.00021719696249622816,0.0002118545649868238,0.9982362831253023
6,plate11,10,BL_W5Q,0.5,G,0.2,0.016770035182750945,0.00013638984762438415,0.00041337137960207785,0.0002737285660330449,0.9990088101341367
7,plate11,10,BL_W5Q,0.5,H,0.5,0.02983479572002616,0.00015734195005536082,0.0003493483311514674,0.0003157784284747214,0.9995829837619015
