,Plate,Column,Enzyme,E_Conc,Row,S_Conc,slope,slope stderr,int,int stderr,RSQ
0,plate11,11,BL_3N7,0.5,A,0.005,2.515664589537168,0.8667827869340344,0.006724407253135655,0.0289932575852809,0.35961344180142363
1,plate11,11,BL_3N7,0.5,B,0.01,4.705279632879974,1.3975903523607698,-0.03404825880854457,0.04674838830065783,0.4304099004563634
2,plate11,11,BL_3N7,0.5,C,0.02,6.8489064443725605,1.0394598557425159,0.03996455628320349,0.03476918259147549,0.7432110172603821
3,plate11,11,BL_3N7,0.5,D,0.03,11.72130443956329,0.9510860930508995,0.007156580339745483,0.031813146690328656,0.9101171780254353
4,plate11,11,BL_3N7,0.5,E,0.06,22.143818340204284,1.3809618200615588,0.008549162885193322,0.046192176031425655,0.9448779788954976
5,plate11,11,BL_3N7,0.5,F,0.1,35.2202338671575,1.015981856711668,0.03132528351575803,0.033983862979846256,0.9876720312785073
6,plate11,11,BL_3N7,0.5,G,0.2,66.10708264094828,0.82002000424163,-0.036049423525337174,0.027429076455830485,0.9976972703305872
7,plate11,11,BL_3N7,0.5,H,0.5,127.0240876297582,1.1551541487075734,0.0032245690584172854,0.03863890807154696,0.9987610535282383
