,Plate,Column,Enzyme,E_Conc,Row,S_Conc,slope,slope stderr,int,int stderr,RSQ
0,plate06,5,BL_XY2,0.5,A,0.005,-5.527569520177725e-05,0.00012732596725145872,0.0005236863289619896,0.0002555377007768982,0.012408536931445613
1,plate06,5,BL_XY2,0.5,B,0.01,0.0001588382226877411,0.00010351725600980312,0.0001981234770058314,0.00020775465194982314,0.1356670378972088
2,plate06,5,BL_XY2,0.5,C,0.02,0.00041151567113995713,0.00017247474149524342,0.00021224065195605437,0.00034614933563306265,0.27510827548650396
3,plate06,5,BL_XY2,0.5,D,0.03,0.0008626508564690688,0.0001450005057804518,-0.00030556112899979125,0.0002910097398528028,0.7023461990803946
4,plate06,5,BL_XY2,0.5,E,0.06,0.0014869267522140647,0.00013848031948141288,0.000132444354872852,0.0002779240097059993,0.8848748667760341
5,plate06,5,BL_XY2,0.5,F,0.1,0.0023192633849905596,0.00010474270610455548,-0.00016208717176474915,0.0002102140849297101,0.9703140457188011
6,plate06,5,BL_XY2,0.5,G,0.2,0.0038591420570732765,7.37824239990025e-05,8.406585441294727e-05,0.00014807809333539445,0.9945469350035929
7,plate06,5,BL_XY2,0.5,H,0.5,0.0071515339486904386,0.00010825142306968549,0.0002892436142600164,0.0002172559132598486,0.996574926876634
