,Plate,Column,Enzyme,E_Conc,Row,S_Conc,slope,slope stderr,int,int stderr,RSQ
0,plate06,4,BL_9VI,0.5,A,0.005,6.603897145664992,0.8916775603846441,0.014029128500424808,0.029825970189665745,0.7852573822037473
1,plate06,4,BL_9VI,0.5,B,0.01,13.241434643200535,0.9808121468909958,0.044666451528167644,0.032807458174699225,0.9239593657593389
2,plate06,4,BL_9VI,0.5,C,0.02,25.21633904521279,1.0098452921353909,0.02913509751422821,0.03377859576625737,0.9765083922833291
3,plate06,4,BL_9VI,0.5,D,0.03,36.39578852773059,1.191866840590068,0.03395459223306054,0.03986708799521047,0.9841687850510086
4,plate06,4,BL_9VI,0.5,E,0.06,63.897536547927466,1.0536691778540754,0.01830520420675618,0.035244476911885154,0.9959377720319188
5,plate06,4,BL_9VI,0.5,F,0.1,90.82188145951056,1.2413030225917936,-0.002035154005310014,0.04152065416065098,0.9972058827630401
6,plate06,4,BL_9VI,0.5,G,0.2,131.82021754090152,0.6802673690695923,0.004482289571604891,0.02275445892081185,0.9996006873767543
7,plate06,4,BL_9VI,0.5,H,0.5,190.94069482424894,1.1482352832669167,-0.020696525730383577,0.03840765748285246,0.9994578464177066
