,Plate,Column,Enzyme,E_Conc,Row,S_Conc,slope,slope stderr,int,int stderr,RSQ
0,plate03,1,Blank,0.0,A,0.005,-1.0715186759376145,1.0490981191131998,0.03238400966069977,0.03509157525942412,0.06502438822409995
1,plate03,1,Blank,0.0,B,0.01,0.46831128384298726,0.9336105876285754,-0.0035822839467114322,0.03122860037637837,0.01649766859275259
2,plate03,1,Blank,0.0,C,0.02,1.1964478297538288,1.0394481368916357,-0.003015523647165222,0.034768792810731,0.08115800620694347
3,plate03,1,Blank,0.0,D,0.03,3.2505724957482793,1.3040043043697789,-0.030694745547802663,0.04361800317228274,0.2929151971545356
4,plate03,1,Blank,0.0,E,0.06,3.1320955342810897,0.9266217981662764,0.029663481893258806,0.03099483101022559,0.4323606764871788
5,plate03,1,Blank,0.0,F,0.1,4.971883893124525,0.9887499499378986,0.03304013695742265,0.033072972656519005,0.6276562271459625
6,plate03,1,Blank,0.0,G,0.2,12.625795389579904,0.8275707446116085,0.0031039229220326927,0.027681648522700993,0.9394573246660912
7,plate03,1,Blank,0.0,H,0.5,30.76344896658972,1.111028458142059,0.000900790769492691,0.03716303248831857,0.9808110885692924
