,Plate,Column,Enzyme,E_Conc,Row,S_Conc,slope,slope stderr,int,int stderr,RSQ
0,plate07,4,BL_MQ0,0.5,A,0.005,0.0029699349806062984,0.00013908188766032902,0.00021582567344321805,0.0002791313442516534,0.9681520051367234
1,plate07,4,BL_MQ0,0.5,B,0.01,0.004789828745465122,0.00012706624951230495,0.00012043573656667783,0.0002550164195464137,0.989553979252431
2,plate07,4,BL_MQ0,0.5,C,0.02,0.006436164630110348,0.00011973316362709118,0.000173768057255927,0.00024029926380407708,0.9948356315776166
3,plate07,4,BL_MQ0,0.5,D,0.03,0.007290618910439226,0.00010524926488917778,0.0005338988481376842,0.0002112307104189585,0.9968836582126154
4,plate07,4,BL_MQ0,0.5,E,0.06,0.008806290191949156,0.00010814308268527148,0.00011066778001942144,0.00021703855564719266,0.9977430490158006
5,plate07,4,BL_MQ0,0.5,F,0.1,0.009849245317343552,0.00011068618784318276,-0.00015690757680272897,0.00022214241872828486,0.9981091796864354
6,plate07,4,BL_MQ0,0.5,G,0.2,0.010862001044606147,0.000142098338561403,-0.00027111683354980824,0.0002851852078392173,0.9974394329463381
7,plate07,4,BL_MQ0,0.5,H,0.5,0.01358461766971556,0.00013927660005726427,-0.00036292817747475976,0.00027952213581277475,0.9984257677147336
