,Plate,Column,Enzyme,E_Conc,Row,S_Conc,slope,slope stderr,int,int stderr,RSQ
0,plate01,3,BL_oaO,0.5,A,0.005,0.0004158868643860415,0.00010100378159637834,0.00029335612541394853,0.00020271021809076893,0.530576902788156
1,plate01,3,BL_oaO,0.5,B,0.01,0.0013131429080629772,0.00010741079933458881,-0.00023385441323880776,0.00021556881912004422,0.9087930095071688
2,plate01,3,BL_oaO,0.5,C,0.02,0.0021363754170893867,0.0001522293410845039,0.000389916905296872,0.0003055176920231193,0.9292289669612401
3,plate01,3,BL_oaO,0.5,D,0.04,0.0030425697442727543,0.0001830567331955248,0.00024838990696955725,0.00036738692992858095,0.9484986916222884
4,plate01,3,BL_oaO,0.5,E,0.08,0.00547740917657929,0.00014083672998604145,0.00029279931093841363,0.000282653236479393,0.9901805481529723
5,plate01,3,BL_oaO,0.5,F,0.16,0.007945378469819426,0.0001475085462999543,0.00016125818636381637,0.00029604319046551815,0.9948565290728183
6,plate01,3,BL_oaO,0.5,G,0.32,0.011941931520839985,0.00012098770175328459,0.00022163647886077792,0.00024281710394872679,0.9984627088078708
7,plate01,3,BL_oaO,0.5,H,0.5,0.017653442939159616,0.00018074449368340946,0.00013306722326547117,0.0003627466573187658,0.9984300648620457
