,Plate,Column,Enzyme,E_Conc,Row,S_Conc,slope,slope stderr,int,int stderr,RSQ
0,plate05,5,BL_LOG,0.5,A,0.005,3.516830718301168,0.706104360042027,-0.07665843042004225,0.02361868139079174,0.6231769312825445
1,plate05,5,BL_LOG,0.5,B,0.01,2.927483225506921,1.2744948787642032,-0.029161425837163437,0.04263093457801072,0.2602126036765432
2,plate05,5,BL_LOG,0.5,C,0.02,4.570464422227282,1.3680136121977158,-0.007481326978255744,0.045759070634993036,0.42664808724343595
3,plate05,5,BL_LOG,0.5,D,0.03,5.910273288577226,0.8776371242298241,0.016980104735621927,0.029356328841405616,0.7514532497772545
4,plate05,5,BL_LOG,0.5,E,0.06,14.049931827596126,0.9500394942703939,-0.022950972561678638,0.03177813413463918,0.935817413854858
5,plate05,5,BL_LOG,0.5,F,0.1,20.799464108306974,0.6989578437525702,0.01343515122157982,0.023379635669287847,0.9833431118151265
6,plate05,5,BL_LOG,0.5,G,0.2,40.95678251927887,1.1621762559423368,-0.02959131872880753,0.038873953670381343,0.9880664533760969
7,plate05,5,BL_LOG,0.5,H,0.5,84.18307966737679,1.2609571162552404,-0.05638618261626043,0.04217810740769021,0.9966458456904713
