,Plate,Column,Enzyme,E_Conc,Row,S_Conc,slope,slope stderr,int,int stderr,RSQ
0,plate04,2,BL_50K,0.5,A,0.005,22.117319766220454,0.8898983541417064,0.025419168354021724,0.029766457782933017,0.9762924371193784
1,plate04,2,BL_50K,0.5,B,0.01,41.59202714857877,1.3876078019503795,0.049926991008965894,0.046414480473957784,0.9835784721982994
2,plate04,2,BL_50K,0.5,C,0.02,76.63092042888655,1.0204718696725552,0.05344739314175738,0.03413404602814315,0.9973470347981043
3,plate04,2,BL_50K,0.5,D,0.03,103.02869563646756,1.240240278668898,0.1790520321356925,0.041485142271786075,0.9978310798664866
4,plate04,2,BL_50K,0.5,E,0.06,170.35751747738857,1.0093653506552187,0.10254607306484775,0.03376254465138938,0.9994736958021925
5,plate04,2,BL_50K,0.5,F,0.1,227.80676828612914,1.0343663729760775,0.08034517037324974,0.034598806578007645,0.999690847677604
6,plate04,2,BL_50K,0.5,G,0.2,303.83891824158184,1.5389443647980423,0.03378810071976914,0.051476618749115084,0.9996153342408882
7,plate04,2,BL_50K,0.5,H,0.5,384.0501618314788,1.3029231189515658,-0.004599705342999039,0.04358184562869062,0.9998273884597392
