,Plate,Column,Enzyme,E_Conc,Row,S_Conc,slope,slope stderr,int,int stderr,RSQ
0,plate03,8,BL_TZD,0.5,A,0.005,1.188887188557359,1.1538107725484459,0.022193870421769648,0.03859413826154172,0.0661028100772405
1,plate03,8,BL_TZD,0.5,B,0.01,5.538831942042795,0.8713941188677526,-0.032122428611360485,0.02914750483995269,0.7292535827692717
2,plate03,8,BL_TZD,0.5,C,0.02,9.504854935900298,0.69424291442699,-0.009002963514863892,0.02322192567012066,0.9259048873496213
3,plate03,8,BL_TZD,0.5,D,0.03,13.744902793724474,0.8600733344153734,-0.018439020938558967,0.028768833932279733,0.9445255804746912
4,plate03,8,BL_TZD,0.5,E,0.06,25.44385018253861,1.2927245972589048,0.010116727721723989,0.0432407011637608,0.9627231876928642
5,plate03,8,BL_TZD,0.5,F,0.1,43.378671532943436,1.1478948442024905,-0.08797598268841116,0.03839625336684116,0.9896054653319157
6,plate03,8,BL_TZD,0.5,G,0.2,74.30070416008375,1.2101638626471765,0.02880687165104191,0.04047911762599876,0.9960365856251836
7,plate03,8,BL_TZD,0.5,H,0.5,147.5224718359256,1.050073179796721,0.010520411606927781,0.03512415648456506,0.9992405807144057
