,Plate,Column,Enzyme,E_Conc,Row,S_Conc,slope,slope stderr,int,int stderr,RSQ
0,plate03,8,BL_TZD,0.5,A,0.005,0.0001503025697229907,0.00014586810738412943,0.00016834881165834592,0.00029275097988025396,0.0661028100772405
1,plate03,8,BL_TZD,0.5,B,0.01,0.0007002352133704151,0.00011016417416883075,-0.00024366064059733278,0.0002210947306333179,0.7292535827692717
2,plate03,8,BL_TZD,0.5,C,0.02,0.0012016313536388507,8.776820463257994e-05,-6.829084699188446e-05,0.0001761469953951157,0.9259048873496213
3,plate03,8,BL_TZD,0.5,D,0.03,0.0017376705127055306,0.00010873296773406598,-0.00013986687333746473,0.00021822237010742248,0.9445255804746912
4,plate03,8,BL_TZD,0.5,E,0.06,0.0032166854037033255,0.00016342999637156697,7.673916524954991e-05,0.00032799689814591376,0.9627231876928642
5,plate03,8,BL_TZD,0.5,F,0.1,0.005484057583699316,0.0001451201985486636,-0.0006673307475717113,0.0002912499489093197,0.9896054653319157
6,plate03,8,BL_TZD,0.5,G,0.2,0.009393310715240754,0.00015299242862771878,0.00021851090043719878,0.00030704925368181573,0.9960365856251836
7,plate03,8,BL_TZD,0.5,H,0.5,0.01865021914798553,0.00013275329975769576,7.980125856938032e-05,0.00026642986970304325,0.9992405807144057
