,Plate,Column,Enzyme,E_Conc,Row,S_Conc,slope,slope stderr,int,int stderr,RSQ
0,plate04,8,BL_9YC,0.5,A,0.005,0.050489969024691585,1.0740108089943916,0.04538058558334239,0.035924887167207736,0.00014731178745952533
1,plate04,8,BL_9YC,0.5,B,0.01,2.293472910053074,1.2084150804837248,0.007037585115623663,0.04042061376337489,0.19363913936225485
2,plate04,8,BL_9YC,0.5,C,0.02,4.860184035406272,1.2543648664241485,0.018859769421239004,0.04195759967020903,0.5002109184118348
3,plate04,8,BL_9YC,0.5,D,0.03,6.956288393783276,0.905108188546308,0.031092150421260064,0.030275215115376213,0.7974841052336225
4,plate04,8,BL_9YC,0.5,E,0.06,15.417952205124523,0.9503575540265001,0.00023909488342974038,0.0317886491335502,0.946081677167224
5,plate04,8,BL_9YC,0.5,F,0.1,25.694375917615076,1.2213730182068527,-0.05865592305177496,0.04085404628356812,0.9672179459612392
6,plate04,8,BL_9YC,0.5,G,0.2,43.18828021608385,1.001184539529032,0.0276659462884369,0.03348889778241712,0.9920034831113012
7,plate04,8,BL_9YC,0.5,H,0.5,85.97734732155335,0.8336145581331815,0.028748139407710163,0.02788380646033951,0.9985918740485191
