,Plate,Column,Enzyme,E_Conc,Row,S_Conc,slope,slope stderr,int,int stderr,RSQ
0,plate03,10,BL_IQ5,0.5,A,0.005,0.0007293892027382894,0.00013591035922192422,-0.0002569925444290132,0.00027276621072277384,0.6575451487783485
1,plate03,10,BL_IQ5,0.5,B,0.01,0.0011757113212682697,0.0001251836935780865,0.00021919442671410757,0.00025123824856154936,0.8546618427243741
2,plate03,10,BL_IQ5,0.5,C,0.02,0.0024008784542548806,0.00012898226384255103,-4.7386961272813095e-05,0.0002588618810514693,0.9585041131355256
3,plate03,10,BL_IQ5,0.5,D,0.03,0.0034787852222253404,0.00012104558104502763,0.0002065706458178124,0.0002429332390586836,0.9821631749112752
4,plate03,10,BL_IQ5,0.5,E,0.06,0.0066086227014713434,0.00014942135748472404,1.2944486073049114e-05,0.0002998818966844953,0.9923901317742377
5,plate03,10,BL_IQ5,0.5,F,0.1,0.010060956284338424,0.00012806521253775092,0.0004119514666769312,0.0002570213338110196,0.9975755077919999
6,plate03,10,BL_IQ5,0.5,G,0.2,0.017327440853683724,0.00012280184484227932,-0.0002697264604467972,0.0002464579371275608,0.999247156673401
7,plate03,10,BL_IQ5,0.5,H,0.5,0.02943895182067536,0.00014824483760838297,0.0004438935290658449,0.0002975210818871527,0.9996197743392262
