,Plate,Column,Enzyme,E_Conc,Row,S_Conc,slope,slope stderr,int,int stderr,RSQ
0,plate05,9,BL_IMR,0.5,A,0.005,0.0005097866729886174,0.0001261509574855175,-0.0001720165433902763,0.00025317951118694376,0.5212312187670904
1,plate05,9,BL_IMR,0.5,B,0.01,0.000530964704637739,0.00012099804488532022,0.0006335778261790266,0.00024283783653381672,0.5621253310478596
2,plate05,9,BL_IMR,0.5,C,0.02,0.0017260456735571708,0.0001341351995759552,4.547849954374497e-05,0.0002692035364111039,0.9169362816222489
3,plate05,9,BL_IMR,0.5,D,0.03,0.0025776238231137614,0.0001314625482219116,-7.340005517668968e-05,0.00026383961174710667,0.9624479571355243
4,plate05,9,BL_IMR,0.5,E,0.06,0.00452913291849127,0.00016229949557202564,0.00035397142346261444,0.00032572808099778347,0.9811022599748175
5,plate05,9,BL_IMR,0.5,F,0.1,0.007324080450361415,0.0001463338544700309,0.00022755201918810074,0.0002936857022252207,0.9940477432606154
6,plate05,9,BL_IMR,0.5,G,0.2,0.013169710011063441,0.00015006019530860437,1.8155679003973688e-05,0.0003011650830414602,0.9980563166677036
7,plate05,9,BL_IMR,0.5,H,0.5,0.02495292838419452,0.0001391172978793883,-0.00028223051262323175,0.00027920230654280415,0.9995339767921069
