,Plate,Column,Enzyme,E_Conc,Row,S_Conc,slope,slope stderr,int,int stderr,RSQ
0,plate06,8,BL_J2I,0.5,A,0.005,4.386132911927271,1.1587515677567748,-0.014107800636926442,0.03875940321388562,0.4885418417852426
1,plate06,8,BL_J2I,0.5,B,0.01,8.323683332997218,1.1694834580892812,0.05998645224277381,0.0391183776925398,0.7715413801547238
2,plate06,8,BL_J2I,0.5,C,0.02,17.788007186802762,1.163382102649603,0.07014498861747735,0.038914292201472876,0.9397060880407594
3,plate06,8,BL_J2I,0.5,D,0.03,26.92309852238235,1.104282105919452,0.0422717388286459,0.03693743949414963,0.9753862450270568
4,plate06,8,BL_J2I,0.5,E,0.06,53.145052621027524,1.1619027436752505,-0.00802890072641996,0.038864809542386185,0.9928812604753128
5,plate06,8,BL_J2I,0.5,F,0.1,82.11471076775354,1.1277574787079163,0.0030768098313182076,0.037722631545929475,0.9971786766360379
6,plate06,8,BL_J2I,0.5,G,0.2,137.333478315021,1.2764906398325095,0.05538927759914369,0.04269768127017825,0.998705772053429
7,plate06,8,BL_J2I,0.5,H,0.5,241.26912393205484,0.9511947999027636,-0.00569256028006416,0.03181684814360592,0.9997669045555622
