,Plate,Column,Enzyme,E_Conc,Row,S_Conc,slope,slope stderr,int,int stderr,RSQ
0,plate06,9,BL_NUN,0.5,A,0.005,1.076714345792446,0.932748065203894,0.03692195047479539,0.031199749800019813,0.0815866642120906
1,plate06,9,BL_NUN,0.5,B,0.01,3.3165843572296225,0.9797605198069742,-0.02876883747409411,0.032772282457489116,0.43308260453988545
2,plate06,9,BL_NUN,0.5,C,0.02,6.122496618554936,1.5050041284998423,-0.062015628420169916,0.050341301883560556,0.5245548344406303
3,plate06,9,BL_NUN,0.5,D,0.03,6.801848714064714,0.8469729789900405,0.0033431355457118014,0.028330632849624813,0.8113050379679541
4,plate06,9,BL_NUN,0.5,E,0.06,13.720145247473535,1.0981261288991824,0.01742186514507444,0.036731527851715996,0.9123338099397047
5,plate06,9,BL_NUN,0.5,F,0.1,21.492075011420273,1.0448655359032775,-0.007045767833091291,0.034949999731055816,0.9657606973388476
6,plate06,9,BL_NUN,0.5,G,0.2,36.1480052682891,1.021385217398633,0.02994781999208005,0.03416460143761558,0.9881659923980513
7,plate06,9,BL_NUN,0.5,H,0.5,72.29932641778511,1.248512793772196,-0.01949914507459166,0.041761864032472805,0.9955468113213405
