,Plate,Column,Enzyme,E_Conc,Row,S_Conc,slope,slope stderr,int,int stderr,RSQ
0,plate07,11,BL_7L7,0.5,A,0.005,5.560872830656851e-05,0.00013752441089028358,0.00031570957326638175,0.00027600553595956965,0.01078268118609027
1,plate07,11,BL_7L7,0.5,B,0.01,0.0005968721516813117,0.00011392260169500357,-0.00015764202067361562,0.00022863773056883298,0.6466433663055837
2,plate07,11,BL_7L7,0.5,C,0.02,0.000847616550732093,0.000112925868335022,0.0002047514669424365,0.00022663732624571723,0.78973743080939
3,plate07,11,BL_7L7,0.5,D,0.03,0.0017100589385246625,9.0886506846322e-05,-0.000421923937913511,0.0001824052802988895,0.9593513980075049
4,plate07,11,BL_7L7,0.5,E,0.06,0.0031828600696206253,0.00015540030479819616,-0.0003414411647152477,0.0003118816779014282,0.9654775209500089
5,plate07,11,BL_7L7,0.5,F,0.1,0.004564861743492943,9.88288503803183e-05,9.740906120914617e-05,0.00019834524127302453,0.993018306992321
6,plate07,11,BL_7L7,0.5,G,0.2,0.008354772484643547,0.00011987170561363442,-8.589376416724959e-05,0.00024057739032395253,0.9969216589457022
7,plate07,11,BL_7L7,0.5,H,0.5,0.016713083392290155,0.00013892670759889944,-0.0001356863751372095,0.0002788197792336389,0.9989646226719945
