,Plate,Column,Enzyme,E_Conc,Row,S_Conc,slope,slope stderr,int,int stderr,RSQ
0,plate07,12,BL_UHY,0.5,A,0.005,0.00018451093433514675,9.37047424496253e-05,-0.00010388542890325315,0.00018806136100052572,0.20539170912837146
1,plate07,12,BL_UHY,0.5,B,0.01,0.0003121926227734668,0.00016045655830381565,-5.879692173463401e-05,0.00032202936674707644,0.20151437721448262
2,plate07,12,BL_UHY,0.5,C,0.02,0.0008119553948133655,0.00012847945020651289,7.276977655460562e-05,0.0002578526894238198,0.7269698386701005
3,plate07,12,BL_UHY,0.5,D,0.03,0.001031879732648707,0.00018321734943825343,0.00037704143381825123,0.00036770928149299707,0.6789342568301308
4,plate07,12,BL_UHY,0.5,E,0.06,0.0022597671194895317,0.0001303042215870499,0.0005038140089532718,0.00026151493766787164,0.9524945521138997
5,plate07,12,BL_UHY,0.5,F,0.1,0.004000326499996539,0.00011591595057344643,-7.371623678776862e-05,0.00023263831253535094,0.987561982975444
6,plate07,12,BL_UHY,0.5,G,0.2,0.007325164678153251,0.0001466565688702834,-1.6141875803343808e-05,0.0002943328760597697,0.9940233991438128
7,plate07,12,BL_UHY,0.5,H,0.5,0.014866005853414176,0.0001341360330774076,-9.634140166808434e-05,0.0002692053314800226,0.998780268745798
