,Plate,Column,Enzyme,E_Conc,Row,S_Conc,slope,slope stderr,int,int stderr,RSQ
0,plate09,4,BL_9PZ,0.5,A,0.005,1.7676040159771835,1.0403123194219237,0.014860616295391982,0.034797696553025136,0.16140080043856264
1,plate09,4,BL_9PZ,0.5,B,0.01,3.811329388182284,1.0339331348178664,-0.022548705623664844,0.03458431693956664,0.4753115194953469
2,plate09,4,BL_9PZ,0.5,C,0.02,5.171276175592236,1.0041717421398582,0.04450763977895619,0.03358882063637914,0.6387314972845617
3,plate09,4,BL_9PZ,0.5,D,0.03,12.02243196658454,0.8367631862240228,-0.08035796049165574,0.027989124606475884,0.932259476725575
4,plate09,4,BL_9PZ,0.5,E,0.06,13.96384873990335,1.5471591237299953,0.06178164616063228,0.05175135607573135,0.8444938885845032
5,plate09,4,BL_9PZ,0.5,F,0.1,25.27067031790226,0.7179343695765434,-0.03834055476358439,0.024014386345396103,0.9880380783168815
6,plate09,4,BL_9PZ,0.5,G,0.2,38.471543787726084,0.976544024110557,0.0025478912796779592,0.032664662564380983,0.9904276957890676
7,plate09,4,BL_9PZ,0.5,H,0.5,65.70248162504181,1.171692649036489,0.03324195788724301,0.039192269141314094,0.9952522493493543
