,Plate,Column,Enzyme,E_Conc,Row,S_Conc,slope,slope stderr,int,int stderr,RSQ
0,plate02,11,BL_TS6,0.5,A,0.005,15.294806883268365,0.9320443608089217,0.00866726785789691,0.031176206892486062,0.9472363980514825
1,plate02,11,BL_TS6,0.5,B,0.01,28.98112572289701,1.0103078735670696,0.0029694257743468427,0.03379403475968386,0.9820972129242493
2,plate02,11,BL_TS6,0.5,C,0.02,48.37541151799569,1.1563747493157026,0.11813841485167764,0.038679901511875225,0.9915016882053768
3,plate02,11,BL_TS6,0.5,D,0.03,67.642993361472,1.139597336685593,0.002028231801110285,0.03811860534396246,0.9957606536283916
4,plate02,11,BL_TS6,0.5,E,0.06,99.62592202162297,0.9983720914427162,0.03705806606432236,0.03339482115367908,0.9984958984368548
5,plate02,11,BL_TS6,0.5,F,0.1,123.56062860957121,1.4189527167670686,0.04757309987485647,0.04746294190660954,0.9980257222804663
6,plate02,11,BL_TS6,0.5,G,0.2,156.30537372832208,0.8635417625520496,-0.010236168895672262,0.028884818502243278,0.9995423747308806
7,plate02,11,BL_TS6,0.5,H,0.5,196.32851113116632,0.8318798502150244,-0.06489299693250182,0.02782578510351632,0.9997307665145402
