,Plate,Column,Enzyme,E_Conc,Row,S_Conc,slope,slope stderr,int,int stderr,RSQ
0,plate06,12,BL_2ZK,0.5,A,0.005,0.0003365066196411771,0.00013259922659371377,-2.4147736452304055e-05,0.0002661209225659819,0.3003825523967302
1,plate06,12,BL_2ZK,0.5,B,0.01,0.00045079606650570854,0.00012446737549440931,0.0003363964119651443,0.00024980063767554496,0.46652330764035455
2,plate06,12,BL_2ZK,0.5,C,0.02,0.0011448793108010278,0.00013981635336509708,0.0002842968536384299,0.0002806053707927266,0.8171862554904249
3,plate06,12,BL_2ZK,0.5,D,0.03,0.001959195415944996,0.00010706461504627155,-7.795550169162662e-05,0.00021487405817674976,0.9571257373741138
4,plate06,12,BL_2ZK,0.5,E,0.06,0.0035485907464708477,0.0001339843331191244,2.1768695506740876e-05,0.00026890067416967856,0.979063837938237
5,plate06,12,BL_2ZK,0.5,F,0.1,0.0059532335885759645,0.00013823014120148647,-0.0003733783062232289,0.0002774218951687875,0.9919778130653479
6,plate06,12,BL_2ZK,0.5,G,0.2,0.010152625432353717,0.00013132093672785905,0.00041441900881362693,0.00026355541856292386,0.9974966940256714
7,plate06,12,BL_2ZK,0.5,H,0.5,0.020593989012782227,0.00013545842278766184,-0.0001236973486539057,0.0002718590617241872,0.9993514555635225
