,Plate,Column,Enzyme,E_Conc,Row,S_Conc,slope,slope stderr,int,int stderr,RSQ
0,plate05,7,BL_JR6,0.5,A,0.005,0.00041672761787818415,0.00014968041194168003,7.003941540933226e-05,0.0003004021042009821,0.340697029539912
1,plate05,7,BL_JR6,0.5,B,0.01,0.000652483328916904,0.00012391423220198272,7.991188750863805e-05,0.0002486904991333545,0.6489305595869588
2,plate05,7,BL_JR6,0.5,C,0.02,0.0015091786527437656,8.71593451998672e-05,0.00013582523117265113,0.00017492503211627205,0.9523529730836477
3,plate05,7,BL_JR6,0.5,D,0.03,0.0022827485585004397,0.00014967260495730512,-0.0001714073271784144,0.0003003864299098328,0.9394212857188311
4,plate05,7,BL_JR6,0.5,E,0.06,0.003960262761880287,0.00013797907279560186,-2.6853517577712597e-05,0.0002769181886375289,0.9821172270092053
5,plate05,7,BL_JR6,0.5,F,0.1,0.006006664998700484,0.00012277045779558163,0.00040325129436262936,0.0002463949802816081,0.9937727078287215
6,plate05,7,BL_JR6,0.5,G,0.2,0.010422464474088242,0.00015300303559676121,0.00039923823018909966,0.0003070704588717437,0.9967778266833176
7,plate05,7,BL_JR6,0.5,H,0.5,0.018752426769509264,9.253603081496128e-05,0.0002715950059502496,0.0001857157373111764,0.9996348773875132
