,Plate,Column,Enzyme,E_Conc,Row,S_Conc,slope,slope stderr,int,int stderr,RSQ
0,plate08,1,Blank,0.0,A,0.005,-0.36832159402706005,1.262744685292515,0.013131843325893986,0.04223789913656812,0.005639956528653789
1,plate08,1,Blank,0.0,B,0.01,1.4405311283781397,0.9542720998861328,-0.012442004077189244,0.03191971376875175,0.13188273574348908
2,plate08,1,Blank,0.0,C,0.02,1.0924713807464659,1.3557216077370544,0.0023746930974383367,0.045347909506093374,0.04149379143827514
3,plate08,1,Blank,0.0,D,0.03,0.6980428404578948,0.8975558795355054,0.04104745988975777,0.0300225964970264,0.03875982350784435
4,plate08,1,Blank,0.0,E,0.06,3.2784416636773845,1.2776062133949537,0.008319337883158903,0.04273500522113683,0.3050657121365138
5,plate08,1,Blank,0.0,F,0.1,5.1317356041011175,0.7509476874840717,0.045932972325098825,0.025118658081498865,0.7568849099856073
6,plate08,1,Blank,0.0,G,0.2,11.438235910744588,1.1912841478686005,0.015833910569323657,0.03984759480126042,0.860062568604526
7,plate08,1,Blank,0.0,H,0.5,30.504692601339023,1.1954933661382459,-0.006423195625619698,0.03998837985479432,0.9774804187348319
