,Plate,Column,Enzyme,E_Conc,Row,S_Conc,slope,slope stderr,int,int stderr,RSQ
0,plate06,5,BL_XY2,0.5,A,0.005,-0.43722849173577544,1.007143201310005,0.0690389579358723,0.03368821296124821,0.012408536931445613
1,plate06,5,BL_XY2,0.5,B,0.01,1.2564038549354928,0.8188172676720512,0.026119143538129587,0.02738884687972576,0.1356670378972088
2,plate06,5,BL_XY2,0.5,C,0.02,3.255072153527139,1.3642681618241934,0.027980248160611593,0.0456337851508736,0.27510827548650396
3,plate06,5,BL_XY2,0.5,D,0.03,6.823533046336407,1.1469480792938649,-0.040282934201601825,0.03836458596971516,0.7023461990803946
4,plate06,5,BL_XY2,0.5,E,0.06,11.761529887935762,1.0953736719352871,0.017460490639568046,0.03663945945179356,0.8848748667760341
5,plate06,5,BL_XY2,0.5,F,0.1,18.34527866281503,0.8285105278774662,-0.02136838182427184,0.027713080453630717,0.9703140457188011
6,plate06,5,BL_XY2,0.5,G,0.2,30.525656074498265,0.5836159607569461,0.011082624589728187,0.01952152785288479,0.9945469350035929
7,plate06,5,BL_XY2,0.5,H,0.5,56.568341484786586,0.8562643357851085,0.03813175294779624,0.028641423362332757,0.996574926876634
