,Plate,Column,Enzyme,E_Conc,Row,S_Conc,slope,slope stderr,int,int stderr,RSQ
0,plate09,5,BL_K44,0.5,A,0.005,0.6405064887545715,0.88159082428236,0.021052680821930334,0.02948857692766672,0.03399393847778087
1,plate09,5,BL_K44,0.5,B,0.01,6.121949385423454,1.0079885369035109,-0.0940599876903854,0.03371648926443868,0.7109078551020377
2,plate09,5,BL_K44,0.5,C,0.02,7.28564699721353,1.3400883348659307,0.005198308250018174,0.044824989866470044,0.6633571122208148
3,plate09,5,BL_K44,0.5,D,0.03,11.791276167383886,1.2119406503224508,-0.021531010162938687,0.0405385412972802,0.8632115014594075
4,plate09,5,BL_K44,0.5,E,0.06,20.208657899140544,0.7023290724223681,0.025741401918670834,0.02349239991428126,0.9822049291621548
5,plate09,5,BL_K44,0.5,F,0.1,31.161860202719758,0.8053778881046678,0.027609895648692317,0.026939306866110596,0.990079948092693
6,plate09,5,BL_K44,0.5,G,0.2,53.16165955367951,1.3999572648182628,-0.008156358940545987,0.04682756648462052,0.9897049079328932
7,plate09,5,BL_K44,0.5,H,0.5,91.11866922167246,1.085295018296724,0.037457213532913994,0.03630233042657041,0.9978765164345432
