,Plate,Column,Enzyme,E_Conc,Row,S_Conc,slope,slope stderr,int,int stderr,RSQ
0,plate09,9,BL_5OP,0.5,A,0.005,2.332713654084155e-05,0.00013284706170219808,0.00011312135861915812,0.0002666183023638178,0.0020513298928822588
1,plate09,9,BL_5OP,0.5,B,0.01,0.00036297364849377414,9.511982174189324e-05,-0.00013192233437920401,0.00019090136275001115,0.4925844257321357
2,plate09,9,BL_5OP,0.5,C,0.02,0.0008113972884155436,0.00012954846076274363,-0.0003258676049142597,0.00025999815341785107,0.7233930859421811
3,plate09,9,BL_5OP,0.5,D,0.03,0.0009052441862623088,0.0001507526173546741,0.00017064802628015405,0.0003025539785334219,0.7062165224940886
4,plate09,9,BL_5OP,0.5,E,0.06,0.0019644339738624328,0.00010896227460568611,0.00017899918859575338,0.00021868256571913667,0.9558861661140426
5,plate09,9,BL_5OP,0.5,F,0.1,0.0030458379971864714,0.00014969870861756033,0.0002457274785627495,0.0003004388213719849,0.965033196045532
6,plate09,9,BL_5OP,0.5,G,0.2,0.006027267078238133,0.00010872110533307308,-0.00034322546926545186,0.00021819855894153662,0.9951430478682358
7,plate09,9,BL_5OP,0.5,H,0.5,0.012002941187678804,0.00015519633120503982,4.1960776236619644e-05,0.0003114725791978077,0.9974985529126427
