,Plate,Column,Enzyme,E_Conc,Row,S_Conc,slope,slope stderr,int,int stderr,RSQ
0,plate12,11,BL_LSX,0.5,A,0.005,2.5478371563462763,1.0037031011646342,0.03462347614654981,0.033573144593480014,0.3004926222237516
1,plate12,11,BL_LSX,0.5,B,0.01,5.696332529137033,0.9728567975924255,-0.01789371003774003,0.032541357979349476,0.6956422468770065
2,plate12,11,BL_LSX,0.5,C,0.02,8.018638268129374,0.9808281805425327,0.06031948853786997,0.032807995292528064,0.8167082763761636
3,plate12,11,BL_LSX,0.5,D,0.03,14.809253852638433,1.1795998358195592,0.00495879626680984,0.039456771182486076,0.9131012351814435
4,plate12,11,BL_LSX,0.5,E,0.06,26.569437443771875,1.1246556704351411,0.023480958518766186,0.037618922552590014,0.9738273510631084
5,plate12,11,BL_LSX,0.5,F,0.1,38.48888653439653,0.9804128022694343,0.08697247273984213,0.03279409940377105,0.9903609995501889
6,plate12,11,BL_LSX,0.5,G,0.2,66.17969229263923,0.9353027478869106,0.004531009684008981,0.03128518103201312,0.997012924876577
7,plate12,11,BL_LSX,0.5,H,0.5,110.48474804622973,1.015560756563847,0.01229530883232755,0.03396976524352809,0.9987342487518485
