,Plate,Column,Enzyme,E_Conc,Row,S_Conc,slope,slope stderr,int,int stderr,RSQ
0,plate02,5,BL_7QH,0.5,A,0.005,0.0003769489924852043,0.00014299187748747304,0.00045788710284392573,0.00028697850807597486,0.3166075969789298
1,plate02,5,BL_7QH,0.5,B,0.01,0.0011383779563040454,0.00011699154394932267,-0.0002762368098039445,0.00023479696131170784,0.8632400811958958
2,plate02,5,BL_7QH,0.5,C,0.02,0.0017179452270461506,8.33057786334434e-05,-0.0004898805230204335,0.00016719109180867394,0.9659302722590196
3,plate02,5,BL_7QH,0.5,D,0.03,0.0021419911777837567,0.00014023144028241455,-0.00020090817381568325,0.0002814384399335117,0.9395930899497722
4,plate02,5,BL_7QH,0.5,E,0.06,0.003132460930478773,0.00016605939993528644,4.7093539398827075e-05,0.0003332740880533643,0.9595503570574808
5,plate02,5,BL_7QH,0.5,F,0.1,0.0039607549281051235,8.077643034253075e-05,0.0002457147680501933,0.00016211479338761197,0.9937998326761662
6,plate02,5,BL_7QH,0.5,G,0.2,0.005489527267650781,0.00017014436863888683,0.0003455825713113484,0.0003414723740954044,0.9857949440016055
7,plate02,5,BL_7QH,0.5,H,0.5,0.00861125823816438,9.864655644968791e-05,-0.0006705932602837859,0.00019797937903519468,0.9980354278056038
