,Plate,Column,Enzyme,E_Conc,Row,S_Conc,slope,slope stderr,int,int stderr,RSQ
0,plate06,3,BL_A3M,0.5,A,0.005,0.0027569036063985757,0.00010823868409721281,-0.00017366557400155585,0.00021723036458877484,0.9774011682780781
1,plate06,3,BL_A3M,0.5,B,0.01,0.005016334819549288,0.00014624912185898058,0.00030511133406513905,0.000293515662133243,0.9874106712123033
2,plate06,3,BL_A3M,0.5,C,0.02,0.00921955862998744,0.00017484820939233528,0.0007325891889559122,0.0003509128080701161,0.9946339246744341
3,plate06,3,BL_A3M,0.5,D,0.03,0.012951022127668514,0.00010530771911907478,0.0003515584415957868,0.00021134799478454903,0.9990092300038567
4,plate06,3,BL_A3M,0.5,E,0.06,0.02077030577484554,0.00016410868981371835,0.000811875258325279,0.0003293590372214388,0.9990644607885473
5,plate06,3,BL_A3M,0.5,F,0.1,0.027309035676113622,0.0001542943539630221,0.0009370167647280821,0.00030966211109938375,0.999521402171706
6,plate06,3,BL_A3M,0.5,G,0.2,0.036122252041614754,0.0001515550336045294,0.0010010453181854106,0.00030416440968915803,0.9997360218568303
7,plate06,3,BL_A3M,0.5,H,0.5,0.04654013318963601,0.00013832877797967982,-6.096090088747452e-05,0.0002776203853768258,0.9998675023702048
