,Plate,Column,Enzyme,E_Conc,Row,S_Conc,slope,slope stderr,int,int stderr,RSQ
0,plate04,12,BL_R84,0.5,A,0.005,0.00014955477310262303,0.00011983988860909637,0.00010142331447455625,0.00024051346851850153,0.09406018458674026
1,plate04,12,BL_R84,0.5,B,0.01,3.403250585139563e-05,0.00016460501090020233,0.00025888229234335855,0.0003303551312239068,0.002841681625682213
2,plate04,12,BL_R84,0.5,C,0.02,7.220170964518835e-05,0.00013284891522859517,0.0004807608421331953,0.00026662202309723316,0.019311616029084933
3,plate04,12,BL_R84,0.5,D,0.03,0.0006021167170158076,0.00013877628201600605,-0.00043360533642539134,0.0002785179872686294,0.5565386872397575
4,plate04,12,BL_R84,0.5,E,0.06,0.0007745549777343496,0.00010867262648217859,0.0002606261780704583,0.00021810125304244516,0.7720366620621008
5,plate04,12,BL_R84,0.5,F,0.1,0.0017129875312357514,0.0001435469622828794,-0.00040906366976615615,0.00028809254270197303,0.904703462902865
6,plate04,12,BL_R84,0.5,G,0.2,0.002947456243400884,0.00014719034102537635,-6.55511097458778e-05,0.00029540461914308764,0.96394166651489
7,plate04,12,BL_R84,0.5,H,0.5,0.006245823179371674,0.00012595495842209248,0.0002775546516852158,0.00025278612098255526,0.9939368117908094
