,Plate,Column,Enzyme,E_Conc,Row,S_Conc,slope,slope stderr,int,int stderr,RSQ
0,plate05,9,BL_IMR,0.5,A,0.005,4.032391765027419,0.9978489220456394,-0.022677397225424636,0.033377326572007586,0.5212312187670904
1,plate05,9,BL_IMR,0.5,B,0.01,4.199909130518286,0.9570895938091292,0.08352624552444654,0.032013956169005264,0.5621253310478596
2,plate05,9,BL_IMR,0.5,C,0.02,13.652950790788022,1.0610039509260925,0.005995551236196371,0.03548981632442661,0.9169362816222489
3,plate05,9,BL_IMR,0.5,D,0.03,20.38889917762621,1.0398633878594794,-0.009676523983122715,0.03478267590702655,0.9624479571355243
4,plate05,9,BL_IMR,0.5,E,0.06,35.82525642769516,1.283782382101136,0.04666499173918674,0.04294159698060516,0.9811022599748175
5,plate05,9,BL_IMR,0.5,F,0.1,57.933177266670334,1.157494812978072,0.029998786319454136,0.03871736518782752,0.9940477432606154
6,plate05,9,BL_IMR,0.5,G,0.2,104.17186837208104,1.1869700168374806,0.0023935113248746225,0.03970339180147282,0.9980563166677036
7,plate05,9,BL_IMR,0.5,H,0.5,197.3766445086954,1.1004121450507933,-0.03720719715528268,0.036807980714742436,0.9995339767921069
