,Plate,Column,Enzyme,E_Conc,Row,S_Conc,slope,slope stderr,int,int stderr,RSQ
0,plate10,4,BL_CNC,0.5,A,0.005,0.00021849286424611796,0.000144379812800835,0.0003091301705854479,0.0002897640319891344,0.13245340821912577
1,plate10,4,BL_CNC,0.5,B,0.01,0.0007727534382724604,0.00015938147565752823,-0.0001229827300375172,0.0003198717175689244,0.6104653612783527
2,plate10,4,BL_CNC,0.5,C,0.02,0.001343529549474533,0.0001272017379078349,7.941850591489932e-05,0.0002552883745537967,0.8814791068765747
3,plate10,4,BL_CNC,0.5,D,0.03,0.0017006083068128236,0.00016415865312892998,0.0007796553471508665,0.000329459310911098,0.8773709216621571
4,plate10,4,BL_CNC,0.5,E,0.06,0.003700175726888317,0.00010898234892360639,0.0001805072423571673,0.00021872286525841713,0.9871547042018498
5,plate10,4,BL_CNC,0.5,F,0.1,0.005830978684574204,0.00014561383979367856,-4.1300763998276916e-05,0.00029224082425557106,0.9907323365731465
6,plate10,4,BL_CNC,0.5,G,0.2,0.010143983205569005,0.00012858289082757154,-7.673673929230974e-05,0.0002580602611504673,0.9975956641168248
7,plate10,4,BL_CNC,0.5,H,0.5,0.01798640991772812,0.00013078086047696411,-0.00010343749484186557,0.00026247133159977034,0.9992075975075608
