,Plate,Column,Enzyme,E_Conc,Row,S_Conc,slope,slope stderr,int,int stderr,RSQ
0,plate02,7,BL_273,0.5,A,0.005,0.0006596562464694862,0.00010376496966880645,-0.00020010036680346782,0.0002082517985791213,0.7293112028506834
1,plate02,7,BL_273,0.5,B,0.01,0.0011252617898825368,0.000110670987359944,-3.643671737113505e-05,0.0002221118693744941,0.8732902435258892
2,plate02,7,BL_273,0.5,C,0.02,0.0020855183209431845,0.00010738740916374631,-5.8385266412032914e-05,0.00021552185253101568,0.9617499483963106
3,plate02,7,BL_273,0.5,D,0.03,0.00283024339584607,0.0001422827161489847,8.051786788528742e-05,0.0002855552234813616,0.9634751633796903
4,plate02,7,BL_273,0.5,E,0.06,0.005132993000058776,0.00012814980055548368,0.00014647100983342302,0.00025719111825249675,0.9907371584259365
5,plate02,7,BL_273,0.5,F,0.1,0.007409043872866402,0.00012803004806713096,-0.00019262767139817936,0.00025695073958537004,0.9955408765458608
6,plate02,7,BL_273,0.5,G,0.2,0.011187627478515493,0.00021257057769598554,-0.00045022268369955445,0.0004266199199190545,0.9946138793008795
7,plate02,7,BL_273,0.5,H,0.5,0.016851667848482865,0.00010954904067740352,-0.0004719960050877086,0.0002198602078489588,0.9993664982216621
