,Plate,Column,Enzyme,E_Conc,Row,S_Conc,slope,slope stderr,int,int stderr,RSQ
0,plate09,8,BL_51A,0.5,A,0.005,0.00022588999915680767,0.00012356185099141368,0.0003105815526442464,0.0002479832869753001,0.1822112126442783
1,plate09,8,BL_51A,0.5,B,0.01,0.0009170787532328196,0.0001132848619252406,-0.0003008931476179416,0.0002273578172880654,0.813744243888386
2,plate09,8,BL_51A,0.5,C,0.02,0.0014023663367344855,0.00012016040921736731,2.1579287542599673e-05,0.0002411567214491005,0.9007984384289311
3,plate09,8,BL_51A,0.5,D,0.03,0.002385047559877925,0.00012261402702533743,-0.00043607513619651215,0.0002460810503454789,0.9618677100075043
4,plate09,8,BL_51A,0.5,E,0.06,0.00418337449603395,0.00010111425040923665,0.00025475100482999323,0.0002029319354534637,0.9913129307759141
5,plate09,8,BL_51A,0.5,F,0.1,0.00679150088420255,0.00015597870483172595,2.5075739710889167e-05,0.00031304296891310977,0.9921499711764469
6,plate09,8,BL_51A,0.5,G,0.2,0.012171836276148169,0.00014676503096051628,0.00037949285751489226,0.0002945510042978707,0.9978239046340868
7,plate09,8,BL_51A,0.5,H,0.5,0.02425825067704758,0.00011612150600193417,0.00025430008459805876,0.00023305092245909115,0.9996564029053666
