,Plate,Column,Enzyme,E_Conc,Row,S_Conc,slope,slope stderr,int,int stderr,RSQ
0,plate06,6,BL_MTK,0.5,A,0.005,1.887893681835806,1.1839124719065752,-0.0005278897827869184,0.03960103164489431,0.1449490513069973
1,plate06,6,BL_MTK,0.5,B,0.01,4.115335976470773,1.2568220372363277,-0.011528687101317525,0.04203979061603028,0.41683443179632995
2,plate06,6,BL_MTK,0.5,C,0.02,7.540415281977063,1.15406905713618,0.0354900098684659,0.038602777481530653,0.7399899399172107
3,plate06,6,BL_MTK,0.5,D,0.03,11.205002513260201,0.9701384356649578,0.045948298557936425,0.03245042965733323,0.8989219774350099
4,plate06,6,BL_MTK,0.5,E,0.06,25.486241269410744,0.9210996149213935,0.0002910841977683738,0.030810192065777637,0.980783858347321
5,plate06,6,BL_MTK,0.5,F,0.1,40.43526000420768,0.9718829660067216,-0.021077140360685066,0.03250878659805061,0.9914088453710005
6,plate06,6,BL_MTK,0.5,G,0.2,71.79103818218255,1.035062300916068,0.042530204117165786,0.03462209101271118,0.9968916353124194
7,plate06,6,BL_MTK,0.5,H,0.5,144.36501438922883,0.8595686917389733,-0.020529406674230137,0.028751965134626623,0.9994685064395245
