,Plate,Column,Enzyme,E_Conc,Row,S_Conc,slope,slope stderr,int,int stderr,RSQ
0,plate07,2,BL_HCP,0.5,A,0.005,0.0007073737105500048,0.00011610641285634238,-0.0005360720845124707,0.0002330205425872125,0.7121919651617019
1,plate07,2,BL_HCP,0.5,B,0.01,0.0011436039022410824,0.00017978892093495214,-9.365898605053913e-05,0.0003608286039534551,0.7295345303109256
2,plate07,2,BL_HCP,0.5,C,0.02,0.001966040825393474,8.550810876524645e-05,9.014150982594505e-05,0.00017161108508671513,0.9724088515540836
3,plate07,2,BL_HCP,0.5,D,0.03,0.002868893396962302,0.00015496046721111674,0.00017907055863976314,0.00031099895508587594,0.9580721602336519
4,plate07,2,BL_HCP,0.5,E,0.06,0.005596881811256066,0.00017733213658080972,-0.00032453030159684864,0.00035589792930098934,0.9851651589897763
5,plate07,2,BL_HCP,0.5,F,0.1,0.00830156572390701,0.00011370980908564899,-2.4641112765298862e-05,0.0002282105679362216,0.9971936192432229
6,plate07,2,BL_HCP,0.5,G,0.2,0.013495931780087518,0.00016595213064275326,4.466446946892534e-05,0.0003330582101492773,0.9977370982742363
7,plate07,2,BL_HCP,0.5,H,0.5,0.0224647267799726,0.00014257075567210888,0.0002930506193043193,0.000286133308600363,0.9993962081212004
