,Plate,Column,Enzyme,E_Conc,Row,S_Conc,slope,slope stderr,int,int stderr,RSQ
0,plate12,3,BL_EU4,0.5,A,0.005,14.72028880597714,0.7098578340535495,-0.03140885813885797,0.023744231968550654,0.9662937453327906
1,plate12,3,BL_EU4,0.5,B,0.01,25.388378556559484,0.8922797438893072,-0.0040779982277005114,0.029846118151439845,0.9818092537425372
2,plate12,3,BL_EU4,0.5,C,0.02,45.53649148970679,1.1304181510216857,0.060240434575851036,0.037811672019942066,0.9908408669995311
3,plate12,3,BL_EU4,0.5,D,0.03,62.36249282193154,0.9542876646977488,0.016478267913855277,0.031920221702283334,0.9964999082807464
4,plate12,3,BL_EU4,0.5,E,0.06,96.10573240755946,1.161022152955292,0.011942645068148771,0.0388353421089554,0.9978156490220567
5,plate12,3,BL_EU4,0.5,F,0.1,120.79058144170058,0.8587789676652539,0.061901006867579426,0.02872554195582612,0.9992423670185036
6,plate12,3,BL_EU4,0.5,G,0.2,156.16726607225698,1.3413624109492222,0.0032275869225102784,0.04486747441019727,0.9988946061366138
7,plate12,3,BL_EU4,0.5,H,0.5,194.82572146322383,1.3087727382570082,0.08734522455885523,0.0437775014576003,0.9993235543851494
