,Plate,Column,Enzyme,E_Conc,Row,S_Conc,slope,slope stderr,int,int stderr,RSQ
0,plate03,6,BL_GP5,0.5,A,0.005,0.0001534251689530126,0.0001708873085219083,6.39639741450183e-05,0.0003429634264433061,0.050997575054593014
1,plate03,6,BL_GP5,0.5,B,0.01,0.00022077765730223507,0.00014179430947193467,0.00017545487017588257,0.0002845750376985647,0.13913501902220626
2,plate03,6,BL_GP5,0.5,C,0.02,0.0004668819728353059,0.00010569875985779488,0.0001847287988387199,0.00021213283331122658,0.5653530970828985
3,plate03,6,BL_GP5,0.5,D,0.03,0.0008803689732915241,0.00014217073191410135,0.0002917847170859914,0.0002853305076299902,0.7188116448922361
4,plate03,6,BL_GP5,0.5,E,0.06,0.001794704395072752,0.00013379733937284215,-9.750303851601715e-05,0.0002685254489525226,0.9230472644949229
5,plate03,6,BL_GP5,0.5,F,0.1,0.002665838470844733,0.00017032261966325537,0.0002864007293999534,0.000341830133888958,0.9423022930124577
6,plate03,6,BL_GP5,0.5,G,0.2,0.005101511180990765,0.00011887550606454067,-0.00039516463937215254,0.00023857799914522314,0.9919210415508061
7,plate03,6,BL_GP5,0.5,H,0.5,0.009739128956234038,0.00014498438384775476,2.1915777219668588e-05,0.00029097676821848684,0.9966867726750467
