,Plate,Column,Enzyme,E_Conc,Row,S_Conc,slope,slope stderr,int,int stderr,RSQ
0,plate12,11,BL_LSX,0.5,A,0.005,0.0003221049696895501,0.0001268910598044527,0.0002626320219944755,0.0002546648641510594,0.3004926222237516
1,plate12,11,BL_LSX,0.5,B,0.01,0.000720146894815876,0.00012299138055987748,-0.00013573048611015344,0.0002468383766086484,0.6956422468770065
2,plate12,11,BL_LSX,0.5,C,0.02,0.0010137395280046873,0.0001239991459333954,0.00045754589092441547,0.0002488609203995393,0.8167082763761636
3,plate12,11,BL_LSX,0.5,D,0.03,0.0018722288633899833,0.0001491284356286457,3.761432516765657e-05,0.00029929437336586717,0.9131012351814435
4,plate12,11,BL_LSX,0.5,E,0.06,0.003358985412853992,0.00014218223473755535,0.00017811185647708248,0.000285353603821343,0.9738273510631084
5,plate12,11,BL_LSX,0.5,F,0.1,0.0048658767691122365,0.00012394663260626506,0.0006597187491181557,0.0002487555148837495,0.9903609995501889
6,plate12,11,BL_LSX,0.5,G,0.2,0.008366628819619564,0.00011824368857650857,3.4369403867797646e-05,0.00023730980442642765,0.997012924876577
7,plate12,11,BL_LSX,0.5,H,0.5,0.013967802585791196,0.0001283901390228552,9.326451815562426e-05,0.0002576733801893102,0.9987342487518485
