,Plate,Column,Enzyme,E_Conc,Row,S_Conc,slope,slope stderr,int,int stderr,RSQ
0,plate08,6,BL_8OR,0.5,A,0.005,9.989364594973612,0.8315333037605048,-0.04454105997103503,0.0278141886019083,0.9058478884438922
1,plate08,6,BL_8OR,0.5,B,0.01,18.941724840840596,1.2446145430643183,-0.047219451774429114,0.041631457343171946,0.9391767967234904
2,plate08,6,BL_8OR,0.5,C,0.02,34.75037693164548,1.0790426423838322,-0.033859442850086026,0.03609320059825754,0.9857434839010538
3,plate08,6,BL_8OR,0.5,D,0.03,47.75790469822656,0.9096192706421538,0.06227327713167575,0.03042610764938555,0.9945879335888576
4,plate08,6,BL_8OR,0.5,E,0.06,83.06895589792495,1.2343751209656464,0.10656592537813857,0.041288958031762586,0.9966987986834961
5,plate08,6,BL_8OR,0.5,F,0.1,127.40078729858143,1.2408261601922972,-0.03637390077590626,0.04150474337977262,0.9985791379709934
6,plate08,6,BL_8OR,0.5,G,0.2,192.26302951326338,0.8856270918295824,0.004814669799557698,0.0296236845417814,0.9996818237543064
7,plate08,6,BL_8OR,0.5,H,0.5,287.7217390965436,1.29701468257748,-0.04705419139417703,0.043384223330402344,0.999695277796282
