,Plate,Column,Enzyme,E_Conc,Row,S_Conc,slope,slope stderr,int,int stderr,RSQ
0,plate08,11,BL_Z9N,0.5,A,0.005,0.002626832702267128,0.00015275207464567075,0.0005268532486368997,0.00030656680625366277,0.951726067799825
1,plate08,11,BL_Z9N,0.5,B,0.01,0.005203036735963371,0.00015580207697119114,0.00018376200983579707,0.000312688033973038,0.9867284443523209
2,plate08,11,BL_Z9N,0.5,C,0.02,0.009188859172604546,0.00013168430044072096,0.00021240154610126878,0.00026428472591816216,0.9969288530724877
3,plate08,11,BL_Z9N,0.5,D,0.03,0.01217628013290037,0.00011270098704746805,0.0004035810049106088,0.00022618597740607267,0.998716607915427
4,plate08,11,BL_Z9N,0.5,E,0.06,0.01830220763847195,0.00013737618871778454,0.00023241742081715703,0.0002757081163701533,0.99915561414356
5,plate08,11,BL_Z9N,0.5,F,0.1,0.022769000315624996,0.0001634485011057704,0.0002663862883211617,0.00032803415813716303,0.9992276215075756
6,plate08,11,BL_Z9N,0.5,G,0.2,0.028429722024466697,0.0001877850008650064,-9.99500358358496e-05,0.0003768758643000197,0.9993459964538941
7,plate08,11,BL_Z9N,0.5,H,0.5,0.03427033704380521,0.00014248680220587656,0.0001562590402146836,0.0002859652244555057,0.9997407649553516
