,Plate,Column,Enzyme,E_Conc,Row,S_Conc,slope,slope stderr,int,int stderr,RSQ
0,plate03,6,BL_GP5,0.5,A,0.005,1.213586820948303,1.351711631831593,0.00843254038951562,0.045213778291089655,0.050997575054593014
1,plate03,6,BL_GP5,0.5,B,0.01,1.7463422532967159,1.1215871974259026,0.023130680966460548,0.03751628211531276,0.13913501902220626
2,plate03,6,BL_GP5,0.5,C,0.02,3.6930173389269405,0.8360728740229335,0.024353287583140773,0.027966034142652172,0.5653530970828985
3,plate03,6,BL_GP5,0.5,D,0.03,6.9636826268419325,1.1245646835713643,0.038466753274157536,0.03761587772041644,0.7188116448922361
4,plate03,6,BL_GP5,0.5,E,0.06,14.196038474139293,1.0583314905167678,-0.01285408421501038,0.035400422255991354,0.9230472644949229
5,plate03,6,BL_GP5,0.5,F,0.1,21.086673438729942,1.347244966020018,0.037756967895340415,0.04506437332735161,0.9423022930124577
6,plate03,6,BL_GP5,0.5,G,0.2,40.35274510968195,0.9403003984155228,-0.0520956026662639,0.0314523705059468,0.9919210415508061
7,plate03,6,BL_GP5,0.5,H,0.5,77.03611232405653,1.1468205554646078,0.0028892150471059325,0.03836023923169906,0.9966867726750467
