,Plate,Column,Enzyme,E_Conc,Row,S_Conc,slope,slope stderr,int,int stderr,RSQ
0,plate02,4,BL_RA5,0.5,A,0.005,0.002648727553025346,0.00013550786429452903,0.0006386534313942014,0.00027195841383556346,0.962223506208111
1,plate02,4,BL_RA5,0.5,B,0.01,0.005271877414699481,0.00016040767810514088,0.00022808217224296265,0.0003219312310137927,0.986303135284485
2,plate02,4,BL_RA5,0.5,C,0.02,0.009113645149916045,0.00016446889382223996,0.00048782478871617016,0.0003300819222339325,0.9951386375168808
3,plate02,4,BL_RA5,0.5,D,0.03,0.012036862417270588,0.00012680071069127972,0.0009093005341189823,0.00025448352613269195,0.9983381733909077
4,plate02,4,BL_RA5,0.5,E,0.06,0.01844396283321324,0.00015193411195300977,0.00017611825748487713,0.0003049251762528703,0.9989831625349017
5,plate02,4,BL_RA5,0.5,F,0.1,0.0230959330360172,0.00010786427276059635,0.00025994439585035284,0.00021647887238643144,0.999672935356781
6,plate02,4,BL_RA5,0.5,G,0.2,0.0286994356165668,0.0001546079050761991,5.851113470206903e-05,0.0003102917651722064,0.999564868049762
7,plate02,4,BL_RA5,0.5,H,0.5,0.03487206478354919,0.00020479382405155593,-0.00023515547939354138,0.0004110125284769018,0.999482933722813
