,Plate,Column,Enzyme,E_Conc,Row,S_Conc,slope,slope stderr,int,int stderr,RSQ
0,plate05,2,BL_IA3,0.5,A,0.005,1.0432837687165593,1.0234513483015986,0.061479457309055636,0.03423370893336239,0.06478726641230981
1,plate05,2,BL_IA3,0.5,B,0.01,4.10385316574039,1.0379414711773718,0.012715452869454266,0.034718393749007835,0.5103294353189887
2,plate05,2,BL_IA3,0.5,C,0.02,8.308075063043443,1.2624100008964267,0.015236248060012326,0.042226703148954055,0.7427594491059295
3,plate05,2,BL_IA3,0.5,D,0.03,13.830570685055305,0.959943207861209,-0.0008586886289043303,0.03210943354062366,0.9326085353365783
4,plate05,2,BL_IA3,0.5,E,0.06,26.845517059536448,1.1051743356806392,-0.010634347417784894,0.03696728092031641,0.9752083080798133
5,plate05,2,BL_IA3,0.5,F,0.1,42.95731211468363,0.9415346504678855,0.004114906749855218,0.03149363647468527,0.9928456323480127
6,plate05,2,BL_IA3,0.5,G,0.2,77.68136151939957,1.2744058037672503,0.011904818489334923,0.04262793773823969,0.9959791017539438
7,plate05,2,BL_IA3,0.5,H,0.5,159.38399851949424,1.0935521964890662,-0.10235980132475213,0.036578530793202155,0.9992943743504615
