,Plate,Column,Enzyme,E_Conc,Row,S_Conc,slope,slope stderr,int,int stderr,RSQ
0,plate12,10,BL_KK7,0.5,A,0.005,0.0003982588541706582,0.00016254465154224632,-3.304315929040577e-05,0.0003262200839390451,0.2858243849856973
1,plate12,10,BL_KK7,0.5,B,0.01,0.000626883369162846,0.00013281766082417603,-0.00021317611576809247,0.0002665592960648603,0.5976099494491021
2,plate12,10,BL_KK7,0.5,C,0.02,0.0011475623868283146,0.00011217150837554115,-0.0003874490536716629,0.00022512336245316693,0.87464652807361
3,plate12,10,BL_KK7,0.5,D,0.03,0.0013616468897412748,0.00011830474440001301,2.8027645162520542e-06,0.00023743276782578596,0.898285262406139
4,plate12,10,BL_KK7,0.5,E,0.06,0.0028889090463587236,9.840742490101243e-05,-0.0005583957823700762,0.0001974994431368316,0.9828925477219891
5,plate12,10,BL_KK7,0.5,F,0.1,0.0038125100669242564,0.00019140455186944977,0.00029549992623313117,0.0003841406287318208,0.9635701809263235
6,plate12,10,BL_KK7,0.5,G,0.2,0.006750090309087829,0.00015403529701539604,-0.00021659204526962937,0.00030914211688339537,0.9922494367164783
7,plate12,10,BL_KK7,0.5,H,0.5,0.01150965686240979,0.00012073987936904271,-2.7792928067205125e-05,0.0002423194358004664,0.9983520304541714
