,Plate,Column,Enzyme,E_Conc,Row,S_Conc,slope,slope stderr,int,int stderr,RSQ
0,plate09,12,BL_CYO,0.5,A,0.005,6.559149585829795e-05,7.551241749679989e-05,0.00040568881447838266,0.00015155015503426464,0.04789097803685094
1,plate09,12,BL_CYO,0.5,B,0.01,0.00038230802118875993,0.00018012590124576161,0.00031830916678564906,0.00036150488947634405,0.23095809396043976
2,plate09,12,BL_CYO,0.5,C,0.02,0.0011880186220400467,0.0001426294937951783,-0.0004564939061829371,0.0002862512181854882,0.822230577837497
3,plate09,12,BL_CYO,0.5,D,0.03,0.0012822520607800366,9.521768133329079e-05,0.0002402852950314074,0.000191097770958078,0.9236048320341086
4,plate09,12,BL_CYO,0.5,E,0.06,0.0026496102337682523,0.0001138431614078358,-6.096483044750877e-05,0.00022847828007274676,0.9730549625784869
5,plate09,12,BL_CYO,0.5,F,0.1,0.0038901329109845223,0.0001252133772959082,0.00011136632725561677,0.00025129785766216084,0.9846973511983971
6,plate09,12,BL_CYO,0.5,G,0.2,0.0068695470032886915,0.00012903085332967407,8.634287308363968e-05,0.0002589594272048892,0.9947358244301779
7,plate09,12,BL_CYO,0.5,H,0.5,0.012212785715085925,0.00013320783907143642,0.000247770996883648,0.0002673423441050393,0.9982186612383325
