,Plate,Column,Enzyme,E_Conc,Row,S_Conc,slope,slope stderr,int,int stderr,RSQ
0,plate06,2,BL_GS0,0.5,A,0.005,-0.1640957822939915,0.9488125272814762,0.03219689856993398,0.03173709375377239,0.001990114966674561
1,plate06,2,BL_GS0,0.5,B,0.01,1.85156143999735,0.9770162509751417,0.003416008728848507,0.03268048679237138,0.19317859044007946
2,plate06,2,BL_GS0,0.5,C,0.02,3.1333483303364145,0.5346003080182669,0.028651190719193417,0.01788199469483825,0.6960643156243164
3,plate06,2,BL_GS0,0.5,D,0.03,5.967917683013555,0.844479893562142,-0.03110493920706244,0.02824724322957527,0.7690251124648397
4,plate06,2,BL_GS0,0.5,E,0.06,10.636652398738052,0.9772557973647436,-0.020713068505027445,0.032688500687371946,0.8876117514945095
5,plate06,2,BL_GS0,0.5,F,0.1,16.06274439636269,0.968716999722919,0.021474850569200545,0.032402885924103765,0.9482660183889967
6,plate06,2,BL_GS0,0.5,G,0.2,31.997635784587303,0.9795312960291543,-0.053150336553704644,0.032764614757463846,0.9861378768759292
7,plate06,2,BL_GS0,0.5,H,0.5,59.60404791941787,0.9471530809765791,0.07229688761607353,0.03168158608806578,0.9962265543619806
