,Plate,Column,Enzyme,E_Conc,Row,S_Conc,slope,slope stderr,int,int stderr,RSQ
0,plate02,9,BL_1CZ,0.5,A,0.005,16.26821364953036,1.0947593314461135,-0.005330559038856534,0.036618902112127406,0.9363927780176461
1,plate02,9,BL_1CZ,0.5,B,0.01,30.499590913247843,1.064829173571892,-0.01805469857527084,0.0356177685653926,0.9820446308138092
2,plate02,9,BL_1CZ,0.5,C,0.02,48.7557851876858,1.190986706136897,-0.012645480506530462,0.039837642875939605,0.9911287836955179
3,plate02,9,BL_1CZ,0.5,D,0.03,60.090511134072685,1.2234555317591258,0.019868021981565013,0.04092369727974618,0.9938203610097966
4,plate02,9,BL_1CZ,0.5,E,0.06,82.78434091567057,1.4458658404853912,0.041350999672837854,0.04836316681726602,0.995445214124745
5,plate02,9,BL_1CZ,0.5,F,0.1,96.61208082784516,1.058206077261752,0.050995148942755614,0.03539622286203519,0.9982036628975551
6,plate02,9,BL_1CZ,0.5,G,0.2,116.45410954590055,1.3444086583393688,-0.0007841772177411699,0.04496907842262961,0.9980048902066606
7,plate02,9,BL_1CZ,0.5,H,0.5,142.6016270064417,1.1505357113399641,0.015113023326238605,0.03848461767009905,0.9990245182659101
