,Plate,Column,Enzyme,E_Conc,Row,S_Conc,slope,slope stderr,int,int stderr,RSQ
0,plate09,3,BL_RY5,0.5,A,0.005,3.10112548750305,0.7055983070737419,0.010227694651638112,0.02360175432398043,0.5628897504513655
1,plate09,3,BL_RY5,0.5,B,0.01,6.599702804091904,1.3563851600865602,0.0030177433914765715,0.045370106366363426,0.6121485543274199
2,plate09,3,BL_RY5,0.5,C,0.02,13.549687407477622,0.8274554296522099,-0.0032910421593397225,0.027677781693027797,0.9470236054621222
3,plate09,3,BL_RY5,0.5,D,0.03,19.985329293111036,0.9179814822213727,-0.007100709500284809,0.03070581677544431,0.9693235548314395
4,plate09,3,BL_RY5,0.5,E,0.06,37.22437219736346,1.1341788899576997,0.024254778459988306,0.03793747032374046,0.9862660968026743
5,plate09,3,BL_RY5,0.5,F,0.1,58.27769884641388,1.2288871004593422,0.050801269785688864,0.04110538737856568,0.9933744274662338
6,plate09,3,BL_RY5,0.5,G,0.2,106.58910473576535,0.8846222216627758,-0.021285557469134873,0.029589989612709238,0.9989678724977776
7,plate09,3,BL_RY5,0.5,H,0.5,190.81733885916728,1.6223633375701043,0.0709353123077079,0.05426688549122636,0.9989168678495471
