,Plate,Column,Enzyme,E_Conc,Row,S_Conc,slope,slope stderr,int,int stderr,RSQ
0,plate02,6,BL_L5Q,0.5,A,0.005,3.615740000282629,0.8245445432265375,-0.007727104139201001,0.027580420664577852,0.5617803955150877
1,plate02,6,BL_L5Q,0.5,B,0.01,7.07182750047334,0.8954136829503654,0.006086987523125549,0.029950943551570432,0.8061408254336289
2,plate02,6,BL_L5Q,0.5,C,0.02,13.79827955403821,0.9848246557694293,0.010272918397373905,0.03294167700178115,0.9290126532762912
3,plate02,6,BL_L5Q,0.5,D,0.03,20.623494022066442,0.9926458354175917,0.011778415120277722,0.033203293075751344,0.9664169460105271
4,plate02,6,BL_L5Q,0.5,E,0.06,34.388932721689066,0.7615521572062127,0.05657908081230458,0.025473369947069457,0.9926975248154339
5,plate02,6,BL_L5Q,0.5,F,0.1,52.57585482412831,1.0208359447851942,0.028649778363024403,0.03414622286174204,0.9943768292841972
6,plate02,6,BL_L5Q,0.5,G,0.2,81.82844501636367,0.8773670874593026,0.06820176396678365,0.029347298811920774,0.9982785388335909
7,plate02,6,BL_L5Q,0.5,H,0.5,132.8974776226371,0.9830765547388395,-0.0038049348050698214,0.032883275258985094,0.9991798733087133
