,Plate,Column,Enzyme,E_Conc,Row,S_Conc,slope,slope stderr,int,int stderr,RSQ
0,plate11,2,BL_Q7J,0.5,A,0.005,0.8909899824245824,1.1100663778755933,-0.00541311757287438,0.03713092000653066,0.0411806595315396
1,plate11,2,BL_Q7J,0.5,B,0.01,1.9338955687021366,1.239359444143423,-0.010281853922716125,0.0414556793505512,0.13965398808208962
2,plate11,2,BL_Q7J,0.5,C,0.02,4.243558328369309,0.889608319741644,-0.04641932019304168,0.029756756701040492,0.6026938122474292
3,plate11,2,BL_Q7J,0.5,D,0.03,5.953719251548139,1.1830644254787255,-0.07448270554567409,0.039572651311317,0.6280279451781178
4,plate11,2,BL_Q7J,0.5,E,0.06,9.120878330949363,0.6338073160013133,-0.03902782467076917,0.021200397246624543,0.9324597748270645
5,plate11,2,BL_Q7J,0.5,F,0.1,12.72855734835141,1.1085482655728491,-0.023116076579254442,0.037080137912303884,0.8978484348684808
6,plate11,2,BL_Q7J,0.5,G,0.2,25.274817341571186,0.7357983925523242,-0.09739026279751539,0.024611925152910625,0.987447024193072
7,plate11,2,BL_Q7J,0.5,H,0.5,46.66950012868646,1.562808784442243,0.0399125692368211,0.05227482496083514,0.9834578415986186
