,Plate,Column,Enzyme,E_Conc,Row,S_Conc,slope,slope stderr,int,int stderr,RSQ
0,plate10,1,Blank,0.0,A,0.005,1.830768460873628,0.9649761262445611,-0.044110703856950824,0.032277755134380415,0.19352366302087376
1,plate10,1,Blank,0.0,B,0.01,0.8471687432783596,1.2068803259911738,-0.008703696154113065,0.040369276098011796,0.03180411130234484
2,plate10,1,Blank,0.0,C,0.02,-0.23831928255684307,1.2979824725922526,0.03430790453786979,0.04341657667842122,0.0022424092900169557
3,plate10,1,Blank,0.0,D,0.03,3.5097066129207475,1.184751660477615,-0.06835170490505489,0.03962908799225167,0.36910653970899665
4,plate10,1,Blank,0.0,E,0.06,3.7333430379203625,1.1847466163788352,0.0005519850634561794,0.039628909035068334,0.39831343996980273
5,plate10,1,Blank,0.0,F,0.1,5.923068324380708,0.8462238876882326,-0.03370697064875205,0.02830557873743589,0.7655947657272448
6,plate10,1,Blank,0.0,G,0.2,13.453205828221723,1.0067156895003235,-0.0777682826070468,0.03367391348626946,0.922513496180535
7,plate10,1,Blank,0.0,H,0.5,30.407833039609923,1.3053564357658443,-0.019702244975372134,0.043663237027437074,0.9731009736512876
