,Plate,Column,Enzyme,E_Conc,Row,S_Conc,slope,slope stderr,int,int stderr,RSQ
0,plate11,1,Blank,0.0,A,0.005,1.3179554002414822,1.1199322670851186,-0.043677148067897804,0.03746092662082116,0.08452285211499477
1,plate11,1,Blank,0.0,B,0.01,0.32438340585932,0.9723871487709997,-0.007326195123054623,0.032525648482919715,0.007364402760015487
2,plate11,1,Blank,0.0,C,0.02,0.7800836465168703,1.1325505747054905,-0.007987446947911356,0.03788299955174829,0.0306586263933748
3,plate11,1,Blank,0.0,D,0.03,2.872769126960077,0.9322509652749897,-0.03741906907376671,0.031183122097408013,0.3876524259644404
4,plate11,1,Blank,0.0,E,0.06,5.54849897188146,1.2500435516734725,-0.04091714207392972,0.04181305525847169,0.5677428365168737
5,plate11,1,Blank,0.0,F,0.1,5.464433202119274,1.0767172818913089,0.015075581015542575,0.036015415047761144,0.6319606042096848
6,plate11,1,Blank,0.0,G,0.2,10.954827731856309,0.9594388920684551,0.02257083671328155,0.03209253799410884,0.8968147777326837
7,plate11,1,Blank,0.0,H,0.5,29.379285036373506,1.4269148540802052,-0.0064747052195350775,0.047729291501500896,0.9658253212225655
