,Plate,Column,Enzyme,E_Conc,Row,S_Conc,slope,slope stderr,int,int stderr,RSQ
0,plate10,5,BL_GW7,0.5,A,0.005,0.00040372662096766095,8.40728852909687e-05,-0.0002594375057000732,0.00016873064008913037,0.6058874065671063
1,plate10,5,BL_GW7,0.5,B,0.01,0.00044524194744183996,0.0001255679018917594,0.00017026142323150307,0.00025200933954834564,0.4559872569194089
2,plate10,5,BL_GW7,0.5,C,0.02,0.0011574475690505851,0.00011262553411026382,-0.00027958108097068306,0.00022603457209252926,0.8756381824517633
3,plate10,5,BL_GW7,0.5,D,0.03,0.0015817167712055674,0.00011435874473615768,-4.54568734039419e-05,0.00022951307110387874,0.9272908865121243
4,plate10,5,BL_GW7,0.5,E,0.06,0.0032117728720189513,0.00014417105415374034,-0.00013443089089303407,0.00028934503421683747,0.97066231607337
5,plate10,5,BL_GW7,0.5,F,0.1,0.00497627124116855,0.0001293804969536219,9.032669410007061e-05,0.00025966109631629967,0.9899621757193114
6,plate10,5,BL_GW7,0.5,G,0.2,0.009073030647931822,0.00019517173282173426,-0.0004033027417024438,0.0003917011796004,0.9931068749472972
7,plate10,5,BL_GW7,0.5,H,0.5,0.017336456268841484,9.631162179001449e-05,-7.790194890666838e-05,0.0001932930737977238,0.9995372714869274
