,Plate,Column,Enzyme,E_Conc,Row,S_Conc,slope,slope stderr,int,int stderr,RSQ
0,plate03,10,BL_IQ5,0.5,A,0.005,5.769438807372399,1.0750453912329763,-0.03388000885918721,0.03595949312968163,0.6575451487783485
1,plate03,10,BL_IQ5,0.5,B,0.01,9.299828538353202,0.9901979040383089,0.028896982733324892,0.033121404770491907,0.8546618427243741
2,plate03,10,BL_IQ5,0.5,C,0.02,18.990850527756542,1.0202444397068606,-0.006247148808538038,0.03412644846493658,0.9585041131355256
3,plate03,10,BL_IQ5,0.5,D,0.03,27.517049043598192,0.9574656028911662,0.027232756210515952,0.032026533336933845,0.9821631749112752
4,plate03,10,BL_IQ5,0.5,E,0.06,52.273935690314346,1.1819168357390004,0.001706505936998763,0.039534225940110766,0.9923901317742377
5,plate03,10,BL_IQ5,0.5,F,0.1,79.5817533468023,1.0129906013357932,0.054308654640464825,0.033883804239787034,0.9975755077919999
6,plate03,10,BL_IQ5,0.5,G,0.2,137.05934954669556,0.9713575778063512,-0.03555875478721873,0.032491203633361464,0.999247156673401
7,plate03,10,BL_IQ5,0.5,H,0.5,232.86090669416305,1.1726106115630408,0.05851966145827558,0.03922299346281623,0.9996197743392262
