,Plate,Column,Enzyme,E_Conc,Row,S_Conc,slope,slope stderr,int,int stderr,RSQ
0,plate09,9,BL_5OP,0.5,A,0.005,0.18451669742072666,1.0508148329487497,0.01491308878510677,0.03514899806209248,0.0020513298928822588
1,plate09,9,BL_5OP,0.5,B,0.01,2.871106736721092,0.7523939055414468,-0.017391671293120598,0.025167033057598348,0.4925844257321357
2,plate09,9,BL_5OP,0.5,C,0.02,6.418119416090482,1.0247230342236289,-0.04295999078863094,0.03427624626519961,0.7233930859421811
3,plate09,9,BL_5OP,0.5,D,0.03,7.160444545604245,1.1924470469452433,0.02249698198451597,0.03988649357851735,0.7062165224940886
4,plate09,9,BL_5OP,0.5,E,0.06,15.538592511067527,0.8618871424056144,0.023597937865806794,0.02882950274053827,0.9558861661140426
5,plate09,9,BL_5OP,0.5,F,0.1,24.09245417393751,1.1841106718734635,0.032394905343066466,0.039607646799023115,0.965033196045532
6,plate09,9,BL_5OP,0.5,G,0.2,47.67543645153506,0.8599795033079477,-0.045248324091457175,0.02876569484311685,0.9951430478682358
7,plate09,9,BL_5OP,0.5,H,0.5,94.94277462679987,1.2275966420323499,0.005531800441112526,0.04106225636257899,0.9974985529126427
