,Plate,Column,Enzyme,E_Conc,Row,S_Conc,slope,slope stderr,int,int stderr,RSQ
0,plate10,10,BL_05Y,0.5,A,0.005,0.0005682789820461413,0.00010821046783056398,-0.0006002341784267049,0.00021717372292796202,0.6477168839416307
1,plate10,10,BL_05Y,0.5,B,0.01,0.0005425410627125649,0.0001250733937997678,4.1872377698481955e-07,0.00025101901160365267,0.5564193547372499
2,plate10,10,BL_05Y,0.5,C,0.02,0.0010258610134563104,0.00017731712454684647,0.00027251704804373886,0.00035586778819969464,0.69054006699533
3,plate10,10,BL_05Y,0.5,D,0.03,0.0013925017575438657,0.00010085234279444409,0.0006165233979347534,0.0002024062897174122,0.9270578458594086
4,plate10,10,BL_05Y,0.5,E,0.06,0.003080321078314443,0.00012411221186097175,0.00023168429413194174,0.00024908784926365457,0.9762272503118803
5,plate10,10,BL_05Y,0.5,F,0.1,0.005191270008219042,0.00013288195656526139,-8.307721513025078e-05,0.0002666883450316376,0.9902674030695982
6,plate10,10,BL_05Y,0.5,G,0.2,0.009354667526538487,0.00011853648336273472,3.735748237499244e-05,0.00023789754752506765,0.9975973312467169
7,plate10,10,BL_05Y,0.5,H,0.5,0.018553109733078093,0.0001642794840926369,0.0006280722928915019,0.00032970179860942296,0.9988253350944483
