,Plate,Column,Enzyme,E_Conc,Row,S_Conc,slope,slope stderr,int,int stderr,RSQ
0,plate03,2,BL_ZKJ,0.5,A,0.005,3.7932235883725567,1.0588298670188685,0.03081290921514944,0.035417094931430075,0.46109216799405506
1,plate03,2,BL_ZKJ,0.5,B,0.01,7.660450206837326,1.1551684027009796,0.04311409216754279,0.03863954869164687,0.7456602541070616
2,plate03,2,BL_ZKJ,0.5,C,0.02,16.82021082963775,1.1358590163194977,-0.0037190363828283565,0.037993651082955965,0.9359761544643466
3,plate03,2,BL_ZKJ,0.5,D,0.03,24.081658081726875,1.0313784142436648,0.041697164760320184,0.03449886412400233,0.9732226995263177
4,plate03,2,BL_ZKJ,0.5,E,0.06,48.31328670279244,1.3212620359275788,0.007474874583825501,0.04419525039833521,0.9889059437868946
5,plate03,2,BL_ZKJ,0.5,F,0.1,75.34410994640639,1.2635477692707664,0.016350619249881775,0.042264778274706254,0.9957990410792057
6,plate03,2,BL_ZKJ,0.5,G,0.2,131.00059992586836,1.02781256328073,0.006983011842250511,0.034379529737334116,0.9990774965594792
7,plate03,2,BL_ZKJ,0.5,H,0.5,233.20331407022977,1.101618763111043,0.003466602023628618,0.03684814876949346,0.9996654010193973
