,Plate,Column,Enzyme,E_Conc,Row,S_Conc,slope,slope stderr,int,int stderr,RSQ
0,plate05,4,BL_58D,0.5,A,0.005,0.1576059875424921,0.6565176813306122,0.05080904357299822,0.02196004275301327,0.003827331410441559
1,plate05,4,BL_58D,0.5,B,0.01,4.871215993850796,1.08703942867539,-0.016604364763984594,0.036360683824682515,0.572417468779187
2,plate05,4,BL_58D,0.5,C,0.02,6.9265583613193344,1.1287072814742158,0.02775634171243951,0.03775444434606978,0.7151500715523295
3,plate05,4,BL_58D,0.5,D,0.03,11.974235783473228,1.403508467824652,-0.008905333003019907,0.046946345094041685,0.8291357350291402
4,plate05,4,BL_58D,0.5,E,0.06,23.12944623853349,0.8026167425827245,-0.01953579228580564,0.026846950188963093,0.9822579981034963
5,plate05,4,BL_58D,0.5,F,0.1,34.91898877596083,1.2965118616042381,0.004376927480905577,0.04336734910451608,0.9797404185593168
6,plate05,4,BL_58D,0.5,G,0.2,60.58270410807539,0.9829326377732059,0.007581617011367612,0.03287837005289654,0.9960669595144609
7,plate05,4,BL_58D,0.5,H,0.5,119.79639979748123,1.3904647279127782,-0.02675802352768547,0.04651005269905452,0.997983269705456
