,Plate,Column,Enzyme,E_Conc,Row,S_Conc,slope,slope stderr,int,int stderr,RSQ
0,plate10,11,BL_Z8H,0.5,A,0.005,0.00041309976135596937,0.0001799158377298906,6.633056955511113e-05,0.000361083290029311,0.26006124728753877
1,plate10,11,BL_Z8H,0.5,B,0.01,0.000719714862849388,0.00010604032335565534,0.000332360403193918,0.0002128183375449692,0.7543634306683462
2,plate10,11,BL_Z8H,0.5,C,0.02,0.001683328813317485,0.00011929471636927976,3.047593277499503e-05,0.0002394192876525055,0.9299429533905448
3,plate10,11,BL_Z8H,0.5,D,0.03,0.002328307079244398,0.00011445177590037847,0.00025392077851834607,0.0002296997686223986,0.965022149414326
4,plate10,11,BL_Z8H,0.5,E,0.06,0.004937758589357239,0.00017936947692998986,-0.00027400716401285434,0.0003599868134276966,0.9805904062856885
5,plate10,11,BL_Z8H,0.5,F,0.1,0.007666581143584795,0.0001439223190900765,-0.0004272549546946302,0.00028884584788160133,0.9947415929351765
6,plate10,11,BL_Z8H,0.5,G,0.2,0.013094282059878615,0.0001182802671286873,6.794511779650847e-06,0.00023738492959297472,0.9987775732519637
7,plate10,11,BL_Z8H,0.5,H,0.5,0.02468758223848988,0.00014285644312354747,2.8360004942440398e-05,0.0002867067642370801,0.9994979803470212
