,Plate,Column,Enzyme,E_Conc,Row,S_Conc,slope,slope stderr,int,int stderr,RSQ
0,plate04,10,BL_Z4Z,0.5,A,0.005,0.0005973702535130238,0.00013498307175751964,-0.0006167993340880019,0.0002709051832870663,0.5662887861497614
1,plate04,10,BL_Z4Z,0.5,B,0.01,0.0009549941560516725,0.00014201553547719725,-0.0005132284014898446,0.0002850190336615272,0.7509129556766874
2,plate04,10,BL_Z4Z,0.5,C,0.02,0.0014805405446118726,0.0001114869949299882,-6.665924884550262e-05,0.00022374957816269207,0.9216123612769778
3,plate04,10,BL_Z4Z,0.5,D,0.03,0.0022386681032799905,0.00013516865756140525,-9.309228087808888e-05,0.0002712776240780603,0.9481508914881955
4,plate04,10,BL_Z4Z,0.5,E,0.06,0.004159981676708377,0.00014577108895799827,4.228535776648292e-05,0.0002925563387918118,0.981914730092493
5,plate04,10,BL_Z4Z,0.5,F,0.1,0.006427153655731838,0.00017244177813521833,0.0002516412962082616,0.0003460831577445509,0.9893174598806667
6,plate04,10,BL_Z4Z,0.5,G,0.2,0.011683589686698366,9.909126323292902e-05,-7.502582912264984e-05,0.00019887187444982718,0.9989221914003893
7,plate04,10,BL_Z4Z,0.5,H,0.5,0.022184025748542655,9.129161657169103e-05,0.0003606158450737302,0.0001832183133903918,0.9997460417814273
