,Plate,Column,Enzyme,E_Conc,Row,S_Conc,slope,slope stderr,int,int stderr,RSQ
0,plate09,2,BL_I07,0.5,A,0.005,46.6931223501008,1.494785600489228,0.3206457294819618,0.04999949953165795,0.9848602795091236
1,plate09,2,BL_I07,0.5,B,0.01,91.46878039302082,1.8763786187622244,0.303398445991061,0.06276351065096496,0.9937273125251752
2,plate09,2,BL_I07,0.5,C,0.02,153.0776818648385,1.725966976750781,0.31104638903879345,0.05773234971885403,0.9980967097367578
3,plate09,2,BL_I07,0.5,D,0.03,194.0023503183893,1.727634724929654,0.2699277570199588,0.05778813830965833,0.9988118672201384
4,plate09,2,BL_I07,0.5,E,0.06,260.3073815383113,1.6403674436216409,0.07856425521331543,0.05486909744914127,0.9994046916632904
5,plate09,2,BL_I07,0.5,F,0.1,295.89744107285566,1.1423950707989596,0.064273923205419,0.038212289363377776,0.9997764655205403
6,plate09,2,BL_I07,0.5,G,0.2,333.171155112226,1.2310040880538844,0.004431729220743456,0.04117596442138377,0.9997952687651002
7,plate09,2,BL_I07,0.5,H,0.5,370.7515000808364,0.8265229490734065,0.008503590327527065,0.027646622390292853,0.9999254583508379
