,Plate,Column,Enzyme,E_Conc,Row,S_Conc,slope,slope stderr,int,int stderr,RSQ
0,plate07,2,BL_HCP,0.5,A,0.005,5.59529716321638,0.918396984220971,-0.07067180494592995,0.03071971626557464,0.7121919651617019
1,plate07,2,BL_HCP,0.5,B,0.01,9.045860165028532,1.4221230225009316,-0.012347312581323747,0.04756899203341668,0.7295345303109256
2,plate07,2,BL_HCP,0.5,C,0.02,15.55130264105858,0.6763656484126005,0.011883594359785435,0.02262394458170221,0.9724088515540836
3,plate07,2,BL_HCP,0.5,D,0.03,22.692829612104486,1.2257309674724675,0.023607346768032746,0.040999817239514846,0.9580721602336519
4,plate07,2,BL_HCP,0.5,E,0.06,44.27110656548023,1.4026899585881107,-0.04278369054481658,0.046918968114324146,0.9851651589897763
5,plate07,2,BL_HCP,0.5,F,0.1,65.66504586255424,0.8994399462656195,-0.0032485032616156586,0.03008560454785883,0.9971936192432229
6,plate07,2,BL_HCP,0.5,G,0.2,106.75226924304442,1.3126745763468286,0.005888235492045856,0.04390794735136541,0.9977370982742363
7,plate07,2,BL_HCP,0.5,H,0.5,177.69507143074148,1.1277288551613127,0.03863364052167324,0.037721713101940155,0.9993962081212004
