,Plate,Column,Enzyme,E_Conc,Row,S_Conc,slope,slope stderr,int,int stderr,RSQ
0,plate01,10,BL_4JL,0.5,A,0.005,0.0012207137506924227,0.00012040826551862532,-0.0001657344389146143,0.00024165416409879887,0.872645585258818
1,plate01,10,BL_4JL,0.5,B,0.01,0.0016547423440417572,0.00014398631981365196,0.0007565085477670343,0.00028897431436815364,0.8980107235110714
2,plate01,10,BL_4JL,0.5,C,0.02,0.0038793061719682104,0.00011877504378958082,-0.00010878444136424034,0.00023837641947529719,0.9861334105819086
3,plate01,10,BL_4JL,0.5,D,0.04,0.005348389821749368,0.00012921679520587026,0.0001577490838551455,0.00025933251139905426,0.9913204512394646
4,plate01,10,BL_4JL,0.5,E,0.08,0.00932265456180632,0.00012887336369546537,-0.00011242202563112271,0.0002586431510219723,0.9971417879937805
5,plate01,10,BL_4JL,0.5,F,0.16,0.012937534733533346,0.00011138896467645092,0.0002338738166577879,0.00022355287374673942,0.9988893167877415
6,plate01,10,BL_4JL,0.5,G,0.32,0.01851386178970456,0.00013563272256388422,0.00044138056466960166,0.000272209072617276,0.99919559062983
7,plate01,10,BL_4JL,0.5,H,0.5,0.026059851430736764,0.0001366960405802932,0.0004919182185351155,0.00027434306902166623,0.9995874461164685
