,Plate,Column,Enzyme,E_Conc,Row,S_Conc,slope,slope stderr,int,int stderr,RSQ
0,plate09,12,BL_CYO,0.5,A,0.005,0.5188260536593827,0.5973001386762559,0.05348303258811988,0.019979258957025285,0.04789097803685094
1,plate09,12,BL_CYO,0.5,B,0.01,3.0240408351748043,1.4247885229980675,0.0419635418397795,0.047658148547889585,0.23095809396043976
2,plate09,12,BL_CYO,0.5,C,0.02,9.397178784860996,1.1281934713160853,-0.06018080259878871,0.03773725743532734,0.822230577837497
3,plate09,12,BL_CYO,0.5,D,0.03,10.142561437054876,0.7531679709130799,0.03167744785158612,0.025192926072682136,0.9236048320341086
4,plate09,12,BL_CYO,0.5,E,0.06,20.95830874617241,0.9004947576883678,-0.008037155320009584,0.030120897748980035,0.9730549625784869
5,plate09,12,BL_CYO,0.5,F,0.1,30.770792463353352,0.9904327010340755,0.014681718344859013,0.03312926319635126,0.9846973511983971
6,plate09,12,BL_CYO,0.5,G,0.2,54.337836262244934,1.0206287805657404,0.011382810001359468,0.034139308233103745,0.9947358244301779
7,plate09,12,BL_CYO,0.5,H,0.5,96.60263626910576,1.0536685672062505,0.03266430778417533,0.03524445040551165,0.9982186612383325
