,Plate,Column,Enzyme,E_Conc,Row,S_Conc,slope,slope stderr,int,int stderr,RSQ
0,plate07,5,BL_QBF,0.5,A,0.005,0.0009078510851046013,0.00012888669937491758,-3.7899692320887757e-05,0.00025867003007158434,0.7678557776217128
1,plate07,5,BL_QBF,0.5,B,0.01,0.0017841484245941204,0.00014745196373070895,-0.00010197962380576953,0.0002959297354116746,0.907066995741645
2,plate07,5,BL_QBF,0.5,C,0.02,0.0033951825287974876,0.00015492788100629183,-9.8450233262501e-05,0.00031093358372486076,0.9697122349562568
3,plate07,5,BL_QBF,0.5,D,0.03,0.004977796426899889,0.00010754074256613967,8.176580555530188e-05,0.00021582956299667685,0.9930476236060831
4,plate07,5,BL_QBF,0.5,E,0.06,0.008938524212213745,0.00013887685679350302,0.0003647656248363558,0.00027871981183424856,0.9963921418157351
5,plate07,5,BL_QBF,0.5,F,0.1,0.013679032721823657,0.00012564198501068756,0.00017144634017945588,0.00025215796942602294,0.9987361366598778
6,plate07,5,BL_QBF,0.5,G,0.2,0.02219040819203962,0.00015332590967909982,0.0005953852274233168,0.0003077184617309633,0.9992843831510018
7,plate07,5,BL_QBF,0.5,H,0.5,0.036592523829507666,0.00012181576995475505,-0.0001152465094309874,0.00024447879742079364,0.9998337964179269
