,Plate,Column,Enzyme,E_Conc,Row,S_Conc,slope,slope stderr,int,int stderr,RSQ
0,plate03,5,BL_9Q3,0.5,A,0.005,3.248050137864621,0.9646397442924658,0.012775043816618557,0.03226650360018154,0.43046860035515455
1,plate03,5,BL_9Q3,0.5,B,0.01,6.227549175053239,0.9026280260412305,0.02654000606595883,0.030192256574311575,0.7603874649210377
2,plate03,5,BL_9Q3,0.5,C,0.02,13.34707422250055,1.0845725185476984,-0.06353747403361103,0.03627816842448301,0.9098801405720751
3,plate03,5,BL_9Q3,0.5,D,0.03,17.47296185589512,1.6146842492632454,-0.005412576940956299,0.05401000889904909,0.8864499224472925
4,plate03,5,BL_9Q3,0.5,E,0.06,32.85421730864643,1.3726044854504176,-0.026908828297736265,0.045912624439065984,0.9744861924468107
5,plate03,5,BL_9Q3,0.5,F,0.1,46.28716738553754,1.0097151385739045,0.04449938352324214,0.03377424325730687,0.9929127286966002
6,plate03,5,BL_9Q3,0.5,G,0.2,77.06487603191157,0.8717724098558034,0.03439461541268294,0.029160153324210944,0.9980841946599684
7,plate03,5,BL_9Q3,0.5,H,0.5,130.65002233749937,0.9826150328578768,-0.009307173899553245,0.03286780466636572,0.9991522426369797
