,Plate,Column,Enzyme,E_Conc,Row,S_Conc,slope,slope stderr,int,int stderr,RSQ
0,plate03,5,BL_9Q3,0.5,A,0.005,0.00041062792753495433,0.00012195255682754897,9.690348751885473e-05,0.00024475350329756384,0.43046860035515455
1,plate03,5,BL_9Q3,0.5,B,0.01,0.0007873048453172341,0.00011411285538589361,0.00020131587675788562,0.00022901956346395357,0.7603874649210377
2,plate03,5,BL_9Q3,0.5,C,0.02,0.0016873758698330316,0.00013711480631435058,-0.0004819555150164086,0.00027518348207586157,0.9098801405720751
3,plate03,5,BL_9Q3,0.5,D,0.03,0.002208982561919607,0.0002041330702284668,-4.105642137684891e-05,0.00040968612698093795,0.8864499224472925
4,plate03,5,BL_9Q3,0.5,E,0.06,0.004153525528119421,0.00017352864372846064,-0.00020411353139193297,0.000348264435970172,0.9744861924468107
5,plate03,5,BL_9Q3,0.5,F,0.1,0.00585175807276255,0.00012765111902670784,0.00033754447481673,0.0002561902727633456,0.9929127286966002
6,plate03,5,BL_9Q3,0.5,G,0.2,0.009742765347682262,0.00011021199881372082,0.00026089602769291593,0.00022119067411923045,0.9980841946599684
7,plate03,5,BL_9Q3,0.5,H,0.5,0.016517155101587574,0.00012422504499034258,-7.0598396589288e-05,0.0002493145968795878,0.9991522426369797
