,Plate,Column,Enzyme,E_Conc,Row,S_Conc,slope,slope stderr,int,int stderr,RSQ
0,plate07,12,BL_UHY,0.5,A,0.005,1.4594739556621814,0.7412006861276285,-0.013695491670400885,0.024792628093258023,0.20539170912837146
1,plate07,12,BL_UHY,0.5,B,0.01,2.469430897033566,1.2692048235701816,-0.007751354163554659,0.042453985669312154,0.20151437721448262
2,plate07,12,BL_UHY,0.5,C,0.02,6.422534014905694,1.0162672043793513,0.009593432680425945,0.033993404055569186,0.7269698386701005
3,plate07,12,BL_UHY,0.5,D,0.03,8.162126546066546,1.449241751954273,0.04970637240245502,0.048476090005907795,0.6789342568301308
4,plate07,12,BL_UHY,0.5,E,0.06,17.87466563236889,1.0307010714806584,0.06641913727358871,0.034476207956471036,0.9524945521138997
5,plate07,12,BL_UHY,0.5,F,0.1,31.64241925242948,0.9168904353412299,-0.009718207043649887,0.030669325863891626,0.987561982975444
6,plate07,12,BL_UHY,0.5,G,0.2,57.94175346422682,1.1600474707052837,-0.002128026306896423,0.03880268383120168,0.9940233991438128
7,plate07,12,BL_UHY,0.5,H,0.5,117.58949921292901,1.061010543888543,-0.012700942547859825,0.03549005297312397,0.998780268745798
