,Plate,Column,Enzyme,E_Conc,Row,S_Conc,slope,slope stderr,int,int stderr,RSQ
0,plate01,11,BL_X9n,0.5,A,0.005,2.791921152022941,1.1622934126691076,0.0037236455682625107,0.03887787359180636,0.2778040835062525
1,plate01,11,BL_X9n,0.5,B,0.01,5.158869502923412,0.8980892687793848,0.0003898144271305692,0.030040412520988727,0.6874785312851054
2,plate01,11,BL_X9n,0.5,C,0.02,8.443334005896379,0.8836041086930239,0.02678207034872306,0.02955592090638644,0.858901558290751
3,plate01,11,BL_X9n,0.5,D,0.04,10.613833282355795,1.0261312477952211,0.02212488404790727,0.034323350064114334,0.877037993633319
4,plate01,11,BL_X9n,0.5,E,0.08,17.076699727163096,1.0593639795708647,-0.017286351365723828,0.03543496238545645,0.9454241493479554
5,plate01,11,BL_X9n,0.5,F,0.16,21.43569864184035,0.7857248683531658,-0.057397025538444696,0.02628192972249035,0.9802443506102533
6,plate01,11,BL_X9n,0.5,G,0.32,24.802761660486155,1.0590382315601887,0.0013306810656888968,0.0354240867490632,0.9733805323201437
7,plate01,11,BL_X9n,0.5,H,0.5,29.594002517500886,1.1122025814509013,-0.041441657351295215,0.03720237493363609,0.9792534052090196
