,Plate,Column,Enzyme,E_Conc,Row,S_Conc,slope,slope stderr,int,int stderr,RSQ
0,plate08,10,BL_2RM,0.5,A,0.005,4.408017379102398,1.1863913608058818,0.02141536280744367,0.039683935395781945,0.47925374396602416
1,plate08,10,BL_2RM,0.5,B,0.01,7.319483811818681,1.006826021144245,0.06174734602786306,0.033677604025276,0.7789268846341035
2,plate08,10,BL_2RM,0.5,C,0.02,17.552711354627665,1.2409713848707122,0.04580339179970589,0.04150959719405758,0.9302527139910515
3,plate08,10,BL_2RM,0.5,D,0.03,25.095076545996903,1.2452118567948236,-0.002335668973657462,0.041651459340930924,0.9643834827842148
4,plate08,10,BL_2RM,0.5,E,0.06,47.815849313221165,1.17225919906125,-0.00038072751428859975,0.03921124149890203,0.9910651633430813
5,plate08,10,BL_2RM,0.5,F,0.1,74.40875907416181,0.8721502484353464,0.02398520190602745,0.02917280020189536,0.9979434839226305
6,plate08,10,BL_2RM,0.5,G,0.2,124.70321476172681,0.48136981744759233,-0.008967928529869594,0.016101492076192898,0.9997765401561104
7,plate08,10,BL_2RM,0.5,H,0.5,215.69053193687455,1.04700930844657,-0.022711757321903555,0.03502172197532739,0.9996466715042527
