,Plate,Column,Enzyme,E_Conc,Row,S_Conc,slope,slope stderr,int,int stderr,RSQ
0,plate01,9,BL_n5l,0.5,A,0.005,0.004955066862045679,0.0001219146462744729,0.0009741430055275148,0.00024467742198362036,0.9910013312665896
1,plate01,9,BL_n5l,0.5,B,0.01,0.00922439978984121,0.000191422856394773,0.001572654806995863,0.00038417738268769607,0.9935819032708262
2,plate01,9,BL_n5l,0.5,C,0.02,0.016036685049542344,0.00017792380258863859,0.0014936845329949302,0.0003570853679271403,0.9981569844120078
3,plate01,9,BL_n5l,0.5,D,0.04,0.020643701867263005,0.00020765598875791198,0.0019369261322816885,0.0004167565759663454,0.9984845331779227
4,plate01,9,BL_n5l,0.5,E,0.08,0.029379529817435877,0.0001888404808205623,0.0010898938193793976,0.0003789946929202126,0.9993806688492034
5,plate01,9,BL_n5l,0.5,F,0.16,0.03506520328433471,0.00018026242198977506,0.0003819299551258925,0.00036177898286871604,0.9996037431246838
6,plate01,9,BL_n5l,0.5,G,0.32,0.04114721285626315,0.0001656597407237702,-0.00035912841374643073,0.0003324719573707469,0.9997569256449336
7,plate01,9,BL_n5l,0.5,H,0.5,0.04666882386733147,0.0001621809630070322,0.00014957444394269104,0.0003254901787126931,0.9998188828457274
