,Plate,Column,Enzyme,E_Conc,Row,S_Conc,slope,slope stderr,int,int stderr,RSQ
0,plate05,6,BL_T9W,0.5,A,0.005,0.00029569358283929595,0.00012888662361455847,-0.00013358246360661873,0.00025866987131177604,0.2597498697655243
1,plate05,6,BL_T9W,0.5,B,0.01,0.0005676535963149462,0.00013172193510620507,-1.45787990096831e-05,0.0002643601699698934,0.5531945261299664
2,plate05,6,BL_T9W,0.5,C,0.02,0.0010377360156929936,9.777747782701607e-05,-3.7871673799333674e-05,0.00019623514765050592,0.8824828692501988
3,plate05,6,BL_T9W,0.5,D,0.03,0.00152573807722464,0.0001586066295744866,-0.00017746932196035457,0.000318316630095361,0.860513672513348
4,plate05,6,BL_T9W,0.5,E,0.06,0.002649428584765168,0.00011172023335777444,-0.00019769062949270618,0.00022421766498924964,0.9740212108894015
5,plate05,6,BL_T9W,0.5,F,0.1,0.003497108818297258,0.00012124192407478428,0.0005865652674773053,0.00024332728740948678,0.9822900118550022
6,plate05,6,BL_T9W,0.5,G,0.2,0.005790568828331313,0.00015601036529362162,0.00023684361209821167,0.0003131061009739325,0.9892290810658534
7,plate05,6,BL_T9W,0.5,H,0.5,0.009924090003824108,8.677979348329138e-05,0.00021975806066838123,0.00017416331473944123,0.9988543573963958
