,Plate,Column,Enzyme,E_Conc,Row,S_Conc,slope,slope stderr,int,int stderr,RSQ
0,plate05,10,BL_BF2,0.5,A,0.005,0.00018342743256139678,9.57306656907502e-05,0.00014687395531551281,0.00019212729920304577,0.19663037493743074
1,plate05,10,BL_BF2,0.5,B,0.01,0.0003784755552156358,0.00014156848647226274,0.00036887366726168105,0.0002841218218309425,0.322716782055151
2,plate05,10,BL_BF2,0.5,C,0.02,0.0010487542484519904,0.00011838100359543262,0.00013155742684589525,0.000237585554966265,0.8395454280237997
3,plate05,10,BL_BF2,0.5,D,0.03,0.001663266248495899,0.0001716992387512941,0.00021436945588104137,0.00034459294238988586,0.8621826895998952
4,plate05,10,BL_BF2,0.5,E,0.06,0.003195774005134812,0.00016303381740483607,6.900681291968083e-06,0.00032720187926312856,0.9624281272767623
5,plate05,10,BL_BF2,0.5,F,0.1,0.005313676712309493,7.967433065311075e-05,-0.00010431546442113192,0.00015990294152795758,0.9966389411064261
6,plate05,10,BL_BF2,0.5,G,0.2,0.009163877215011973,0.00016419941628639692,0.0004854964138715544,0.0003295411036502913,0.9952071993479696
7,plate05,10,BL_BF2,0.5,H,0.5,0.018320719182892138,0.0001377189351359438,2.536148810877622e-05,0.00027639688035848206,0.9991531083853876
