,Plate,Column,Enzyme,E_Conc,Row,S_Conc,slope,slope stderr,int,int stderr,RSQ
0,plate09,8,BL_51A,0.5,A,0.005,1.7867806685921346,0.977369195409403,0.04094478996838651,0.03269229455010222,0.1822112126442783
1,plate09,8,BL_51A,0.5,B,0.01,7.254055487049194,0.8960786315804846,-0.039667541833224094,0.029973184167810835,0.813744243888386
2,plate09,8,BL_51A,0.5,C,0.02,11.092660454711552,0.9504639298824028,0.0028448547203678595,0.03179233030787359,0.9007984384289311
3,plate09,8,BL_51A,0.5,D,0.03,18.865628799725844,0.9698719465443141,-0.057488941986369786,0.03244151764910767,0.9618677100075043
4,plate09,8,BL_51A,0.5,E,0.06,33.09032142589903,0.799809591503837,0.033584500747690246,0.026753055370734576,0.9913129307759141
5,plate09,8,BL_51A,0.5,F,0.1,53.72049464746653,1.2337851854694084,0.0033058012847927798,0.041269285004538324,0.9921499711764469
6,plate09,8,BL_51A,0.5,G,0.2,96.27872787937274,1.1609054014097266,0.05002955009130335,0.038831440255461834,0.9978239046340868
7,plate09,8,BL_51A,0.5,H,0.5,191.88177221392675,0.9185163703862389,0.03352505473735299,0.03072372132467344,0.9996564029053666
