,Plate,Column,Enzyme,E_Conc,Row,S_Conc,slope,slope stderr,int,int stderr,RSQ
0,plate10,7,BL_146,0.5,A,0.005,11.11593570889848,0.8731485775592327,-0.0669551777404219,0.02920618964766443,0.9152900826164958
1,plate10,7,BL_146,0.5,B,0.01,19.249548572308655,0.7748952919704037,-0.048023584923859296,0.025919687892511967,0.9762695541422748
2,plate10,7,BL_146,0.5,C,0.02,33.48666769387074,1.0329174552933957,-0.011864358013531735,0.034550337607603544,0.9859290350300378
3,plate10,7,BL_146,0.5,D,0.03,43.74328156557466,0.7988986616335592,0.051420415004851616,0.02672258297465903,0.9950216606621041
4,plate10,7,BL_146,0.5,E,0.06,74.33964456253584,0.9606943044779146,0.02154495259738064,0.032134522550389566,0.9975011880943889
5,plate10,7,BL_146,0.5,F,0.1,100.94508092416922,1.248257980429817,0.051499331406489116,0.04175332475046064,0.9977115869201197
6,plate10,7,BL_146,0.5,G,0.2,141.86667438256063,0.850088705852405,-0.029028612043643476,0.02843484377960213,0.9994616993977009
7,plate10,7,BL_146,0.5,H,0.5,193.39318753475382,0.8816527772329524,-0.05802351803378184,0.02949065507369464,0.999688348632521
