,Plate,Column,Enzyme,E_Conc,Row,S_Conc,slope,slope stderr,int,int stderr,RSQ
0,plate08,9,BL_1MO,0.5,A,0.005,0.001482721947285898,0.00014909490106911397,7.444734871954269e-05,0.00029922698017168957,0.8683049213901027
1,plate08,9,BL_1MO,0.5,B,0.01,0.0027261874925074057,9.431838660665727e-05,-2.5422709689187562e-05,0.00018929286820651436,0.9823622113871048
2,plate08,9,BL_1MO,0.5,C,0.02,0.004521901235492303,0.00015826288144313568,-0.00026006446715015364,0.0003176267345350409,0.9819573737197275
3,plate08,9,BL_1MO,0.5,D,0.03,0.005857473273482278,0.00015578909115289243,-0.0002801687773757546,0.0003126619541084472,0.9895006849173842
4,plate08,9,BL_1MO,0.5,E,0.06,0.008170956262454687,0.00010946262691394649,-1.9776107760345638e-05,0.00021968657217390596,0.997315214054918
5,plate08,9,BL_1MO,0.5,F,0.1,0.009792735554894858,9.88270946334012e-05,0.00038604770356423523,0.00019834171000418347,0.9984746401867831
6,plate08,9,BL_1MO,0.5,G,0.2,0.012264509677187951,8.751834822937735e-05,7.382485576201692e-05,0.00017564552127161562,0.9992367680533889
7,plate08,9,BL_1MO,0.5,H,0.5,0.015903258968276848,0.00018187637551617835,-2.9286578141010503e-05,0.0003650175129352553,0.9980419741142824
