,Plate,Column,Enzyme,E_Conc,Row,S_Conc,slope,slope stderr,int,int stderr,RSQ
0,plate02,12,BL_2IS,0.5,A,0.005,0.005610052849095493,0.0001320284021967702,0.0009902048783214615,0.00026497528448533647,0.9917605368040517
1,plate02,12,BL_2IS,0.5,B,0.01,0.010217445253828977,0.0001403444154340756,0.002184287279234369,0.00028166517057923006,0.9971779184393742
2,plate02,12,BL_2IS,0.5,C,0.02,0.018039013719933092,0.0002506763163782999,0.0019910623179437014,0.0005030964944661056,0.9971117416396125
3,plate02,12,BL_2IS,0.5,D,0.03,0.023407113293352957,0.00020864916165571522,0.002721205914879341,0.0004187498299812377,0.9988095489812188
4,plate02,12,BL_2IS,0.5,E,0.06,0.033289132605988314,0.00022591614409232043,0.0018439767467025947,0.00045340392666063344,0.9993096315990475
5,plate02,12,BL_2IS,0.5,F,0.1,0.040235821933878674,0.00014901684473869422,0.00035706700303610075,0.0002990704360191276,0.9997942940570805
6,plate02,12,BL_2IS,0.5,G,0.2,0.04658928322759442,0.00015844862941915715,0.00043481223089487627,0.0003179995578675633,0.999826531246164
7,plate02,12,BL_2IS,0.5,H,0.5,0.0530336615632796,0.0002165372302254383,3.646269952239933e-05,0.00043457721245547857,0.9997500025199679
