,Plate,Column,Enzyme,E_Conc,Row,S_Conc,slope,slope stderr,int,int stderr,RSQ
0,plate08,4,BL_17L,0.5,A,0.005,0.0006073510756410673,0.0001488264060658157,-0.00013957123379442003,0.0002986881557352692,0.526126850022137
1,plate08,4,BL_17L,0.5,B,0.01,0.001057581593513704,0.00014823694850189784,5.379712722144807e-06,0.00029750519545944615,0.7723805836075057
2,plate08,4,BL_17L,0.5,C,0.02,0.00194903993767179,0.00012755888076340595,0.0003649160154430605,0.0002560051449166618,0.939629109457857
3,plate08,4,BL_17L,0.5,D,0.03,0.0029723538015547124,0.00014925477044210058,0.00013180287082516278,0.0002995478779225888,0.9635561695761138
4,plate08,4,BL_17L,0.5,E,0.06,0.0056542712824887474,0.00012150169094971576,2.6842690204499092e-05,0.00024384880624028,0.9931213019282329
5,plate08,4,BL_17L,0.5,F,0.1,0.009153339526214967,0.000151436163115131,-0.0004130666515649825,0.0003039258040032752,0.9959110500364026
6,plate08,4,BL_17L,0.5,G,0.2,0.015304291810794707,0.00013133387158502185,0.0002521257332542409,0.00026358131606695346,0.9988965871312426
7,plate08,4,BL_17L,0.5,H,0.5,0.027715191900946824,0.00014833107890068563,-0.00021937567297082585,0.0002976940165049147,0.9995705305830161
