,Plate,Column,Enzyme,E_Conc,Row,S_Conc,slope,slope stderr,int,int stderr,RSQ
0,plate09,1,Blank,0.0,A,0.005,0.06456264201987975,1.2664277829464923,-0.00785056613123315,0.04236109469800483,0.00017323646413125449
1,plate09,1,Blank,0.0,B,0.01,0.38000064250897114,1.375072415876126,0.010101118124155522,0.045995179956918646,0.0050654873429656355
2,plate09,1,Blank,0.0,C,0.02,-0.7281747414691795,0.9699278651343102,0.07217597795794949,0.03244338717170303,0.03621442179538259
3,plate09,1,Blank,0.0,D,0.03,0.6539977067500617,0.8313043240381501,0.009918262388173005,0.027806529502963362,0.039626112034587435
4,plate09,1,Blank,0.0,E,0.06,2.936887004224899,0.9251920196268664,0.008761376306756163,0.030947005580746288,0.4018309563752597
5,plate09,1,Blank,0.0,F,0.1,6.22830078165951,0.9438033163973228,-0.019149558041761525,0.031569540057763,0.7438034320137585
6,plate09,1,Blank,0.0,G,0.2,13.50820108003924,1.2423409045469969,-0.019483465461714488,0.041555407931593354,0.8874094710486351
7,plate09,1,Blank,0.0,H,0.5,30.69041737050678,0.8503020426494857,-0.043962907268932316,0.0284419877228013,0.9886169142338425
