,Plate,Column,Enzyme,E_Conc,Row,S_Conc,slope,slope stderr,int,int stderr,RSQ
0,plate08,3,BL_B8C,0.5,A,0.005,0.0005098709173715044,0.000168767343323645,-0.0002792741112709614,0.00033870875380637573,0.3782983295458173
1,plate08,3,BL_B8C,0.5,B,0.01,0.0009167509557979256,0.0001267099642914541,-0.00031789629520429674,0.0002543014115167366,0.7772686988558829
2,plate08,3,BL_B8C,0.5,C,0.02,0.0014859574489085976,0.00013125198417032193,-3.2087464280022684e-05,0.00026341703427965323,0.8952326828319673
3,plate08,3,BL_B8C,0.5,D,0.03,0.0023668537563705386,0.00012299201287172774,-0.00024186064851768223,0.00024683964580022563,0.9610723389688929
4,plate08,3,BL_B8C,0.5,E,0.06,0.004116899979767409,0.00010859346496531581,0.00030979872362051634,0.00021794240184942008,0.9896712181253317
5,plate08,3,BL_B8C,0.5,F,0.1,0.006704632360861022,0.00015887156375419574,-0.00033213394373024925,0.00031884838025337625,0.991647983911912
6,plate08,3,BL_B8C,0.5,G,0.2,0.011826588272259181,0.00012435157025703992,0.00022857195065051396,0.00024956818592605237,0.9983444028788843
7,plate08,3,BL_B8C,0.5,H,0.5,0.022776910237615633,9.198210985089169e-05,-4.811562782669476e-05,0.00018460357792945625,0.9997554326897659
