,Plate,Column,Enzyme,E_Conc,Row,S_Conc,slope,slope stderr,int,int stderr,RSQ
0,plate12,12,BL_AWA,0.5,A,0.005,0.0012102204155051246,0.00012794232329301885,0.00013400354793152106,0.00025677471973543556,0.8564245990025559
1,plate12,12,BL_AWA,0.5,B,0.01,0.0026495721705934493,9.633981485762621e-05,-0.00018265976032372935,0.00019334983789906897,0.9805543273501306
2,plate12,12,BL_AWA,0.5,C,0.02,0.004776554200999964,0.0001410662500539397,-0.00012905086956270146,0.00028311383203857946,0.9870859328060673
3,plate12,12,BL_AWA,0.5,D,0.03,0.006439065069814107,0.00015701134969284635,0.0004682151972790057,0.00031511497925933835,0.9911600168596406
4,plate12,12,BL_AWA,0.5,E,0.06,0.010969351868070132,9.754487479286336e-05,0.0006230123776608329,0.0001957683502079295,0.998815259240203
5,plate12,12,BL_AWA,0.5,F,0.1,0.01517612950315613,0.00015754129999616439,0.000399621877679829,0.0003161785756322942,0.9983861732210648
6,plate12,12,BL_AWA,0.5,G,0.2,0.021073401235372765,0.000114893230654438,0.0005444296320177113,0.00023058569908140933,0.9995543263635852
7,plate12,12,BL_AWA,0.5,H,0.5,0.02878178281895932,0.0001610050465104437,0.0007493043980188517,0.00032313022562267634,0.9995308285788784
