,Plate,Column,Enzyme,E_Conc,Row,S_Conc,slope,slope stderr,int,int stderr,RSQ
0,plate08,11,BL_Z9N,0.5,A,0.005,20.77813940217146,1.2082626724645849,0.06945646135754033,0.04041551530175145,0.951726067799825
1,plate08,11,BL_Z9N,0.5,B,0.01,41.15580810348546,1.2323880663055837,0.02422583322427303,0.041222492989848626,0.9867284443523209
2,plate08,11,BL_Z9N,0.5,C,0.02,72.68350080708085,1.041617438854499,0.028001459262580984,0.03484135648895633,0.9969288530724877
3,plate08,11,BL_Z9N,0.5,D,0.03,96.31387860480753,0.8914602051411787,0.053205154461389306,0.029818697407614454,0.998716607915427
4,plate08,11,BL_Z9N,0.5,E,0.06,144.76971500752444,1.086640042684709,0.03064020512272009,0.036347332355202974,0.99915561414356
5,plate08,11,BL_Z9N,0.5,F,0.1,180.10186267204156,1.2928709689507705,0.03511841103538278,0.043245613247247204,0.9992276215075756
6,plate08,11,BL_Z9N,0.5,G,0.2,224.8779402203749,1.4853716882093266,-0.013176678362862132,0.04968454493365838,0.9993459964538941
7,plate08,11,BL_Z9N,0.5,H,0.5,271.07696650838056,1.1270647866718482,0.02060004378167438,0.037699554123244855,0.9997407649553516
