,Plate,Column,Enzyme,E_Conc,Row,S_Conc,slope,slope stderr,int,int stderr,RSQ
0,plate06,10,BL_21E,0.5,A,0.005,0.0007511188886394122,0.0001318040388973872,-0.0003639046814999069,0.0002645249988942893,0.684049597668485
1,plate06,10,BL_21E,0.5,B,0.01,0.0010739849603642842,0.00012538941108506427,6.588299211360151e-05,0.00025165113735929834,0.8302448711014029
2,plate06,10,BL_21E,0.5,C,0.02,0.001856944314582284,0.0001450008804968872,0.0001608597939345443,0.00029101047540360734,0.9162033571572041
3,plate06,10,BL_21E,0.5,D,0.03,0.0024063346813022225,0.0001899956857852402,0.00037645690092434007,0.000381313106865736,0.9144848299850521
4,plate06,10,BL_21E,0.5,E,0.06,0.004012151024622178,0.00011221173252374304,0.00011560523621180007,0.00022520409782292053,0.9884029564236386
5,plate06,10,BL_21E,0.5,F,0.1,0.005234304787891886,0.00011766455629092953,-4.1857746941209584e-05,0.0002361476809701071,0.9924771055589477
6,plate06,10,BL_21E,0.5,G,0.2,0.00715868695931419,0.00016978571742339287,-0.0003498115661754218,0.00034075261169249087,0.9916328446632267
7,plate06,10,BL_21E,0.5,H,0.5,0.010381515204416065,0.00017048570124181484,-0.00034774614385067097,0.0003421574634005392,0.9959710425986557
