,Plate,Column,Enzyme,E_Conc,Row,S_Conc,slope,slope stderr,int,int stderr,RSQ
0,plate01,4,BL_z1n,0.5,A,0.005,6.016981418590588,0.6042070139423552,-0.01571467167943719,0.02021028933327533,0.8686184063266649
1,plate01,4,BL_z1n,0.5,B,0.01,7.9691870543412495,1.335574702877158,0.05920239111160278,0.044674010525574584,0.7035773220117902
2,plate01,4,BL_z1n,0.5,C,0.02,15.616153100993245,0.9505801739483755,0.02972966174434976,0.03179622144229945,0.9473462401084798
3,plate01,4,BL_z1n,0.5,D,0.04,20.52280845531263,0.6563327760033327,0.01794138490145088,0.021953856034518365,0.984890377443693
4,plate01,4,BL_z1n,0.5,E,0.08,30.949782021160264,0.9575397530633307,0.00955374566923907,0.032029021132819364,0.9858453487001783
5,plate01,4,BL_z1n,0.5,F,0.16,37.3618661055228,1.0028094405187569,0.03915375595979306,0.03354325110269827,0.9893093750941365
6,plate01,4,BL_z1n,0.5,G,0.32,46.84331005399354,1.251081097968847,-0.04331144640857651,0.041847759503139285,0.9894136832307331
7,plate01,4,BL_z1n,0.5,H,0.5,53.165150750980175,0.8770109958743144,0.021368295347361326,0.029335384572731018,0.9959348383358941
