,Plate,Column,Enzyme,E_Conc,Row,S_Conc,slope,slope stderr,int,int stderr,RSQ
0,plate11,12,BL_H60,0.5,A,0.005,0.00021181046122285114,0.00013324855392405943,0.0002599531385333768,0.000267424080299553,0.14416748281488234
1,plate11,12,BL_H60,0.5,B,0.01,0.0006415412581478515,8.825124212157925e-05,-0.00040063861103922094,0.00017711642141166452,0.7789092444301313
2,plate11,12,BL_H60,0.5,C,0.02,0.0009264940166138851,0.00010003255031203134,0.0005078212350756653,0.00020076100046745286,0.851165759997749
3,plate11,12,BL_H60,0.5,D,0.03,0.0015816813447367976,0.0001168778816091037,-8.887426964448482e-05,0.00023456885486733607,0.9242943366851684
4,plate11,12,BL_H60,0.5,E,0.06,0.003159257081207798,0.00011733315027291039,-8.98567590656043e-05,0.00023548255446056448,0.9797293024755485
5,plate11,12,BL_H60,0.5,F,0.1,0.004994618499732133,0.00013385226591672937,0.00015939561964264086,0.0002686356768222644,0.9893417905372051
6,plate11,12,BL_H60,0.5,G,0.2,0.009240051394141423,0.00013689623151035333,-4.727548925347195e-05,0.00027474448497106054,0.9967183228043908
7,plate11,12,BL_H60,0.5,H,0.5,0.01829888905031194,0.00019598548230012142,0.00032185440993692696,0.0003933343796827155,0.9982823170770578
