,Plate,Column,Enzyme,E_Conc,Row,S_Conc,slope,slope stderr,int,int stderr,RSQ
0,plate03,11,BL_825,0.5,A,0.005,6.525932082161947,1.217488326929817,0.017381629418199193,0.04072410493691739,0.6569963700033206
1,plate03,11,BL_825,0.5,B,0.01,13.635663889079687,0.9101664046944697,-0.008644739263585893,0.030444406903235847,0.9373553218827263
2,plate03,11,BL_825,0.5,C,0.02,27.223777996266534,1.0532626042260134,-0.0409181086854936,0.03523087487571928,0.9780403916494892
3,plate03,11,BL_825,0.5,D,0.03,36.29113392875914,0.7170645090459048,0.024007915864880495,0.023985288668940452,0.9941780206162879
4,plate03,11,BL_825,0.5,E,0.06,68.1066038618895,0.989947261865033,-0.038651634958013714,0.033113023246279065,0.9968409026219881
5,plate03,11,BL_825,0.5,F,0.1,93.89348003335951,0.8482020340036652,0.05296404967868664,0.028371747559645746,0.9987773906618915
6,plate03,11,BL_825,0.5,G,0.2,142.8329026279053,1.218966264934916,0.02826310980015103,0.04077353340029562,0.9989087006333206
7,plate03,11,BL_825,0.5,H,0.5,213.27950353960858,1.2849348068166,-0.036903279141562,0.04298015035535271,0.9994558482621015
