,Plate,Column,Enzyme,E_Conc,Row,S_Conc,slope,slope stderr,int,int stderr,RSQ
0,plate08,1,Blank,0.0,A,0.005,-4.6564285156366114e-05,0.0001596398488689387,9.960994530405838e-05,0.00032039026954088797,0.005639956528653789
1,plate08,1,Blank,0.0,B,0.01,0.000182116127118774,0.00012064184912437578,-9.43772564783718e-05,0.00024212297266424374,0.13188273574348908
2,plate08,1,Blank,0.0,C,0.02,0.00013811340340395598,0.00017139426131685718,1.801293570745936e-05,0.0003439808618983684,0.04149379143827514
3,plate08,1,Blank,0.0,D,0.03,8.824860231261156e-05,0.00011347161990017267,0.0003113603424149099,0.00022773262829428592,0.03875982350784435
4,plate08,1,Blank,0.0,E,0.06,0.0004144701124549583,0.0001615186863947408,6.310529077615414e-05,0.00032416100519964844,0.3050657121365138
5,plate08,1,Blank,0.0,F,0.1,0.0006487689125250838,9.493698665670149e-05,0.0003484187822995093,0.00019053442045533324,0.7568849099856073
6,plate08,1,Blank,0.0,G,0.2,0.0014460549890934924,0.00015060560027750294,0.0001201061364058201,0.00030225891675277175,0.860062568604526
7,plate08,1,Blank,0.0,H,0.5,0.0038564917939394156,0.00015113774187053362,-4.8722342253629346e-05,0.0003033268240628208,0.9774804187348319
