,Plate,Column,Enzyme,E_Conc,Row,S_Conc,slope,slope stderr,int,int stderr,RSQ
0,plate03,3,BL_OI6,0.5,A,0.005,0.00014995746711796346,0.00014344562723732422,5.233443837112788e-05,0.0002878891632239863,0.0679091660016784
1,plate03,3,BL_OI6,0.5,B,0.01,0.000499112840450004,0.00015747343857622058,-0.0007493582293120741,0.00031604237396685823,0.40109627277564497
2,plate03,3,BL_OI6,0.5,C,0.02,0.0005361071670990892,0.00011006451055461478,-7.839129978616408e-05,0.00022089471287778536,0.6126546228432377
3,plate03,3,BL_OI6,0.5,D,0.03,0.0009192392014437305,0.0001098042739402785,-0.00018580754063371403,0.00022037241961739352,0.8237035388552847
4,plate03,3,BL_OI6,0.5,E,0.06,0.0014377153573042734,9.8303292397625e-05,-0.00030232791549578814,0.00019729045333901924,0.9344690496608141
5,plate03,3,BL_OI6,0.5,F,0.1,0.002186284699197627,8.583388445390703e-05,8.494498706515135e-05,0.00017226488869431398,0.9774020722372965
6,plate03,3,BL_OI6,0.5,G,0.2,0.0041028772969566975,0.000118082209266627,-0.00017272804201467015,0.00023698587456823713,0.9877278560424141
7,plate03,3,BL_OI6,0.5,H,0.5,0.008294902049413392,9.626587687071776e-05,0.00014457577802399576,0.00019320150455573914,0.9979837813049943
