,Plate,Column,Enzyme,E_Conc,Row,S_Conc,slope,slope stderr,int,int stderr,RSQ
0,plate11,1,Blank,0.0,A,0.005,0.00016661974772977405,0.0001415850883739815,-0.000331307511223629,0.0002841551455599101,0.08452285211499477
1,plate11,1,Blank,0.0,B,0.01,4.100949185541617e-05,0.00012293200619247993,-5.557193132630142e-05,0.0002467192142000444,0.007364402760015487
2,plate11,1,Blank,0.0,C,0.02,9.862043917946549e-05,0.00014318033145436026,-6.058777384524982e-05,0.00028735672667237083,0.0306586263933748
3,plate11,1,Blank,0.0,D,0.03,0.000363183812693714,0.00011785787335936904,-0.00028383764040323234,0.00023653564921900458,0.3876524259644404
4,plate11,1,Blank,0.0,E,0.06,0.0007014573473460561,0.0001580341346853637,-0.000310371833019494,0.00031716766975731426,0.5677428365168737
5,plate11,1,Blank,0.0,F,0.1,0.0006908295086893622,0.00013612172449245773,0.0001143539229884062,0.00027319039939628745,0.6319606042096848
6,plate11,1,Blank,0.0,G,0.2,0.0013849411237820285,0.00012129504999128903,0.00017120824203282597,0.00024343390908099878,0.8968147777326837
7,plate11,1,Blank,0.0,H,0.5,0.0037142145025125762,0.00018039471819391543,-4.911306179735311e-05,0.00036204453539977796,0.9658253212225655
