,Plate,Column,Enzyme,E_Conc,Row,S_Conc,slope,slope stderr,int,int stderr,RSQ
0,plate03,12,BL_VUW,0.5,A,0.005,0.0038945814395478333,0.0001374787550782212,0.001226445898773468,0.00027591390214573623,0.9816515991472641
1,plate03,12,BL_VUW,0.5,B,0.01,0.008021258569178132,0.00018030717327101014,0.0006452608263645431,0.00036186870351343094,0.9924776589838968
2,plate03,12,BL_VUW,0.5,C,0.02,0.013671549778972758,0.00015264951074372155,0.0017609298846327096,0.0003063609622628183,0.9981334689876633
3,plate03,12,BL_VUW,0.5,D,0.03,0.01844601269696804,0.00016743429909175868,0.0011368895506996895,0.0003360333623236847,0.9987656493201347
4,plate03,12,BL_VUW,0.5,E,0.06,0.0269236334981518,0.00017715960681027675,0.0014035950063907192,0.0003555517011365258,0.9993509597623557
5,plate03,12,BL_VUW,0.5,F,0.1,0.03310403015198815,0.00011624646273359336,0.0009303936292971428,0.00023330160410735458,0.9998150695627952
6,plate03,12,BL_VUW,0.5,G,0.2,0.04002991084639901,0.00017144407436229194,0.0006598686475999026,0.00034408086375399815,0.9997249273854458
7,plate03,12,BL_VUW,0.5,H,0.5,0.04698648240872072,0.00012745878436406163,-6.335377902733086e-06,0.00025580210303933104,0.9998896239422027
