,Plate,Column,Enzyme,E_Conc,Row,S_Conc,slope,slope stderr,int,int stderr,RSQ
0,plate05,6,BL_T9W,0.5,A,0.005,2.3389241649305585,1.0194879294091284,-0.01761053053301478,0.03410113531160635,0.2597498697655243
1,plate05,6,BL_T9W,0.5,B,0.01,4.4901167654096295,1.0419151275215799,-0.0019219617467961488,0.03485130247842737,0.5531945261299664
2,plate05,6,BL_T9W,0.5,C,0.02,8.208449505792052,0.7734158566432632,-0.004992723219595541,0.02587020007002379,0.8824828692501988
3,plate05,6,BL_T9W,0.5,D,0.03,12.068525883819598,1.2545719628672882,-0.02339625148896716,0.04196452574769684,0.860513672513348
4,plate05,6,BL_T9W,0.5,E,0.06,20.956871909976062,0.8837024835070374,-0.026062080102254657,0.029559209560339448,0.9740212108894015
5,plate05,6,BL_T9W,0.5,F,0.1,27.66198794024083,0.9590186682384216,0.07732845520003759,0.03207848177631688,0.9822900118550022
6,plate05,6,BL_T9W,0.5,G,0.2,45.803162960890134,1.2340356184300756,0.031223721660710597,0.04127760787158773,0.9892290810658534
7,plate05,6,BL_T9W,0.5,H,0.5,78.49914665718376,0.6864246226001626,0.028971288092675133,0.022960411787150366,0.9988543573963958
