,Plate,Column,Enzyme,E_Conc,Row,S_Conc,slope,slope stderr,int,int stderr,RSQ
0,plate12,4,BL_1FJ,0.5,A,0.005,0.00016524463843185197,0.00010514981433806982,5.234237236379731e-05,0.00021103112385939166,0.1413686798307051
1,plate12,4,BL_1FJ,0.5,B,0.01,0.0002872600192927098,0.00014988356713631007,6.0636292864949204e-05,0.0003008098340027451,0.19670890916078887
2,plate12,4,BL_1FJ,0.5,C,0.02,0.0005047304222752254,0.0001430266133931383,1.8021584055765434e-05,0.0002870482125462982,0.453618054562415
3,plate12,4,BL_1FJ,0.5,D,0.03,0.0006077582389575867,0.00011970483190795323,2.6356409788756642e-05,0.00024024240430666253,0.6321487716368765
4,plate12,4,BL_1FJ,0.5,E,0.06,0.0015020187825579914,0.00020627567410310164,-0.0002723029026824899,0.0004139863612803028,0.7794825382967963
5,plate12,4,BL_1FJ,0.5,F,0.1,0.002094059136195114,0.0001080714943495354,0.00018393287879476947,0.0002168947997893212,0.9615830874143912
6,plate12,4,BL_1FJ,0.5,G,0.2,0.004201054528482479,0.0001475905924249975,-0.0004471215594773659,0.00029620794358045107,0.9818228763980313
7,plate12,4,BL_1FJ,0.5,H,0.5,0.008458705494462692,9.264802218929497e-05,-3.7674876206094787e-05,0.0001859407877070134,0.9982037055810722
