,Plate,Column,Enzyme,E_Conc,Row,S_Conc,slope,slope stderr,int,int stderr,RSQ
0,plate10,2,BL_2MC,0.5,A,0.005,2.522858183134328e-05,0.0001217999041938193,0.0001398832757062871,0.0002444471318289785,0.0028520766848709744
1,plate10,2,BL_2MC,0.5,B,0.01,0.00025960277818889434,0.0001662471799394049,-0.00015004999546387645,0.00033365089640679624,0.13983074487587677
2,plate10,2,BL_2MC,0.5,C,0.02,0.00025420772168152194,0.00014905684346566922,0.0002619239963736484,0.0002991506314427701,0.16241034276311617
3,plate10,2,BL_2MC,0.5,D,0.03,0.0010102206002307408,0.00011052743196347881,-0.0004142379679873038,0.00022182376796369332,0.8477769061847404
4,plate10,2,BL_2MC,0.5,E,0.06,0.0012680475496463426,0.00011359513210666128,0.0002290271776358084,0.00022798052009459605,0.8925575510210146
5,plate10,2,BL_2MC,0.5,F,0.1,0.002081711273131281,0.00012750289170193794,8.968851472437044e-05,0.0002558927701344579,0.9467260763087997
6,plate10,2,BL_2MC,0.5,G,0.2,0.003745063292247264,0.00011431184311412147,-0.00046284633114532177,0.00022941892456324322,0.9862174971140963
7,plate10,2,BL_2MC,0.5,H,0.5,0.007027738562232542,0.00017428676527503736,-0.00017203102025432085,0.00034978604396015674,0.9908588432758496
