,Plate,Column,Enzyme,E_Conc,Row,S_Conc,slope,slope stderr,int,int stderr,RSQ
0,plate10,9,BL_3L3,0.5,A,0.005,0.0003870837228060193,0.0001464339535038405,0.00015089244836666974,0.00029388660058488856,0.31779641869142694
1,plate10,9,BL_3L3,0.5,B,0.01,0.0010913914013794444,0.00011281098908358124,-5.683269451724422e-05,0.00022640676857366065,0.8618736264649896
2,plate10,9,BL_3L3,0.5,C,0.02,0.001822958067882925,0.00012504585398145812,0.0003311332888894894,0.0002509616068357609,0.9340738536378107
3,plate10,9,BL_3L3,0.5,D,0.03,0.002713343595428929,0.0001684910759300916,0.0003205423607683101,0.00033815429593984274,0.9453216935418345
4,plate10,9,BL_3L3,0.5,E,0.06,0.005359725718507435,0.00017738184782513703,0.0004410252082199323,0.0003559976969641848,0.9838360592868736
5,plate10,9,BL_3L3,0.5,F,0.1,0.008497063176062513,0.00014183336952621817,0.0003200606847333824,0.0002846534862762076,0.9958380254888142
6,plate10,9,BL_3L3,0.5,G,0.2,0.014870946101265714,0.00013910699650154342,0.0001032481488290049,0.00027918165164149856,0.9986891856584604
7,plate10,9,BL_3L3,0.5,H,0.5,0.026785108695074333,0.00016430270761474738,4.226547181251927e-05,0.00032974948214857237,0.9994359050997401
