,Plate,Column,Enzyme,E_Conc,Row,S_Conc,slope,slope stderr,int,int stderr,RSQ
0,plate08,3,BL_B8C,0.5,A,0.005,4.03305813465574,1.3349427936869902,-0.036817446922532644,0.044652873510943554,0.3782983295458173
1,plate08,3,BL_B8C,0.5,B,0.01,7.251462622725547,1.0022706430522679,-0.04190911188398058,0.03352522966856222,0.7772686988558829
2,plate08,3,BL_B8C,0.5,C,0.02,11.753862738373252,1.038197834810273,-0.004230175534824934,0.03472696639851599,0.8952326828319673
3,plate08,3,BL_B8C,0.5,D,0.03,18.72171655696828,0.9728617991533389,-0.03188513088064024,0.03254152530024191,0.9610723389688929
4,plate08,3,BL_B8C,0.5,E,0.06,32.56451071687061,0.8589698732114762,0.040841587541568525,0.028731924974152227,0.9896712181253317
5,plate08,3,BL_B8C,0.5,F,0.1,53.033368175311196,1.2566675814095898,-0.04378609885753267,0.04203462778160781,0.991647983911912
6,plate08,3,BL_B8C,0.5,G,0.2,93.54783026760799,0.9836158425505022,0.030133246589728116,0.03290123598305976,0.9983444028788843
7,plate08,3,BL_B8C,0.5,H,0.5,180.1644298319676,0.7275747326193142,-0.0063432108532784975,0.024336779378497583,0.9997554326897659
