,Plate,Column,Enzyme,E_Conc,Row,S_Conc,slope,slope stderr,int,int stderr,RSQ
0,plate12,7,BL_HHN,0.5,A,0.005,1.882359661099412,0.9573802575348004,-0.02364231043177598,0.03202367900443468,0.20490930962075826
1,plate12,7,BL_HHN,0.5,B,0.01,0.5207123127989545,0.7549922740128805,0.02441538828903737,0.025253946764714586,0.030736969616729226
2,plate12,7,BL_HHN,0.5,C,0.02,4.525365563142728,1.213334620880675,-0.0320725016412925,0.040585167097015096,0.4811593386984897
3,plate12,7,BL_HHN,0.5,D,0.03,2.387988350961123,1.1216213249693192,0.07420467842871549,0.03751742448183525,0.2320631284539485
4,plate12,7,BL_HHN,0.5,E,0.06,9.657785260288842,1.2054172516904924,0.0024387179427829047,0.040320346467657024,0.8105866781748252
5,plate12,7,BL_HHN,0.5,F,0.1,13.832488814878262,0.9651549575454789,0.02744612090291268,0.032283737369920476,0.9319428190465117
6,plate12,7,BL_HHN,0.5,G,0.2,26.35114403026671,1.112133439332378,0.0027112998737907146,0.03720005135794067,0.9739772558917302
7,plate12,7,BL_HHN,0.5,H,0.5,50.996734878462945,0.8935078535847146,0.09194561189221641,0.029887192007574562,0.9954163863665059
