,Plate,Column,Enzyme,E_Conc,Row,S_Conc,slope,slope stderr,int,int stderr,RSQ
0,plate03,4,BL_WMD,0.5,A,0.005,0.0022678361733149315,0.00013493102418886914,-0.00014806764939470513,0.0002708007433554893,0.9495777492513352
1,plate03,4,BL_WMD,0.5,B,0.01,0.003894544867821268,0.00017175936823072218,0.00031386588850673865,0.00034471363491836465,0.9716515540627196
2,plate03,4,BL_WMD,0.5,C,0.02,0.006489527694124272,0.00011702031377423742,0.00018858178317917307,0.0002348547406849585,0.9951462773653018
3,plate03,4,BL_WMD,0.5,D,0.03,0.008144585444805945,0.00014267183059608318,0.0005135709063970118,0.0002863361971633526,0.9954182079984908
4,plate03,4,BL_WMD,0.5,E,0.06,0.011114488112806268,0.00014800780173511351,0.0005970440611446165,0.0002970452820092429,0.9973470564647748
5,plate03,4,BL_WMD,0.5,F,0.1,0.013506319730889497,0.00014984693901295892,-6.743925659471016e-05,0.0003007360660580338,0.9981570685439793
6,plate03,4,BL_WMD,0.5,G,0.2,0.01584555052865322,0.00011850980849320563,0.00023327804688295584,0.00023784399423140687,0.9991616601592717
7,plate03,4,BL_WMD,0.5,H,0.5,0.019188503663592364,0.00013154819089415158,0.0005019356746429552,0.00026401158257080895,0.9992955127926821
