,Plate,Column,Enzyme,E_Conc,Row,S_Conc,slope,slope stderr,int,int stderr,RSQ
0,plate06,2,BL_GS0,0.5,A,0.005,-2.074546516849897e-05,0.00011995163410652802,0.00024422552309830457,0.00024073773151781224,0.001990114966674561
1,plate06,2,BL_GS0,0.5,B,0.01,0.00023407977233676463,0.00012351723073143487,2.5911704411506985e-05,0.00024789372071468136,0.19317859044007946
2,plate06,2,BL_GS0,0.5,C,0.02,0.00039612699204730645,6.758572288708888e-05,0.0002173300023163893,0.00013564162085059287,0.6960643156243164
3,plate06,2,BL_GS0,0.5,D,0.03,0.0007544814783820322,0.00010676159967356221,-0.0002359426027412356,0.00021426590945844044,0.7690251124648397
4,plate06,2,BL_GS0,0.5,E,0.06,0.0013447164745046044,0.00012354751488141273,-0.00015711637503294215,0.0002479545091069023,0.8876117514945095
5,plate06,2,BL_GS0,0.5,F,0.1,0.002030698776817042,0.0001224680152953602,0.0001628947770335409,0.0002457880142560937,0.9482660183889967
6,plate06,2,BL_GS0,0.5,G,0.2,0.004045234005187335,0.00012383519002835176,-0.00040316519056903915,0.0002485318628089353,0.9861378768759292
7,plate06,2,BL_GS0,0.5,H,0.5,0.007535316768827782,0.00011974184208728183,0.0005483989446394403,0.00024031668510355228,0.9962265543619806
