,Plate,Column,Enzyme,E_Conc,Row,S_Conc,slope,slope stderr,int,int stderr,RSQ
0,plate07,9,BL_ZAP,0.5,A,0.005,0.004388915388306618,0.00013661353002786838,0.0006354514173072335,0.00027417743494677,0.9856748917015381
1,plate07,9,BL_ZAP,0.5,B,0.01,0.008338693452735815,0.00019522663309582674,0.0009685259505048743,0.00039181140696816646,0.9918451264697092
2,plate07,9,BL_ZAP,0.5,C,0.02,0.014402964716268491,0.00012068958107329012,0.0015298116898501124,0.0002422187771989026,0.9989478686149987
3,plate07,9,BL_ZAP,0.5,D,0.03,0.019236194435813335,0.0001877996248400252,0.0016426781207827688,0.00037690573003070285,0.9985723491199967
4,plate07,9,BL_ZAP,0.5,E,0.06,0.028482938768326166,0.00021636127104344993,0.0013401322055127817,0.0004342276812536011,0.9991352213361321
5,plate07,9,BL_ZAP,0.5,F,0.1,0.0349903623476055,0.0001275056896837193,0.0008091397993518067,0.0002558984591366157,0.9998008560304902
6,plate07,9,BL_ZAP,0.5,G,0.2,0.04231004231401996,0.0002147670783423984,0.0003613476883689173,0.0004310283657970823,0.9996136572973379
7,plate07,9,BL_ZAP,0.5,H,0.5,0.049376739559639775,0.0001748945286429538,8.50092043003278e-05,0.00035100544766906153,0.9998118431676097
