,Plate,Column,Enzyme,E_Conc,Row,S_Conc,slope,slope stderr,int,int stderr,RSQ
0,plate08,6,BL_8OR,0.5,A,0.005,0.0012628844712729095,0.00010512485420682301,-0.00033786060626774504,0.00021098102806707344,0.9058478884438922
1,plate08,6,BL_8OR,0.5,B,0.01,0.002394667842302847,0.00015734778365655475,-0.0003581772102979534,0.0003157901816194022,0.9391767967234904
2,plate08,6,BL_8OR,0.5,C,0.02,0.004393243532220013,0.00013641570331645588,-0.00025683654355458516,0.0002737804319026236,0.9857434839010538
3,plate08,6,BL_8OR,0.5,D,0.03,0.006037692953390613,0.00011499670882396103,0.000472366108477646,0.00023079341137085648,0.9945879335888576
4,plate08,6,BL_8OR,0.5,E,0.06,0.010501818554218133,0.00015605328618974607,0.0008083424188637358,0.00031319219618586514,0.9966987986834961
5,plate08,6,BL_8OR,0.5,F,0.1,0.01610637737542169,0.00015686884529617906,-0.0002759096477825674,0.0003148290087931488,0.9985791379709934
6,plate08,6,BL_8OR,0.5,G,0.2,0.0243064503316216,0.00011196354792905835,3.6521071984263465e-05,0.00022470673184875513,0.9996818237543064
7,plate08,6,BL_8OR,0.5,H,0.5,0.03637461751426046,0.00016397236141168077,-0.00035692364847656177,0.00032908556748305806,0.999695277796282
