,Plate,Column,Enzyme,E_Conc,Row,S_Conc,slope,slope stderr,int,int stderr,RSQ
0,plate08,9,BL_1MO,0.5,A,0.005,11.728270052666854,1.1793345788231242,0.009814591469044785,0.03944788655892294,0.8683049213901027
1,plate08,9,BL_1MO,0.5,B,0.01,21.564031735590437,0.7460545863501793,-0.0033515432574431525,0.024954980955056993,0.9823622113871048
2,plate08,9,BL_1MO,0.5,C,0.02,35.76805411049575,1.2518529291860487,-0.03428498858044027,0.04187357498588587,0.9819573737197275
3,plate08,9,BL_1MO,0.5,D,0.03,46.332374389837206,1.2322853490131467,-0.03693539312841871,0.04121905481211725,0.9895006849173842
4,plate08,9,BL_1MO,0.5,E,0.06,64.63193035620444,0.8658449087309155,-0.0026071367463573383,0.028961863574810096,0.997315214054918
5,plate08,9,BL_1MO,0.5,F,0.1,77.46013833031473,0.7817182827182506,0.05089369283410456,0.02614791377321155,0.9984746401867831
6,plate08,9,BL_1MO,0.5,G,0.2,97.01177069706571,0.692266560481119,0.009732526571159857,0.023155815006153414,0.9992367680533889
7,plate08,9,BL_1MO,0.5,H,0.5,125.79412899287357,1.4386347029924171,-0.0038609272851757347,0.04812122701645494,0.9980419741142824
