,Plate,Column,Enzyme,E_Conc,Row,S_Conc,slope,slope stderr,int,int stderr,RSQ
0,plate09,11,BL_N9S,0.5,A,0.005,0.0005442146795140231,0.00012965368027113746,0.0001459506549253426,0.000260209318812408,0.5401393534349992
1,plate09,11,BL_N9S,0.5,B,0.01,0.0013080481473761408,0.00011091739469147961,-0.0005306256830801206,0.00022260641022827445,0.9026446279438309
2,plate09,11,BL_N9S,0.5,C,0.02,0.002402140941420442,0.00011675536318830544,-0.00044895451317270143,0.00023432296625117718,0.9657764824351904
3,plate09,11,BL_N9S,0.5,D,0.03,0.0035607065816630917,0.00013897668462603706,-0.0008244554099103002,0.00027892018678387785,0.9776596271359674
4,plate09,11,BL_N9S,0.5,E,0.06,0.005539046397609448,0.0001507079867516963,0.0004120906407966529,0.00030246440667678265,0.9890175875546692
5,plate09,11,BL_N9S,0.5,F,0.1,0.00867008274697615,0.00015430887065716008,-0.00022485111486106598,0.00030969126741699644,0.9952710104572736
6,plate09,11,BL_N9S,0.5,G,0.2,0.013551170904977483,0.00012105316261974076,-3.731458429134804e-05,0.0002429488696718329,0.9988044295530364
7,plate09,11,BL_N9S,0.5,H,0.5,0.021537999246042498,0.0001351895902991577,-0.0004038130883180279,0.000271319682333711,0.9994093768461064
