,Plate,Column,Enzyme,E_Conc,Row,S_Conc,slope,slope stderr,int,int stderr,RSQ
0,plate04,10,BL_Z4Z,0.5,A,0.005,4.725174310298306,1.0677105852574547,-0.08131429240358572,0.03571414894606319,0.5662887861497614
1,plate04,10,BL_Z4Z,0.5,B,0.01,7.553964774983549,1.1233370860932566,-0.06766026161535363,0.03757481528090335,0.7509129556766874
2,plate04,10,BL_Z4Z,0.5,C,0.02,11.711015246597915,0.8818575770680763,-0.008787865603067001,0.02949750043229499,0.9216123612769778
3,plate04,10,BL_Z4Z,0.5,D,0.03,17.707773275778326,1.0691785613873659,-0.012272602335134232,0.03576324880351795,0.9481508914881955
4,plate04,10,BL_Z4Z,0.5,E,0.06,32.90528518033338,1.1530433607597195,0.005574590885215599,0.03856847821052571,0.981914730092493
5,plate04,10,BL_Z4Z,0.5,F,0.1,50.838522949221165,1.3640074229925299,0.03317453961092716,0.045625060744280244,0.9893174598806667
6,plate04,10,BL_Z4Z,0.5,G,0.2,92.41671729549844,0.7838078455525826,-0.00989085407512809,0.026217806758454146,0.9989221914003893
7,plate04,10,BL_Z4Z,0.5,H,0.5,175.47473773520352,0.7221129589787197,0.04754094346591459,0.024154156279605377,0.9997460417814273
