,Plate,Column,Enzyme,E_Conc,Row,S_Conc,slope,slope stderr,int,int stderr,RSQ
0,plate12,5,BL_7DD,0.5,A,0.005,0.0021770523801280034,0.00013523307121540628,0.0009637534391647359,0.00027140691979208475,0.9452878941898826
1,plate12,5,BL_7DD,0.5,B,0.01,0.005112760166908999,0.0001365876264328207,-4.71997978432939e-05,0.00027412556519552705,0.9894079804192594
2,plate12,5,BL_7DD,0.5,C,0.02,0.009190012482066967,0.00013190973549983146,0.0004618753558222993,0.00026473715248639994,0.9969191343164342
3,plate12,5,BL_7DD,0.5,D,0.03,0.012459953008842862,0.0001519433400047793,0.0010404496925350295,0.00030494372027372105,0.997774363226408
4,plate12,5,BL_7DD,0.5,E,0.06,0.020316947381508327,0.00019278480276861817,0.0007671589125510193,0.0003869107386005835,0.9986512430514812
5,plate12,5,BL_7DD,0.5,F,0.1,0.027273033496429674,0.0001564785102452651,0.00037184500880437074,0.00031404568907679567,0.9995064622818788
6,plate12,5,BL_7DD,0.5,G,0.2,0.0363476646160863,0.00012323141327524878,-0.0002486860733749012,0.0002473199777579309,0.9998276129486934
7,plate12,5,BL_7DD,0.5,H,0.5,0.045616560980508744,0.0001838118482206623,0.0006510967065120105,0.0003689023342338038,0.999756506711965
