,Plate,Column,Enzyme,E_Conc,Row,S_Conc,slope,slope stderr,int,int stderr,RSQ
0,plate02,2,BL_4KH,0.5,A,0.005,0.0018154955375843764,0.00011964587577800387,-5.462055332082668e-05,0.00024012406028982422,0.9388373128223366
1,plate02,2,BL_4KH,0.5,B,0.01,0.003282657387789639,0.00016003049328991586,-9.915194646961172e-05,0.00032117431264387864,0.9655782213728406
2,plate02,2,BL_4KH,0.5,C,0.02,0.005718275881907862,0.0001900673390653839,0.00021114683559556117,0.0003814569097645099,0.9836981175603928
3,plate02,2,BL_4KH,0.5,D,0.03,0.00742716294854655,0.00013815409047356438,0.000686036022508807,0.000277269290481787,0.9948367320562556
4,plate02,2,BL_4KH,0.5,E,0.06,0.011332312495887167,9.301736151320988e-05,0.0003001656864377759,0.00018668180697014298,0.9989904138078555
5,plate02,2,BL_4KH,0.5,F,0.1,0.014126191862648785,0.0001306228622222891,0.00017723397136793553,0.00026215431271630344,0.9987190806472342
6,plate02,2,BL_4KH,0.5,G,0.2,0.017600582258476282,0.00014167095126883602,0.0002810972494463875,0.000284327510105064,0.9990290934381552
7,plate02,2,BL_4KH,0.5,H,0.5,0.022499307419776016,0.00010736175412604841,7.298902901520243e-06,0.00021547214710837371,0.9996585533226168
