,Plate,Column,Enzyme,E_Conc,Row,S_Conc,slope,slope stderr,int,int stderr,RSQ
0,plate05,11,BL_Q4E,0.5,A,0.005,9.870069376438042,0.9050293452687324,0.03087000627158561,0.030272578019699112,0.8880066149100129
1,plate05,11,BL_Q4E,0.5,B,0.01,20.108127372516783,1.162208848111811,0.017204174219721213,0.038875050015574855,0.9522820270240656
2,plate05,11,BL_Q4E,0.5,C,0.02,39.075308471909935,1.0301414767080639,-0.0003056520261113529,0.03445748281413796,0.989682462599804
3,plate05,11,BL_Q4E,0.5,D,0.03,55.27803317428537,1.041519958238885,-0.015042542293420893,0.03483808594772472,0.9947031941748546
4,plate05,11,BL_Q4E,0.5,E,0.06,89.22547780592176,1.2651761848537229,0.0333905291289383,0.04231923386717238,0.9969931788393104
5,plate05,11,BL_Q4E,0.5,F,0.1,123.31389612728029,1.1925172229717125,0.0182766284424803,0.03988886102978461,0.9985991579782285
6,plate05,11,BL_Q4E,0.5,G,0.2,171.9987604836911,1.544372172102118,0.04200493609645359,0.051658128688441704,0.9987921314425185
7,plate05,11,BL_Q4E,0.5,H,0.5,236.8442891319799,1.0853636867338388,-0.0044918182050041194,0.0363046820998377,0.9996850901379093
