,Plate,Column,Enzyme,E_Conc,Row,S_Conc,slope,slope stderr,int,int stderr,RSQ
0,plate11,9,BL_MO7,0.5,A,0.005,0.0002032359076641375,0.00010917481673327981,0.0002044968515307226,0.0002191091319889698,0.1876708135799081
1,plate11,9,BL_MO7,0.5,B,0.01,0.00041930737714863405,0.00010777739313032554,0.00030579099852736806,0.00021630455892415157,0.5022555989904167
2,plate11,9,BL_MO7,0.5,C,0.02,0.001133117561658809,0.00010978397152336688,3.328970274391973e-05,0.00022033170384115259,0.8765736995224056
3,plate11,9,BL_MO7,0.5,D,0.03,0.0015646933048413176,0.00014829890135958294,0.00019452963341239099,0.0002976294776457337,0.8812562180274185
4,plate11,9,BL_MO7,0.5,E,0.06,0.003177642003364582,0.0001519230299062978,-4.6033482177231835e-05,0.0003049029452275798,0.9668496602776697
5,plate11,9,BL_MO7,0.5,F,0.1,0.005065262095028386,0.0001486857130510157,-3.776617219522314e-05,0.0002984056165984502,0.9872400869419782
6,plate11,9,BL_MO7,0.5,G,0.2,0.009148641706287264,0.00013626594500859451,-3.0748259798762945e-05,0.00027347946836133466,0.9966832791803604
7,plate11,9,BL_MO7,0.5,H,0.5,0.01830600008638614,0.0001203639029325159,-0.00045800615537127705,0.00024156511608934987,0.9993519400349588
