,Plate,Column,Enzyme,E_Conc,Row,S_Conc,slope,slope stderr,int,int stderr,RSQ
0,plate03,9,BL_AU2,0.5,A,0.005,8.03914867969014,1.1038209971505966,0.016726961900289418,0.03692201456494063,0.7795491231089282
1,plate03,9,BL_AU2,0.5,B,0.01,17.100835755774483,0.9834243957799199,0.02265117695530572,0.03289483392226189,0.9527380204555213
2,plate03,9,BL_AU2,0.5,C,0.02,34.00169196288614,1.0676832535588117,-0.0029564303774675463,0.03571324047461283,0.9854253279321151
3,plate03,9,BL_AU2,0.5,D,0.03,46.785828325637894,1.1519042367867505,0.02947174300529874,0.03853036371363365,0.9909891781671005
4,plate03,9,BL_AU2,0.5,E,0.06,80.96453463151227,0.9375942982548044,0.007682780795559944,0.031361839902216464,0.9979924832173934
5,plate03,9,BL_AU2,0.5,F,0.1,111.20216366913223,1.1779983065408797,0.08266465298665049,0.039403195177381535,0.9983195572946496
6,plate03,9,BL_AU2,0.5,G,0.2,161.70489808700154,1.0354257010945793,0.028357222290027965,0.034634264224120984,0.999385365872373
7,plate03,9,BL_AU2,0.5,H,0.5,227.3131419078485,1.1930308338232967,0.020826599816903362,0.0399060592618183,0.9995869825819591
