,Plate,Column,Enzyme,E_Conc,Row,S_Conc,slope,slope stderr,int,int stderr,RSQ
0,plate12,10,BL_KK7,0.5,A,0.005,3.1502112726726286,1.2857215558140733,-0.004356167343227001,0.04300645903349361,0.2858243849856973
1,plate12,10,BL_KK7,0.5,B,0.01,4.95862184985237,1.0505822732042478,-0.028103572836468305,0.03514121910517422,0.5976099494491021
2,plate12,10,BL_KK7,0.5,C,0.02,9.077171616459708,0.8872720504687176,-0.05107843653614447,0.029678610059561846,0.87464652807361
3,plate12,10,BL_KK7,0.5,D,0.03,10.770571291867629,0.9357856969574757,0.00036949588110352544,0.031301391623136963,0.898285262406139
4,plate12,10,BL_KK7,0.5,E,0.06,22.851152581445053,0.7783987122732352,-0.07361479725283093,0.026036875497797443,0.9828925477219891
5,plate12,10,BL_KK7,0.5,F,0.1,30.156798936744206,1.5140021888417743,0.03895653915140348,0.05064227810002776,0.9635701809263235
6,plate12,10,BL_KK7,0.5,G,0.2,53.39293868940527,1.218412909005772,-0.02855390388413182,0.040755025333625544,0.9922494367164783
7,plate12,10,BL_KK7,0.5,H,0.5,91.04091575832315,0.9550475151181572,-0.0036640154337230554,0.03194561402516003,0.9983520304541714
