,Plate,Column,Enzyme,E_Conc,Row,S_Conc,slope,slope stderr,int,int stderr,RSQ
0,plate11,8,BL_I03,0.5,A,0.005,6.908668818924728,1.042793988283478,0.06620408462100942,0.034880706415761145,0.7452992505600402
1,plate11,8,BL_I03,0.5,B,0.01,16.956828605541467,1.130977080435497,0.04650063675205724,0.03783036658016302,0.9374458951060675
2,plate11,8,BL_I03,0.5,C,0.02,34.82360822072672,1.249986289381441,0.03914058111981035,0.04181113634286876,0.9810398955293298
3,plate11,8,BL_I03,0.5,D,0.03,50.4032388244635,1.1357745686392144,0.05123651536546106,0.03799083701275979,0.992441018557115
4,plate11,8,BL_I03,0.5,E,0.06,92.20947469383101,1.0383249871433677,0.07104339399693152,0.034731218092983275,0.9981016274960913
5,plate11,8,BL_I03,0.5,F,0.1,134.03146911555734,1.375836187292314,0.07843401839848872,0.04602072408454308,0.9984219347738337
6,plate11,8,BL_I03,0.5,G,0.2,209.9795102238692,1.2414868977759173,0.032756417932572515,0.041526858250873634,0.9994759234925494
7,plate11,8,BL_I03,0.5,H,0.5,320.1560807745252,1.4464776444755583,0.012514544394112008,0.04838373292174496,0.999693902973003
