,Plate,Column,Enzyme,E_Conc,Row,S_Conc,slope,slope stderr,int,int stderr,RSQ
0,plate10,3,BL_NUF,0.5,A,0.005,0.0001825777853135572,0.00016470992108938578,-5.249557917973885e-05,0.00033056568392333886,0.0757132365870905
1,plate10,3,BL_NUF,0.5,B,0.01,0.00024816726276137736,0.00012386847739862805,-0.0001019717170295404,0.00024859867267744163,0.21110374720478098
2,plate10,3,BL_NUF,0.5,C,0.02,0.00046055058946333155,0.0001016816935668019,4.908351636449067e-05,0.00020407075581600407,0.5776419093875621
3,plate10,3,BL_NUF,0.5,D,0.03,0.000632385875664736,0.0001053087532835603,0.0002707723195453233,0.00021135010832680056,0.7062325729760084
4,plate10,3,BL_NUF,0.5,E,0.06,0.0014890531613506908,0.00013485763293376838,8.061058584324386e-05,0.00027065342655002917,0.8904457579285032
5,plate10,3,BL_NUF,0.5,F,0.1,0.0023400702802655804,0.00013043547085655663,0.00015911940496737085,0.0002617783426212377,0.9554710573408273
6,plate10,3,BL_NUF,0.5,G,0.2,0.0044352700362791705,0.00013580161287621748,0.00013140815540360132,0.00027254789794406176,0.9861325719978512
7,plate10,3,BL_NUF,0.5,H,0.5,0.009421794149691937,0.00011788434877242264,0.0002631730292855998,0.00023658876529680683,0.997657295920145
