,Plate,Column,Enzyme,E_Conc,Row,S_Conc,slope,slope stderr,int,int stderr,RSQ
0,plate11,4,BL_1RY,0.5,A,0.005,2.2363232365987944,1.443114448838404,-0.006239649269870662,0.04827113679777972,0.13800125425447685
1,plate11,4,BL_1RY,0.5,B,0.01,1.8756604425235788,0.8471861732476814,0.07299403620662004,0.028337766141113375,0.24629724746701787
2,plate11,4,BL_1RY,0.5,C,0.02,6.785224659593291,0.9065387109007498,0.048275599922189084,0.030323066195874035,0.7887967357617739
3,plate11,4,BL_1RY,0.5,D,0.03,11.322672410234505,1.0762086778279751,0.017433319054354596,0.03599840391010914,0.8806579160735997
4,plate11,4,BL_1RY,0.5,E,0.06,19.112166576133884,0.9312860980271194,0.07970298972799852,0.031150847690832328,0.9656094455078759
5,plate11,4,BL_1RY,0.5,F,0.1,34.13441975834446,0.936780631124203,0.039749772122548606,0.031334636671595174,0.9888287161857502
6,plate11,4,BL_1RY,0.5,G,0.2,63.55138490624433,1.1720191819580141,-0.011086379143368637,0.039203213295308674,0.9949242312172483
7,plate11,4,BL_1RY,0.5,H,0.5,123.84872565774792,1.0434310406177978,-0.013141016586920032,0.03490199155918249,0.9989364164204712
