,Plate,Column,Enzyme,E_Conc,Row,S_Conc,slope,slope stderr,int,int stderr,RSQ
0,plate04,12,BL_R84,0.5,A,0.005,1.1829721478282476,0.9479286249601767,0.013370904593986202,0.0317075285676682,0.09406018458674026
1,plate04,12,BL_R84,0.5,B,0.01,0.2691957314888051,1.3020189141959868,0.03412913933969161,0.043551593286144934,0.002841681625682213
2,plate04,12,BL_R84,0.5,C,0.02,0.5711125747703862,1.0508294942668577,0.06337997713829438,0.03514948857624866,0.019311616029084933
3,plate04,12,BL_R84,0.5,D,0.03,4.762718642772559,1.0977147234976075,-0.05716334173087636,0.03671776508952628,0.5565386872397575
4,plate04,12,BL_R84,0.5,E,0.06,6.1266982431428225,0.8595960375771179,0.03435904042112112,0.028752866748315127,0.7720366620621008
5,plate04,12,BL_R84,0.5,F,0.1,13.549661418284902,1.135450609586863,-0.05392794871322492,0.03798000413083848,0.904703462902865
6,plate04,12,BL_R84,0.5,G,0.2,23.314258519138946,1.1642695866542538,-0.008641776685989989,0.03894397456490081,0.96394166651489
7,plate04,12,BL_R84,0.5,H,0.5,49.40420628625977,0.9962985774580204,0.03659076600411336,0.033325464897812275,0.9939368117908094
