,Plate,Column,Enzyme,E_Conc,Row,S_Conc,slope,slope stderr,int,int stderr,RSQ
0,plate10,6,BL_FUC,0.5,A,0.005,8.415414566567714,1.3488151956414154,0.01747708018060201,0.045116892775298234,0.7218440172518757
1,plate10,6,BL_FUC,0.5,B,0.01,15.101677014248274,1.2830637466641517,0.028437316434991824,0.042917557122329524,0.9023012654067619
2,plate10,6,BL_FUC,0.5,C,0.02,30.43927751870402,1.2262282302752694,0.03723473945872766,0.04101644751880366,0.976235982290244
3,plate10,6,BL_FUC,0.5,D,0.03,45.599481785690024,0.9928164515784687,-0.026685328179647142,0.03320899113314597,0.9929395540902722
4,plate10,6,BL_FUC,0.5,E,0.06,80.73715482303629,1.0141918290205654,0.01730603258552965,0.03392397842267334,0.997638663590682
5,plate10,6,BL_FUC,0.5,F,0.1,118.68328626355552,1.004980957689782,0.05455103986555624,0.03361589420526675,0.9989256113659435
6,plate10,6,BL_FUC,0.5,G,0.2,184.38193341244414,1.5891682719065663,0.03283510383428886,0.05315654689531154,0.9988869585414532
7,plate10,6,BL_FUC,0.5,H,0.5,280.2023656969956,1.0583749933994921,0.024430149855002525,0.03540188252723281,0.9997860393672332
