,Plate,Column,Enzyme,E_Conc,Row,S_Conc,slope,slope stderr,int,int stderr,RSQ
0,plate02,12,BL_2IS,0.5,A,0.005,44.375288936920434,1.0443392696926612,0.13054133583711108,0.03493239465671965,0.9917605368040517
1,plate02,12,BL_2IS,0.5,B,0.01,80.8195747048852,1.1101185947961991,0.28796038630572696,0.03713266661393252,0.9971779184393742
2,plate02,12,BL_2IS,0.5,C,0.02,142.68786186001174,1.9828394256078052,0.26248702708867705,0.06632454543538656,0.9971117416396125
3,plate02,12,BL_2IS,0.5,D,0.03,185.14931026705705,1.6504063480277888,0.35874379433311065,0.05520490090896892,0.9988095489812188
4,plate02,12,BL_2IS,0.5,E,0.06,263.3156794749913,1.786987473964352,0.24309634605635705,0.05977344240153881,0.9993096315990475
5,plate02,12,BL_2IS,0.5,F,0.1,318.263708374551,1.1787171564371142,0.047073090206039364,0.039427248928024204,0.9997942940570805
6,plate02,12,BL_2IS,0.5,G,0.2,368.51932774962216,1.253322188090932,0.05732244983033155,0.041922725274805075,0.999826531246164
7,plate02,12,BL_2IS,0.5,H,0.5,419.4940972138648,1.7128006482868567,0.004806974403064841,0.057291466726029604,0.9997500025199679
