,Plate,Column,Enzyme,E_Conc,Row,S_Conc,slope,slope stderr,int,int stderr,RSQ
0,plate08,2,BL_TUB,0.5,A,0.005,-6.08740789554386e-05,0.00011199530325714459,0.0006934554364002412,0.00022476972636194682,0.019315386201040563
1,plate08,2,BL_TUB,0.5,B,0.01,0.0006359791573495285,0.00013466386766066823,-0.00014945660188841805,0.0002702645518481919,0.5978988347323326
2,plate08,2,BL_TUB,0.5,C,0.02,0.0011326816107223728,0.0001839511218081719,-8.347575010510529e-05,0.0003691819651344688,0.7165263206281864
3,plate08,2,BL_TUB,0.5,D,0.03,0.0014449404675635387,0.00013432506639230257,0.00026567884202960515,0.00026958458963786464,0.8852456220641455
4,plate08,2,BL_TUB,0.5,E,0.06,0.002711966015526433,0.00011199692007948634,0.00024206795997441848,0.0002247729778146914,0.9750560901631898
5,plate08,2,BL_TUB,0.5,F,0.1,0.004528304332277799,0.00013240467784986765,3.319614700247886e-05,0.0002657303839368374,0.9873383115603931
6,plate08,2,BL_TUB,0.5,G,0.2,0.008172147054397843,0.0001125060697846684,-0.00021454752684905014,0.00022579479314744174,0.9971651010581207
7,plate08,2,BL_TUB,0.5,H,0.5,0.01531621941901126,0.00017731867758051615,0.000532375850657182,0.0003558709163069994,0.9979935651625456
