,Plate,Column,Enzyme,E_Conc,Row,S_Conc,slope,slope stderr,int,int stderr,RSQ
0,plate12,2,BL_74V,0.5,A,0.005,4.04355205298386,1.0351060194229904,-0.08772055719312175,0.03462354944524093,0.504297183485978
1,plate12,2,BL_74V,0.5,B,0.01,1.2198951464326064,1.0763686567940616,0.052486391039685894,0.03600375489803891,0.07887681851564643
2,plate12,2,BL_74V,0.5,C,0.02,6.1677366319619225,1.1869267171131717,-0.013704354367338257,0.03970184244546895,0.6428783061453187
3,plate12,2,BL_74V,0.5,D,0.03,7.640534082474351,1.153703837010545,0.021649906141900828,0.038590560430961124,0.7451537032312117
4,plate12,2,BL_74V,0.5,E,0.06,14.80021756592041,0.9341893269012198,0.0777327822768922,0.031247959043118848,0.9436081240856868
5,plate12,2,BL_74V,0.5,F,0.1,27.460415815770876,1.0251736799998101,-0.011036350840220812,0.03429131268124324,0.9795220880124565
6,plate12,2,BL_74V,0.5,G,0.2,49.047788956662146,1.0342343436070938,-0.06157521209837309,0.03459439183807386,0.9933747326442407
7,plate12,2,BL_74V,0.5,H,0.5,94.50588821395243,0.8093339375620937,-0.011874541364709373,0.02707164175321541,0.9989011168160122
