,Plate,Column,Enzyme,E_Conc,Row,S_Conc,slope,slope stderr,int,int stderr,RSQ
0,plate05,3,BL_M37,0.5,A,0.005,0.0001695642076548713,0.00012526839258918305,-3.9686973442529254e-05,0.00025140824658003233,0.10885370075579981
1,plate05,3,BL_M37,0.5,B,0.01,0.000506240576988395,0.0001646038385821677,-0.00043217059216079496,0.00033035277666876664,0.3867226737677729
2,plate05,3,BL_M37,0.5,C,0.02,0.0005570130195115704,0.00012285342151490466,6.798514587074887e-06,0.00024656139713022135,0.5781405843173913
3,plate05,3,BL_M37,0.5,D,0.03,0.0011456805662252256,0.00011677909751202652,-0.0003757427189299069,0.0002343705905930048,0.8651674987369435
4,plate05,3,BL_M37,0.5,E,0.06,0.0019327711796677158,9.569489283683201e-05,-0.00014560466718489628,0.0001920555005186795,0.9645329588018053
5,plate05,3,BL_M37,0.5,F,0.1,0.002985826365801135,0.00011165751294441037,-8.22500054600041e-05,0.00022409178763223682,0.9794542331188707
6,plate05,3,BL_M37,0.5,G,0.2,0.005120371548112926,0.00013462329991646943,0.00021649294228569,0.00027018311187901653,0.9897376061996708
7,plate05,3,BL_M37,0.5,H,0.5,0.01009312221773403,0.00013572762525374622,-0.00014843170420249688,0.0002723994879219807,0.9972947933637825
