,Plate,Column,Enzyme,E_Conc,Row,S_Conc,slope,slope stderr,int,int stderr,RSQ
0,plate12,3,BL_EU4,0.5,A,0.005,0.0018609816439250787,8.974228810196088e-05,-0.00023824794155938352,0.00018010888410543765,0.9662937453327906
1,plate12,3,BL_EU4,0.5,B,0.01,0.003209672519712631,0.00011280459551513159,-3.093314246373261e-05,0.0002263939740082905,0.9818092537425372
2,plate12,3,BL_EU4,0.5,C,0.02,0.005756855446795674,0.00014291074426181686,0.0004569462370420662,0.000286815680654263,0.9908408669995311
3,plate12,3,BL_EU4,0.5,D,0.03,0.007884047381183173,0.00012064381687304503,0.0001249938279699207,0.00024212682553013948,0.9964999082807464
4,plate12,3,BL_EU4,0.5,E,0.06,0.012149965686394797,0.000146779791029837,9.058943154449308e-05,0.00029458060131661614,0.9978156490220567
5,plate12,3,BL_EU4,0.5,F,0.1,0.015270695961533508,0.00010856933013196263,0.0004695422992282741,0.0002178939842670168,0.9992423670185036
6,plate12,3,BL_EU4,0.5,G,0.2,0.019743119131224285,0.00016957892997411796,2.448245450670239e-05,0.00034033658192664533,0.9988946061366138
7,plate12,3,BL_EU4,0.5,H,0.5,0.024630433287443396,0.00016545884894438235,0.0006625462111417598,0.00033206872923478446,0.9993235543851494
