,Plate,Column,Enzyme,E_Conc,Row,S_Conc,slope,slope stderr,int,int stderr,RSQ
0,plate11,5,BL_AXL,0.5,A,0.005,7.583561399339837e-05,0.00016424837629566976,0.00012978360841910363,0.0003296393849924275,0.014012769081019005
1,plate11,5,BL_AXL,0.5,B,0.01,0.00013084051878436485,0.00010242304856455409,0.00036016726686563636,0.00020555862532387292,0.09811777566206448
2,plate11,5,BL_AXL,0.5,C,0.02,0.0008164800821615543,0.00011023665720692856,-0.0002139342180261793,0.00022124020262632543,0.7852783663899294
3,plate11,5,BL_AXL,0.5,D,0.03,0.0007158328625614535,0.0001248881507506,0.00036597865867361433,0.00025064511442670625,0.6865428714090616
4,plate11,5,BL_AXL,0.5,E,0.06,0.0014209383896148084,0.00018148604141797294,0.00028474196040561444,0.00036423463874686655,0.8034088929459522
5,plate11,5,BL_AXL,0.5,F,0.1,0.0025603038432300274,0.00015139528955233705,1.3470925448233473e-05,0.00030384375500296595,0.9501653363680993
6,plate11,5,BL_AXL,0.5,G,0.2,0.004423663684136196,0.00015525916250222458,-0.0005499015356013761,0.0003115984236039319,0.9818577892276348
7,plate11,5,BL_AXL,0.5,H,0.5,0.007798321512414441,0.00018939752954894284,-2.719358470693045e-05,0.00038011215622089564,0.9912298213118711
