,Plate,Column,Enzyme,E_Conc,Row,S_Conc,slope,slope stderr,int,int stderr,RSQ
0,plate03,3,BL_OI6,0.5,A,0.005,1.186157441044653,1.1346490535147713,0.006899387838638894,0.03795319207474839,0.0679091660016784
1,plate03,3,BL_OI6,0.5,B,0.01,3.9479621855375138,1.245608468347467,-0.09878988320149765,0.04166470452933063,0.40109627277564497
2,plate03,3,BL_OI6,0.5,C,0.02,4.240585798583272,0.8706057837492973,-0.010334533000322329,0.029121135968651405,0.6126546228432377
3,plate03,3,BL_OI6,0.5,D,0.03,7.271144544170623,0.8685473227572587,-0.024495500975565753,0.02905228066264055,0.8237035388552847
4,plate03,3,BL_OI6,0.5,E,0.06,11.372269763859931,0.7775750284239311,-0.03985669108858604,0.026009323818362177,0.9344690496608141
5,plate03,3,BL_OI6,0.5,F,0.1,17.293422688683744,0.6789425208061055,0.01119852297935366,0.022710137245644395,0.9774020722372965
6,plate03,3,BL_OI6,0.5,G,0.2,32.45359186848642,0.9340254531401269,-0.022771195976479152,0.031242476499515358,0.9877278560424141
7,plate03,3,BL_OI6,0.5,H,0.5,65.61233646943622,0.7614591548086489,0.019059808334750558,0.025470266853460384,0.9979837813049943
