,Plate,Column,Enzyme,E_Conc,Row,S_Conc,slope,slope stderr,int,int stderr,RSQ
0,plate04,6,BL_33J,0.5,A,0.005,6.206882056937403,0.7138503844231043,0.0008476185424866014,0.023877784525548968,0.8344401567642458
1,plate04,6,BL_33J,0.5,B,0.01,11.98460131093626,0.9058197815847753,0.009490499017614153,0.030299020015075055,0.9210736256742103
2,plate04,6,BL_33J,0.5,C,0.02,23.003976902223005,0.7326510454614846,-0.05349916465295535,0.024506648256931943,0.9850127629228402
3,plate04,6,BL_33J,0.5,D,0.03,29.94756962123439,1.0498222157950596,-0.030136100790131654,0.03511579705474432,0.9819004734625734
4,plate04,6,BL_33J,0.5,E,0.06,44.110376240708305,1.1549461979256765,0.0745730620101974,0.03863211731000376,0.9898213536052214
5,plate04,6,BL_33J,0.5,F,0.1,60.03730568646233,1.2795588780405003,0.028853128668784714,0.04280032109603105,0.9932326226588883
6,plate04,6,BL_33J,0.5,G,0.2,81.41688002373671,1.051545299200108,-0.00429337465238827,0.03517337517181709,0.9975040834244623
7,plate04,6,BL_33J,0.5,H,0.5,111.16368813369905,1.3007666474844062,0.019769641365724795,0.04350972887220805,0.9979503755777817
