,Plate,Column,Enzyme,E_Conc,Row,S_Conc,slope,slope stderr,int,int stderr,RSQ
0,plate08,8,BL_B9Y,0.5,A,0.005,2.606535290609071,1.3265913268005087,-0.03127178551492566,0.04437352316018287,0.20469054755766047
1,plate08,8,BL_B9Y,0.5,B,0.01,3.1294751174368254,1.0665000221596417,0.010925991756046563,0.0356736562502932,0.36468568368368925
2,plate08,8,BL_B9Y,0.5,C,0.02,7.670254263247739,0.8072523734964907,-0.01789674254391333,0.027002009812964013,0.8575254098563967
3,plate08,8,BL_B9Y,0.5,D,0.03,10.648154225260134,0.8779472688089432,-0.0034647043648663315,0.02936669651261716,0.9074644196169876
4,plate08,8,BL_B9Y,0.5,E,0.06,17.28803322860819,0.9745238256813233,0.06803573362951883,0.032597118746890794,0.9545050459209028
5,plate08,8,BL_B9Y,0.5,F,0.1,31.63900430856727,0.9148744287450502,0.004624066072099174,0.03060188037975416,0.9876133019238759
6,plate08,8,BL_B9Y,0.5,G,0.2,57.186617739087595,1.0453658834571817,0.003621472825093471,0.034966695398240745,0.9950126868315071
7,plate08,8,BL_B9Y,0.5,H,0.5,115.49127752045489,1.106333988518621,-0.01410100647419357,0.03700605742437476,0.9986254266517147
