,Plate,Column,Enzyme,E_Conc,Row,S_Conc,slope,slope stderr,int,int stderr,RSQ
0,plate02,8,BL_I82,0.5,A,0.005,4.119352492835288,1.0264507512634495,0.045704319081584295,0.03433403696280886,0.5177744617854917
1,plate02,8,BL_I82,0.5,B,0.01,9.672637517963194,0.8921650043743652,-0.010897482044262517,0.029842277294871957,0.8868297913115014
2,plate02,8,BL_I82,0.5,C,0.02,19.077893029810898,1.1079452801245926,-0.10703063156528343,0.037059970929824125,0.9518458525660615
3,plate02,8,BL_I82,0.5,D,0.03,21.66899897370618,1.122865493537562,0.01140213052939497,0.03755903639692633,0.961281424140534
4,plate02,8,BL_I82,0.5,E,0.06,32.11977635930182,0.9387545805397157,0.02289181772032651,0.03140066082238787,0.9873491150441652
5,plate02,8,BL_I82,0.5,F,0.1,40.93674829072891,0.8551426819451444,0.05331543942109209,0.02860390589808776,0.9934970811465821
6,plate02,8,BL_I82,0.5,G,0.2,53.98266298656275,0.9768670523361624,0.017543749639188026,0.03267550301463428,0.9951120577806647
7,plate02,8,BL_I82,0.5,H,0.5,78.9322395735075,0.826408798247551,-0.009636157722561513,0.02764277251721066,0.9983584324275524
