,Plate,Column,Enzyme,E_Conc,Row,S_Conc,slope,slope stderr,int,int stderr,RSQ
0,plate09,7,BL_N60,0.5,A,0.005,8.038561421840736,0.9797060534034563,-0.02683741741279768,0.032770461419359555,0.8177914345688049
1,plate09,7,BL_N60,0.5,B,0.01,13.383369839969433,1.4569648303139668,0.0057939943080736345,0.04873441729732215,0.8490622208276979
2,plate09,7,BL_N60,0.5,C,0.02,23.70861787585355,1.3167269902976613,0.07895820258848046,0.04404356690235948,0.9557790861955335
3,plate09,7,BL_N60,0.5,D,0.03,36.226003213878556,0.9454056398980928,0.0665327046696663,0.031623135535903936,0.9898871763434159
4,plate09,7,BL_N60,0.5,E,0.06,67.62040079349117,1.3182260214924741,0.05676223420606027,0.04409370738507372,0.9943317778435145
5,plate09,7,BL_N60,0.5,F,0.1,104.57505489155562,1.0410245296067737,0.02696368753665219,0.03482152606623425,0.9985157309348193
6,plate09,7,BL_N60,0.5,G,0.2,169.62205897854943,1.188477396273347,0.056310584628831456,0.03975371805165138,0.9992641508458343
7,plate09,7,BL_N60,0.5,H,0.5,278.98119872926304,0.8631561023514402,-0.0575257938717408,0.028871960348969654,0.9998564318887492
