,Plate,Column,Enzyme,E_Conc,Row,S_Conc,slope,slope stderr,int,int stderr,RSQ
0,plate04,5,BL_Y97,0.5,A,0.005,4.325948186224051,0.7007635907943403,-0.052984620178052784,0.023440036415289123,0.7175582688555165
1,plate04,5,BL_Y97,0.5,B,0.01,3.744239475032658,1.280745602468416,0.002642104205831551,0.04284001863281702,0.3629696681695178
2,plate04,5,BL_Y97,0.5,C,0.02,10.211933924139244,0.8731352950320677,-0.017317327606262263,0.029205744609652747,0.9011789620575757
3,plate04,5,BL_Y97,0.5,D,0.03,14.298709878727305,1.1000545728240532,0.01795948475599442,0.036796032557156896,0.9184573000414604
4,plate04,5,BL_Y97,0.5,E,0.06,27.298471513029867,1.130930196764817,0.031747979449692994,0.03782880064396134,0.9749015424439155
5,plate04,5,BL_Y97,0.5,F,0.1,43.03576040926091,0.8679196342324864,0.010690259047599246,0.02903129018860009,0.9939361311894342
6,plate04,5,BL_Y97,0.5,G,0.2,73.79604525832124,1.091650416460836,0.028686423521349647,0.03651491569080493,0.9967283332996555
7,plate04,5,BL_Y97,0.5,H,0.5,133.45120695348854,0.9654093742577803,0.03793318517575017,0.032292254367073066,0.9992156155656056
