,Plate,Column,Enzyme,E_Conc,Row,S_Conc,slope,slope stderr,int,int stderr,RSQ
0,plate05,10,BL_BF2,0.5,A,0.005,1.450903500879109,0.7572256562316864,0.019362783143492872,0.02532865151225779,0.19663037493743074
1,plate05,10,BL_BF2,0.5,B,0.01,2.9937261858349644,1.1198009467205001,0.04862959407057307,0.037456533465233116,0.322716782055151
2,plate05,10,BL_BF2,0.5,C,0.02,8.295603276960813,0.9363889040790248,0.017343564565010048,0.03132153395716653,0.8395454280237997
3,plate05,10,BL_BF2,0.5,D,0.03,13.156368102295732,1.358133966788995,0.028260894029145552,0.04542860170096316,0.8621826895998952
4,plate05,10,BL_BF2,0.5,E,0.06,25.278441873826782,1.289590837810944,0.0009097351202376428,0.04313589171548741,0.9624281272767623
5,plate05,10,BL_BF2,0.5,F,0.1,42.03096579814512,0.6302207017813684,-0.01375218439348306,0.02108042895802267,0.9966389411064261
6,plate05,10,BL_BF2,0.5,G,0.2,72.48589454271934,1.2988106773641759,0.06400428012266847,0.0434442778717348,0.9952071993479696
7,plate05,10,BL_BF2,0.5,H,0.5,144.9161405679266,1.0893511528555093,0.003343472254094327,0.03643813393887659,0.9991531083853876
