,Plate,Column,Enzyme,E_Conc,Row,S_Conc,slope,slope stderr,int,int stderr,RSQ
0,plate07,8,BL_ZHS,0.5,A,0.005,0.0006333435325488744,0.00014216594720569247,-3.9973986073627386e-05,0.0002853209031803921,0.5695427034831358
1,plate07,8,BL_ZHS,0.5,B,0.01,0.0011694680750601407,0.00012146387354081732,0.00019159344144709486,0.00024377273952190043,0.860724994428119
2,plate07,8,BL_ZHS,0.5,C,0.02,0.0025278643710827764,0.00011750263483429398,-0.0002673440535334799,0.00023582270978229013,0.9686074380234958
3,plate07,8,BL_ZHS,0.5,D,0.03,0.003307531074315963,0.0001421744833138159,0.00032442229451731553,0.0002853380231028523,0.9730316923759097
4,plate07,8,BL_ZHS,0.5,E,0.06,0.0064545735771525895,0.00010141376889798284,-0.00020545264196471892,0.0002035330708014151,0.996310691404513
5,plate07,8,BL_ZHS,0.5,F,0.1,0.00962238426530725,0.00014913121539681217,9.430288567799681e-05,0.0002993000879691748,0.9964099371318919
6,plate07,8,BL_ZHS,0.5,G,0.2,0.016099411177355232,0.00014332819511137754,0.00018127361032949443,0.0002876535953220157,0.9988125391527863
7,plate07,8,BL_ZHS,0.5,H,0.5,0.027374496759939065,0.0001395491961158189,-0.00034711418534773096,0.0002800690977684329,0.999610341601616
