,Plate,Column,Enzyme,E_Conc,Row,S_Conc,slope,slope stderr,int,int stderr,RSQ
0,plate01,2,wt1,0.5,A,0.005,0.0019004676935951233,0.00013215131897862084,0.00022670137751627125,0.0002652219863748641,0.9323754853796453
1,plate01,2,wt1,0.5,B,0.01,0.003795698821541913,0.00012880105614884304,-0.0002880908878278146,0.00025849816421082275,0.9830210972713852
2,plate01,2,wt1,0.5,C,0.02,0.006212693791550656,0.00012355604471422108,0.00033058662122024523,0.0002479716237969577,0.9941021984303517
3,plate01,2,wt1,0.5,D,0.04,0.008505196227659122,0.00015774648343777986,-4.67323641991546e-05,0.0003165905125467448,0.9948665756943715
4,plate01,2,wt1,0.5,E,0.08,0.012680172942213287,0.0001347496950361989,-3.7617656233052737e-06,0.00027044085557454463,0.9983087615478144
5,plate01,2,wt1,0.5,F,0.16,0.01568676879622669,0.0001033782850168502,0.00022420454378749717,0.000207475763305713,0.9993489704442764
6,plate01,2,wt1,0.5,G,0.32,0.01983315077429016,0.00014451651286367912,-0.00043010648807060566,0.0002900383268618089,0.9992042132938119
7,plate01,2,wt1,0.5,H,0.5,0.024421342132975137,0.00015905034859724655,-5.882179371015804e-05,0.00031920744632166274,0.9993641603131067
