,Plate,Column,Enzyme,E_Conc,Row,S_Conc,slope,slope stderr,int,int stderr,RSQ
0,plate04,11,BL_7QZ,0.5,A,0.005,31.99231738609368,1.2595057985885438,0.07143117677662113,0.0421295590762752,0.9772794461276081
1,plate04,11,BL_7QZ,0.5,B,0.01,52.7156373698176,0.8856315778964032,0.004533871863814805,0.029623735611099333,0.9957841753471428
2,plate04,11,BL_7QZ,0.5,C,0.02,70.8405710788247,1.201732520236447,0.08862550471589511,0.04019708875064632,0.9957019418840328
3,plate04,11,BL_7QZ,0.5,D,0.03,82.09436623699833,0.9889791638691423,0.08577591804358017,0.0330806375007659,0.9978278271251336
4,plate04,11,BL_7QZ,0.5,E,0.06,98.48389037422945,1.3069271989410527,0.026929127495002095,0.04371577682938323,0.997365380171155
5,plate04,11,BL_7QZ,0.5,F,0.1,106.06094722664365,1.0487340924252557,0.057380213662222256,0.035079402925857886,0.9985355494907933
6,plate04,11,BL_7QZ,0.5,G,0.2,118.83587975640374,0.84159618097127,-0.029994415725885147,0.02815077508551518,0.9992482453018071
7,plate04,11,BL_7QZ,0.5,H,0.5,140.40220011470458,1.164709925136244,-0.02965400653162794,0.038958710591725815,0.9989688284423459
