,Plate,Column,Enzyme,E_Conc,Row,S_Conc,slope,slope stderr,int,int stderr,RSQ
0,plate05,1,Blank,0.0,A,0.005,-6.279360570297614e-06,9.989371566602059e-05,0.0001024064020080154,0.00020048235959873928,0.00026336076016875154
1,plate05,1,Blank,0.0,B,0.01,0.00017409954962357215,0.0001498872218100867,-0.0001992909771726791,0.0003008171640939874,0.08252213411474596
2,plate05,1,Blank,0.0,C,0.02,0.0001277173744787456,0.00010532111222308391,0.00014625015233064395,0.00021137491124479835,0.08928158740044156
3,plate05,1,Blank,0.0,D,0.03,0.0002579045560757683,0.00012469580619899336,0.0001263228647521482,0.0002502590809355677,0.2219004753124768
4,plate05,1,Blank,0.0,E,0.06,0.0002851588497902528,0.00017664177605988067,0.0003166078889156795,0.0003545123924929319,0.14802134117284027
5,plate05,1,Blank,0.0,F,0.1,0.0007311663819946192,0.0001359756486595989,9.409043688157841e-05,0.00027289723282718226,0.6584243571947128
6,plate05,1,Blank,0.0,G,0.2,0.0014701092723671217,0.0001237726522157784,9.284142989022846e-05,0.00024840634563302275,0.9038923148100774
7,plate05,1,Blank,0.0,H,0.5,0.0037467214283318636,0.00013580898691309618,5.999608225316862e-05,0.0002725626924093279,0.9806728041665653
