,Plate,Column,Enzyme,E_Conc,Row,S_Conc,slope,slope stderr,int,int stderr,RSQ
0,plate04,6,BL_33J,0.5,A,0.005,0.0007846920482482808,9.024703791007408e-05,6.429503806926372e-06,0.00018112193022300652,0.8344401567642458
1,plate04,6,BL_33J,0.5,B,0.01,0.0015151280890872657,0.00011451636638739116,7.198898620642874e-05,0.0002298294041109215,0.9210736256742103
2,plate04,6,BL_33J,0.5,C,0.02,0.002908229540641255,9.262387205696094e-05,-0.00040581118222646065,0.00018589209693396975,0.9850127629228402
3,plate04,6,BL_33J,0.5,D,0.03,0.0037860586894637362,0.00013272157216005588,-0.00022859360082856035,0.0002663664602999189,0.9819004734625734
4,plate04,6,BL_33J,0.5,E,0.06,0.005576561816997448,0.00014601165115646456,0.0005656645791185008,0.00029303906517385046,0.9898213536052214
5,plate04,6,BL_33J,0.5,F,0.1,0.00759009047348705,0.00016176554792782626,0.00021886177722524303,0.0003246564505506351,0.9932326226588883
6,plate04,6,BL_33J,0.5,G,0.2,0.010292958326218571,0.00013293940936624204,-3.256685323460573e-05,0.00026680321186251335,0.9975040834244623
7,plate04,6,BL_33J,0.5,H,0.5,0.014053636162615605,0.00016444669570718764,0.000149960127169476,0.00033003757397935643,0.9979503755777817
