,Plate,Column,Enzyme,E_Conc,Row,S_Conc,slope,slope stderr,int,int stderr,RSQ
0,plate10,9,BL_3L3,0.5,A,0.005,3.0618164399405536,1.1582865922477315,0.019892551742330126,0.03874385015150795,0.31779641869142694
1,plate10,9,BL_3L3,0.5,B,0.01,8.632861415430664,0.8923303167546478,-0.007492404878957786,0.02984780489293288,0.8618736264649896
2,plate10,9,BL_3L3,0.5,C,0.02,14.419523872263982,0.9891075984579757,0.04365417987542657,0.03308493435793049,0.9340738536378107
3,plate10,9,BL_3L3,0.5,D,0.03,21.462437034209792,1.3327575298859984,0.04225794972653334,0.04457977785958168,0.9453216935418345
4,plate10,9,BL_3L3,0.5,E,0.06,42.395211556653635,1.4030831725006667,0.05814152311233087,0.04693212075001804,0.9838360592868736
5,plate10,9,BL_3L3,0.5,F,0.1,67.21142272551569,1.121896160860178,0.04219444909710121,0.03752662419940487,0.9958380254888142
6,plate10,9,BL_3L3,0.5,G,0.2,117.62857637168827,1.1003306615727204,0.013611477347692474,0.03680525772431183,0.9986891856584604
7,plate10,9,BL_3L3,0.5,H,0.5,211.86911594645326,1.299627707553289,0.00557196926715287,0.043471748961931254,0.9994359050997401
