,Plate,Column,Enzyme,E_Conc,Row,S_Conc,slope,slope stderr,int,int stderr,RSQ
0,plate06,3,BL_A3M,0.5,A,0.005,21.806994942106357,0.856163571033075,-0.022894793305312293,0.028638055213251846,0.9774011682780781
1,plate06,3,BL_A3M,0.5,B,0.01,39.679003569052696,1.1568245814849152,0.040223636542190376,0.03869494835143477,0.9874106712123033
2,plate06,3,BL_A3M,0.5,C,0.02,72.92633226129651,1.383042195964164,0.0965791761279165,0.046261766358369066,0.9946339246744341
3,plate06,3,BL_A3M,0.5,D,0.03,102.4420561450504,0.8329797577487066,0.04634688193873781,0.027862566797729988,0.9990092300038567
4,plate06,3,BL_A3M,0.5,E,0.06,164.2922704757695,1.2980930346703128,0.10703166897595813,0.04342027557144943,0.9990644607885473
5,plate06,3,BL_A3M,0.5,F,0.1,216.01335697070948,1.2204620388823073,0.12352940572936859,0.040823577550513995,0.999521402171706
6,plate06,3,BL_A3M,0.5,G,0.2,285.7255385138412,1.1987941267130837,0.13197045978093636,0.04009880098978749,0.9997360218568303
7,plate06,3,BL_A3M,0.5,H,0.5,368.1305529565261,1.0941749848451245,-0.00803663727568628,0.03659943185105084,0.9998675023702048
