,Plate,Column,Enzyme,E_Conc,Row,S_Conc,slope,slope stderr,int,int stderr,RSQ
0,plate04,3,BL_LN5,0.5,A,0.005,29.00916249946318,1.054746152474146,0.02476469755949685,0.035280495271892524,0.9805558539868094
1,plate04,3,BL_LN5,0.5,B,0.01,45.79188826315454,1.3055941543311058,0.06668224364607252,0.04367118290111016,0.9879533290058201
2,plate04,3,BL_LN5,0.5,C,0.02,63.29194693145726,1.3312247822570549,0.015173458026966019,0.04452849503322747,0.9934078980845422
3,plate04,3,BL_LN5,0.5,D,0.03,75.34737974160424,1.8019441613076799,-0.06056120477263057,0.060273726839795545,0.9914939562055096
4,plate04,3,BL_LN5,0.5,E,0.06,87.88301499663079,0.7484339124680935,-0.028946129096987083,0.02503457477485586,0.9989132848826916
5,plate04,3,BL_LN5,0.5,F,0.1,94.4516598925849,0.9234439509486008,0.0036403574104206717,0.03088858578019224,0.9985682209000883
6,plate04,3,BL_LN5,0.5,G,0.2,103.51959354966128,0.9647651498957559,0.0002617401926587827,0.032270348456704706,0.9986990904473889
7,plate04,3,BL_LN5,0.5,H,0.5,125.29456852257415,1.4932236944578738,0.01946088265773905,0.04994728436890992,0.997874052054323
