,Plate,Column,Enzyme,E_Conc,Row,S_Conc,slope,slope stderr,int,int stderr,RSQ
0,plate07,5,BL_QBF,0.5,A,0.005,7.181065008988063,1.0194885286704751,-0.004996416975617073,0.034101156241333024,0.7678557776217128
1,plate07,5,BL_QBF,0.5,B,0.01,14.112541178730677,1.1663390115694694,-0.01344424432884828,0.03901320203557066,0.907066995741645
2,plate07,5,BL_QBF,0.5,C,0.02,26.855755152692353,1.225473211923035,-0.012978955411073861,0.04099119915958085,0.9697122349562568
3,plate07,5,BL_QBF,0.5,D,0.03,39.374166456999944,0.8506428820243359,0.01077940304745845,0.0284533838234429,0.9930476236060831
4,plate07,5,BL_QBF,0.5,E,0.06,70.70336149339407,1.0985102658804058,0.048088019940190546,0.03674437215739423,0.9963921418157351
5,plate07,5,BL_QBF,0.5,F,0.1,108.20059021482876,0.9938229705547975,0.022602225823557493,0.03324265401180969,0.9987361366598778
6,plate07,5,BL_QBF,0.5,G,0.2,175.52522260262276,1.2128016841451341,0.07849121391653056,0.040567341098333855,0.9992843831510018
7,plate07,5,BL_QBF,0.5,H,0.5,289.4453691514429,0.9635577657146728,-0.01519325305404249,0.03223028839573144,0.9998337964179269
