,Plate,Column,Enzyme,E_Conc,Row,S_Conc,slope,slope stderr,int,int stderr,RSQ
0,plate02,6,BL_L5Q,0.5,A,0.005,0.00045711234734738406,0.00010424131481171143,-5.861297622602999e-05,0.00020920781079106365,0.5617803955150877
1,plate02,6,BL_L5Q,0.5,B,0.01,0.0008940409621611261,0.00011320079718907165,4.61720779937606e-05,0.00022718911389188137,0.8061408254336289
2,plate02,6,BL_L5Q,0.5,C,0.02,0.0017444185576974004,0.00012450439193336762,7.792392996782931e-05,0.0002498749461852868,0.9290126532762912
3,plate02,6,BL_L5Q,0.5,D,0.03,0.002607281984377925,0.00012549316816941273,8.934368593827904e-05,0.0002518594019979333,0.9664169460105271
4,plate02,6,BL_L5Q,0.5,E,0.06,0.00434754870592294,9.62776345038042e-05,0.0004291734987390952,0.0001932250426818805,0.9926975248154339
5,plate02,6,BL_L5Q,0.5,F,0.1,0.006646792194840889,0.0001290570436316962,0.00021731928906637145,0.0002590118772504285,0.9943768292841972
6,plate02,6,BL_L5Q,0.5,G,0.2,0.010344989567361743,0.00011091929419773278,0.0005173358994449568,0.00022261024266966538,0.9982785388335909
7,plate02,6,BL_L5Q,0.5,H,0.5,0.01680128492310884,0.00012428339192633426,-2.8861854228123818e-05,0.0002494319471133968,0.9991798733087133
