,Plate,Column,Enzyme,E_Conc,Row,S_Conc,slope,slope stderr,int,int stderr,RSQ
0,plate03,11,BL_825,0.5,A,0.005,0.0008250272786410173,0.00015391840866528733,0.0001318461630004533,0.0003089075741045605,0.6569963700033206
1,plate03,11,BL_825,0.5,B,0.01,0.0017238602132592393,0.00011506587909918774,-6.557358200548092e-05,0.00023093221805853137,0.9373553218827263
2,plate03,11,BL_825,0.5,C,0.02,0.003441709045054327,0.00013315651605296224,-0.00031037916512989305,0.0002672393686318682,0.9780403916494892
3,plate03,11,BL_825,0.5,D,0.03,0.004588030504620539,9.06533768755087e-05,0.0001821090251244205,0.00018193738937656416,0.9941780206162879
4,plate03,11,BL_825,0.5,E,0.06,0.008610234574038292,0.00012515200666692543,-0.0002931871138371255,0.0002511746715641937,0.9968409026219881
5,plate03,11,BL_825,0.5,F,0.1,0.011870286319068519,0.00010723216347357225,0.0004017521349171477,0.00021521032138909326,0.9987773906618915
6,plate03,11,BL_825,0.5,G,0.2,0.018057350194864284,0.0001541052538783535,0.0002143862633332158,0.00030928250749444195,0.9989087006333206
7,plate03,11,BL_825,0.5,H,0.5,0.026963413988963403,0.00016244518845004942,-0.00027992518076902506,0.00032602052277115715,0.9994558482621015
