,Plate,Column,Enzyme,E_Conc,Row,S_Conc,slope,slope stderr,int,int stderr,RSQ
0,plate07,3,BL_BNN,0.5,A,0.005,8.856477318515283,0.8908207754222092,-0.042598947548929705,0.02979731182601163,0.868238399624228
1,plate07,3,BL_BNN,0.5,B,0.01,16.657513541560068,1.0851790553424214,0.00834181489583503,0.03629845728103762,0.9401491310257791
2,plate07,3,BL_BNN,0.5,C,0.02,31.845784556148146,1.1358245009947012,0.0034471866098608472,0.03799250981219041,0.981275899918688
3,plate07,3,BL_BNN,0.5,D,0.03,44.20407623859947,1.1046702823163805,-0.0080177584391978,0.0369504257476016,0.9907192444781826
4,plate07,3,BL_BNN,0.5,E,0.06,71.52603022666763,0.9587295835553916,0.05650594325120311,0.03206881008585459,0.9973122660049659
5,plate07,3,BL_BNN,0.5,F,0.1,99.26488153850457,0.9999309290991879,0.05618605984938392,0.03344696577686414,0.9984802251460684
6,plate07,3,BL_BNN,0.5,G,0.2,140.53085693371213,1.1505541905221799,0.048973030817494774,0.03848521997349193,0.9989955551142665
7,plate07,3,BL_BNN,0.5,H,0.5,193.1817523931793,1.089021449110574,0.009545347509174124,0.036426982820463485,0.9995235398350245
