,Plate,Column,Enzyme,E_Conc,Row,S_Conc,slope,slope stderr,int,int stderr,RSQ
0,plate02,3,BL_8MM,0.5,A,0.005,0.0002655021270352237,0.0001057096149235023,-6.0628517618066346e-05,0.00021215462362306472,0.29604640028689033
1,plate02,3,BL_8MM,0.5,B,0.01,0.00032824666809640413,0.00013020212695892894,-0.00026358376271739506,0.0002613100319269386,0.29761192894622734
2,plate02,3,BL_8MM,0.5,C,0.02,0.00014706766355438382,0.00016121249252443038,0.00045272600697363047,0.00032354649314184704,0.05256482844349131
3,plate02,3,BL_8MM,0.5,D,0.03,0.0005870498727050957,0.00012254256424021315,6.345391843136005e-05,0.0002459376285405166,0.604739433033611
4,plate02,3,BL_8MM,0.5,E,0.06,0.0012685114946202865,9.528236055625217e-05,-0.0002191998663602332,0.0001912275676148264,0.9219728785396457
5,plate02,3,BL_8MM,0.5,F,0.1,0.0019189581591143425,0.00012542898461793823,0.0002131665295309124,0.00025173053574895885,0.9397746007857992
6,plate02,3,BL_8MM,0.5,G,0.2,0.003857874373496574,0.0001503353600832744,-0.00040037474221506436,0.0003017165677395486,0.9777291911054479
7,plate02,3,BL_8MM,0.5,H,0.5,0.00786510252315975,0.00016369351718694455,2.8438410801800984e-06,0.000328530113206981,0.9935443090179814
