,Plate,Column,Enzyme,E_Conc,Row,S_Conc,slope,slope stderr,int,int stderr,RSQ
0,plate08,4,BL_17L,0.5,A,0.005,4.804122205741279,1.1772107943116463,-0.018400045993352928,0.0393768519041238,0.526126850022137
1,plate08,4,BL_17L,0.5,B,0.01,8.365427215914009,1.1725482090529131,0.0007092217989868323,0.03922089911290956,0.7723805836075057
2,plate08,4,BL_17L,0.5,C,0.02,15.416826313450455,1.0089855376779484,0.048107846332815334,0.03374983736218775,0.939629109457857
3,plate08,4,BL_17L,0.5,D,0.03,23.511197187386617,1.1805991390348143,0.017375922095888986,0.03949019136067318,0.9635561695761138
4,plate08,4,BL_17L,0.5,E,0.06,44.72505493929955,0.9610734136109513,0.0035387430555754934,0.03214723498721941,0.9931213019282329
5,plate08,4,BL_17L,0.5,F,0.1,72.40254185466581,1.1978538659962927,-0.05445567242252055,0.040067344969265485,0.9959110500364026
6,plate08,4,BL_17L,0.5,G,0.2,121.05632323739279,1.038845560916488,0.03323840423177039,0.03474862410232799,0.9988965871312426
7,plate08,4,BL_17L,0.5,H,0.5,219.2260361228155,1.1732927766632928,-0.02892087690814212,0.03924579189222147,0.9995705305830161
