,Plate,Column,Enzyme,E_Conc,Row,S_Conc,slope,slope stderr,int,int stderr,RSQ
0,plate09,7,BL_N60,0.5,A,0.005,0.0010162582709338944,0.00012385728336293257,-0.00020357185310912704,0.0002485762119271201,0.8177914345688049
1,plate09,7,BL_N60,0.5,B,0.01,0.0016919644671598102,0.00018419372342462175,4.3949614825301e-05,0.0003696687906593599,0.8490622208276979
2,plate09,7,BL_N60,0.5,C,0.02,0.002997312298103967,0.0001664644485785959,0.0005989275112380207,0.00033408693518973233,0.9557790861955335
3,plate09,7,BL_N60,0.5,D,0.03,0.004579796490570539,0.00011952092551330924,0.0005046754601472034,0.00023987331579435915,0.9898871763434159
4,plate09,7,BL_N60,0.5,E,0.06,0.008548767370681389,0.00016665396045393934,0.000430562785763125,0.0003344672695127011,0.9943317778435145
5,plate09,7,BL_N60,0.5,F,0.1,0.01322068202130794,0.00013160934313240496,0.00020452965924635705,0.0002641343047416616,0.9985157309348193
6,plate09,7,BL_N60,0.5,G,0.2,0.021444113109770176,0.00015025076259281685,0.0004271368547214675,0.00030154682648015626,0.9992641508458343
7,plate09,7,BL_N60,0.5,H,0.5,0.035269613027195605,0.0001091227002058346,-0.0004363546715363011,0.00021900462256588965,0.9998564318887492
