,Plate,Column,Enzyme,E_Conc,Row,S_Conc,slope,slope stderr,int,int stderr,RSQ
0,plate05,5,BL_LOG,0.5,A,0.005,0.0004446079487851379,8.926776302107e-05,-0.0005814828788109636,0.0001791565359945827,0.6231769312825445
1,plate05,5,BL_LOG,0.5,B,0.01,0.0003701009278673131,0.00016112534243850103,-0.0002212003266061244,0.0003233715904303518,0.2602126036765432
2,plate05,5,BL_LOG,0.5,C,0.02,0.0005778113803394911,0.00017294825220452563,-5.674866449528695e-05,0.0003470996729094693,0.42664808724343595
3,plate05,5,BL_LOG,0.5,D,0.03,0.0007471939066954205,0.00011095343303018023,0.0001288004480404762,0.0002226787388221671,0.7514532497772545
4,plate05,5,BL_LOG,0.5,E,0.06,0.001776233168668425,0.0001201067508351584,-0.0001740917146822659,0.0002410490381631891,0.935817413854858
5,plate05,5,BL_LOG,0.5,F,0.1,0.0026295286335225104,8.836427968538364e-05,0.0001019106491846766,0.00017734328475077447,0.9833431118151265
6,plate05,5,BL_LOG,0.5,G,0.2,0.0051778753438356875,0.00014692569607982603,-0.00022446122504669855,0.00029487348445771783,0.9880664533760969
7,plate05,5,BL_LOG,0.5,H,0.5,0.010642669315459216,0.00015941385920192438,-0.0004277102937433943,0.00031993672690446164,0.9966458456904713
