,Plate,Column,Enzyme,E_Conc,Row,S_Conc,slope,slope stderr,int,int stderr,RSQ
0,plate06,10,BL_21E,0.5,A,0.005,5.941319735468526,1.0425645651569333,-0.047974519496312096,0.03487303231277408,0.684049597668485
1,plate06,10,BL_21E,0.5,B,0.01,8.495177177832845,0.9918251211175549,0.00868552961891522,0.03317583699597406,0.8302448711014029
2,plate06,10,BL_21E,0.5,C,0.02,14.688353695749273,1.1469510432855667,0.021206573349036494,0.03836468293932894,0.9162033571572041
3,plate06,10,BL_21E,0.5,D,0.03,19.034009060883427,1.502858115649967,0.04962931188045351,0.050269518391821685,0.9144848299850521
4,plate06,10,BL_21E,0.5,E,0.06,31.735950759336596,0.8875902218383491,0.015240544957155724,0.029689253617524128,0.9884029564236386
5,plate06,10,BL_21E,0.5,F,0.1,41.403137117337124,0.9307218351581807,-0.005518217815791608,0.031131975213987972,0.9924771055589477
6,plate06,10,BL_21E,0.5,G,0.2,56.624921506710805,1.3429980912283448,-0.04611658671811435,0.04492232071783569,0.9916328446632267
7,plate06,10,BL_21E,0.5,H,0.5,82.11736131385487,1.3485349346466118,-0.04584429661407263,0.04510752604517415,0.9959710425986557
