,Plate,Column,Enzyme,E_Conc,Row,S_Conc,slope,slope stderr,int,int stderr,RSQ
0,plate09,3,BL_RY5,0.5,A,0.005,0.00039205328671323546,8.920378633574507e-05,7.758089093458831e-05,0.0001790281378590439,0.5628897504513655
1,plate09,3,BL_RY5,0.5,B,0.01,0.0008343535874641844,0.0001714781495311776,2.2890712804495095e-05,0.0003441492333891447,0.6121485543274199
2,plate09,3,BL_RY5,0.5,C,0.02,0.0017129908168649417,0.00010460931752396304,-2.496378622175365e-05,0.0002099463306224359,0.9470236054621222
3,plate09,3,BL_RY5,0.5,D,0.03,0.0025266033467479213,0.00011605388388734871,-5.386153850531308e-05,0.00023291510975365854,0.9693235548314395
4,plate09,3,BL_RY5,0.5,E,0.06,0.004706013195732949,0.00014338618779555202,0.00018398157027943457,0.00028776990785982156,0.9862660968026743
5,plate09,3,BL_RY5,0.5,F,0.1,0.007367635868620497,0.0001553594747055876,0.00038534664015911767,0.0003117997440928434,0.9933744274662338
6,plate09,3,BL_RY5,0.5,G,0.2,0.0134753040494099,0.00011183650932542746,-0.0001614589180397927,0.00022445114320376395,0.9989678724977776
7,plate09,3,BL_RY5,0.5,H,0.5,0.02412368192228343,0.00020510388286465244,0.0005380708864508217,0.0004116346320507644,0.9989168678495471
