,Plate,Column,Enzyme,E_Conc,Row,S_Conc,slope,slope stderr,int,int stderr,RSQ
0,plate10,10,BL_05Y,0.5,A,0.005,4.495063541004317,0.855940381516159,-0.07913046399017593,0.028630587992852896,0.6477168839416307
1,plate10,10,BL_05Y,0.5,B,0.01,4.291477650142924,0.9893254372961532,5.520146627334004e-05,0.03309250218075995,0.5564193547372499
2,plate10,10,BL_05Y,0.5,C,0.02,8.114518723042945,1.4025712140125124,0.03592664535274771,0.04691499453298481,0.69054006699533
3,plate10,10,BL_05Y,0.5,D,0.03,11.014632036156554,0.7977379129664282,0.08127791500852392,0.02668375809896435,0.9270578458594086
4,plate10,10,BL_05Y,0.5,E,0.06,24.365213937463754,0.981722527412354,0.03054355508703448,0.03283791192666121,0.9762272503118803
5,plate10,10,BL_05Y,0.5,F,0.1,41.06273376754924,1.0510908498905682,-0.01095228965051539,0.03515823197279416,0.9902674030695982
6,plate10,10,BL_05Y,0.5,G,0.2,73.99503811553241,0.9376187426890102,0.004924936000123067,0.031362664763819784,0.9975973312467169
7,plate10,10,BL_05Y,0.5,H,0.5,146.75434032969432,1.299444010441781,0.08280043646655999,0.0434654627144745,0.9988253350944483
