,Plate,Column,Enzyme,E_Conc,Row,S_Conc,slope,slope stderr,int,int stderr,RSQ
0,plate06,7,BL_6JO,0.5,A,0.005,0.0014875905569986221,0.00013984118835091882,0.00034448617489258503,0.0002806552110186774,0.8829596679354647
1,plate06,7,BL_6JO,0.5,B,0.01,0.0030636696130046637,0.00013268001725995774,0.00027385936737557966,0.0002662830351606019,0.9726366711139413
2,plate06,7,BL_6JO,0.5,C,0.02,0.005225232921930445,0.00011612917671269691,6.362420492900256e-06,0.00023306590169478301,0.9926453575794271
3,plate06,7,BL_6JO,0.5,D,0.03,0.006798803752410141,0.00017991151021725825,0.00015004026421560785,0.00036107466558204333,0.9896054283647555
4,plate06,7,BL_6JO,0.5,E,0.06,0.009798218157076363,0.0001267573741247048,0.00032058438839071906,0.000254396592455139,0.9974958819784359
5,plate06,7,BL_6JO,0.5,F,0.1,0.012238884242399271,0.00014872117619265488,-0.0003675473636975324,0.0002984769744732594,0.9977899994971863
6,plate06,7,BL_6JO,0.5,G,0.2,0.01471624642683742,0.0001572991720377792,8.504406808563024e-05,0.0003156929407938031,0.9982891630895322
7,plate06,7,BL_6JO,0.5,H,0.5,0.01857808523739244,0.0001004941151189185,-5.242241802846508e-05,0.00020168687809025824,0.9995612912556814
