,Plate,Column,Enzyme,E_Conc,Row,S_Conc,slope,slope stderr,int,int stderr,RSQ
0,plate11,3,BL_73C,0.5,A,0.005,0.6066662757792161,1.32577300366493,0.04138303614318139,0.044346150709378265,0.013767315858725038
1,plate11,3,BL_73C,0.5,B,0.01,1.6503916567081187,0.8611625691647714,-0.005360475774115175,0.028805266224049275,0.1966948298851664
2,plate11,3,BL_73C,0.5,C,0.02,3.557990957458986,0.6420859888213314,-0.03827874632486137,0.021477313032845766,0.6718155369960326
3,plate11,3,BL_73C,0.5,D,0.03,5.058169066192947,1.1344401308026242,-0.05704516882532925,0.03794620379314777,0.5699581628273396
4,plate11,3,BL_73C,0.5,E,0.06,8.73463706777643,1.2859047479816632,-0.003773628522443805,0.04301258354419014,0.7546591046948445
5,plate11,3,BL_73C,0.5,F,0.1,13.370234022124187,0.9039012818900068,-0.031173834820262536,0.03023484617153708,0.9358410292261702
6,plate11,3,BL_73C,0.5,G,0.2,23.97964812506275,0.8476616133674787,0.007870010454217799,0.028353671839679098,0.9816013438143272
7,plate11,3,BL_73C,0.5,H,0.5,48.78266709454333,1.3484455791112715,0.026152741216965352,0.04510452593127941,0.9886687587828962
