,Plate,Column,Enzyme,E_Conc,Row,S_Conc,slope,slope stderr,int,int stderr,RSQ
0,plate10,12,BL_O6N,0.5,A,0.005,0.000565578106454971,0.0001307670870076485,3.841925106722804e-05,0.00026244388235515276,0.5549795707796399
1,plate10,12,BL_O6N,0.5,B,0.01,0.0008009175588684787,0.00017011762543239846,-9.449985641350958e-05,0.00034141869919004247,0.5963996094585231
2,plate10,12,BL_O6N,0.5,C,0.02,0.0016433898241868805,0.00016658580920910388,2.2703821184966166e-05,0.0003343304777488493,0.8664539641695259
3,plate10,12,BL_O6N,0.5,D,0.03,0.002319963808734139,0.00011378980304692322,0.0002529228276058272,0.0002283712038841893,0.9651710989011966
4,plate10,12,BL_O6N,0.5,E,0.06,0.004766879239876816,0.00018707789105878273,-0.00019266617009085492,0.00037545725576322537,0.9774187118617201
5,plate10,12,BL_O6N,0.5,F,0.1,0.007477287264193328,0.00013133006542173604,-0.0001790360165674447,0.00026357371559843356,0.9953939750234703
6,plate10,12,BL_O6N,0.5,G,0.2,0.013160758776397247,0.000117340439090596,0.00028109596328905077,0.00023549712509836422,0.9988090132275268
7,plate10,12,BL_O6N,0.5,H,0.5,0.025267775913095335,0.00016032152489870485,0.00024054282111719675,0.00032175825486278084,0.9993964981120554
