,Plate,Column,Enzyme,E_Conc,Row,S_Conc,slope,slope stderr,int,int stderr,RSQ
0,plate09,2,BL_I07,0.5,A,0.005,0.005903080077871968,0.00018897513498406692,0.002432217837437818,0.0003792649127756543,0.9848602795091236
1,plate09,2,BL_I07,0.5,B,0.01,0.011563748751621486,0.00023721723212061653,0.0023013907385655234,0.00047608471315718293,0.9937273125251752
2,plate09,2,BL_I07,0.5,C,0.02,0.019352524926643733,0.00021820175569176633,0.0023594032482922426,0.000437921474925785,0.9980967097367578
3,plate09,2,BL_I07,0.5,D,0.03,0.024526340317062783,0.0002184125972580209,0.0020475030386470756,0.00043834465226202756,0.9988118672201384
4,plate09,2,BL_I07,0.5,E,0.06,0.03290881484772898,0.00020738001421769932,0.0005959392729900448,0.0004162026350874036,0.9994046916632904
5,plate09,2,BL_I07,0.5,F,0.1,0.037408213492210345,0.00014442490122911899,0.00048754175754934837,0.00028985451310734294,0.9997764655205403
6,plate09,2,BL_I07,0.5,G,0.2,0.04212046462684942,0.0001556271104229154,3.361632440513453e-05,0.0003123350973711582,0.9997952687651002
7,plate09,2,BL_I07,0.5,H,0.5,0.04687148093371418,0.00010449143062219486,6.450291451032264e-05,0.00020970997565199394,0.9999254583508379
