,Plate,Column,Enzyme,E_Conc,Row,S_Conc,slope,slope stderr,int,int stderr,RSQ
0,plate01,4,BL_z1n,0.5,A,0.005,0.0006892874509949295,0.00011911834383218459,2.9392769855006756e-05,0.0002390653717740919,0.6906224503358205
1,plate01,4,BL_z1n,0.5,B,0.01,0.001164624799101416,0.000169522519789708,9.539641436490111e-05,0.00034022438262567054,0.7588319807503806
2,plate01,4,BL_z1n,0.5,C,0.02,0.0022618514081200374,0.00012252782579978545,-0.00027176016790442275,0.00024590803485484696,0.9578376830119735
3,plate01,4,BL_z1n,0.5,D,0.04,0.0028068759826016536,0.00015510651842279673,0.00020594683203218022,0.0003112920393772925,0.9562019820866231
4,plate01,4,BL_z1n,0.5,E,0.08,0.004525029898210732,0.00015138971142224814,-0.00020956510809023106,0.0003038325857162021,0.9834876086836808
5,plate01,4,BL_z1n,0.5,F,0.16,0.005556703498066499,0.0001477239906295002,0.00018448362287137813,0.0002964756601254208,0.9895099158433143
6,plate01,4,BL_z1n,0.5,G,0.32,0.007358213216700581,0.00015183281395439113,4.179812444142281e-05,0.00030472218624422854,0.993653799915526
7,plate01,4,BL_z1n,0.5,H,0.5,0.010233863827842058,0.00011849679002838074,0.00048553919251171084,0.00023781796222573735,0.9979929747884206
