,Plate,Column,Enzyme,E_Conc,Row,S_Conc,slope,slope stderr,int,int stderr,RSQ
0,plate07,9,BL_ZAP,0.5,A,0.005,34.71614149004024,1.0806074435923956,0.08377324601297502,0.03614553856270196,0.9856748917015381
1,plate07,9,BL_ZAP,0.5,B,0.01,65.9587246813938,1.5442346952589292,0.12768334527510652,0.051653537143287825,0.9918451264697092
2,plate07,9,BL_ZAP,0.5,C,0.02,113.9268627274576,0.954649657652801,0.20167913322219552,0.03193234393469764,0.9989478686149987
3,plate07,9,BL_ZAP,0.5,D,0.03,152.15751243299346,1.4854873632545214,0.21655861421414116,0.0496884822121595,0.9985723491199967
4,plate07,9,BL_ZAP,0.5,E,0.06,225.29888249107506,1.7114088183430267,0.1766731836370319,0.05724538710048061,0.9991352213361321
5,plate07,9,BL_ZAP,0.5,F,0.1,276.77233725754974,1.008564798409807,0.10667104616310145,0.03373577269279768,0.9998008560304902
6,plate07,9,BL_ZAP,0.5,G,0.2,334.6707068759036,1.6987988191802386,0.04763742430888832,0.056823612856986436,0.9996136572973379
7,plate07,9,BL_ZAP,0.5,H,0.5,390.56799350390366,1.3834085793450028,0.011206988907816774,0.046273979282444186,0.9998118431676097
