,Plate,Column,Enzyme,E_Conc,Row,S_Conc,slope,slope stderr,int,int stderr,RSQ
0,plate05,12,BL_S8Q,0.5,A,0.005,-0.16029342932502902,1.0516829810746982,0.06570765665999283,0.035178037326170794,0.0015463107152622335
1,plate05,12,BL_S8Q,0.5,B,0.01,5.62316122561346,1.0169276285692839,-0.0490760779669876,0.034015495123585336,0.670879572060524
2,plate05,12,BL_S8Q,0.5,C,0.02,4.328717623115998,1.1541842944228902,0.08428363068706934,0.03860663132071073,0.4839317347448109
3,plate05,12,BL_S8Q,0.5,D,0.03,9.313916751391943,1.1080014246345002,0.024409935856695354,0.037061848625761534,0.8248925602911826
4,plate05,12,BL_S8Q,0.5,E,0.06,18.51826806665727,0.7635676798517906,0.01783541755786731,0.025540784889788486,0.975131553155755
5,plate05,12,BL_S8Q,0.5,F,0.1,31.382958808106398,0.9937861404134455,-0.017858237959663285,0.03324143182640947,0.9851814507170088
6,plate05,12,BL_S8Q,0.5,G,0.2,56.55579737042701,1.1855681172508412,0.0015631321966822227,0.03965640062162992,0.9934515769998118
7,plate05,12,BL_S8Q,0.5,H,0.5,110.43105314244303,0.7725952909117442,-0.009305315151956383,0.025842741045403884,0.999266341351038
