,Plate,Column,Enzyme,E_Conc,Row,S_Conc,slope,slope stderr,int,int stderr,RSQ
0,plate04,1,Blank,0.0,A,0.005,6.138345905273085e-05,0.0001335980657578697,-7.703048764842546e-05,0.00026812553542917476,0.013878467845078513
1,plate04,1,Blank,0.0,B,0.01,-9.796030998138312e-07,0.00014451155989227303,0.0001557236030388059,0.00029002838373306936,3.0643794597384755e-06
2,plate04,1,Blank,0.0,C,0.02,4.485147151881412e-05,9.512334077611209e-05,0.00020744142141936866,0.00019090842740630232,0.014604885845928561
3,plate04,1,Blank,0.0,D,0.03,0.00019448654839291485,0.00014277189323108722,2.622516254636029e-05,0.0002865370200321735,0.1100901472197181
4,plate04,1,Blank,0.0,E,0.06,0.000360547754937138,0.00010094809509919426,0.00018134577249853318,0.00020259846008382034,0.45958479052689294
5,plate04,1,Blank,0.0,F,0.1,0.0008631417244925828,0.0001307004830917849,-0.0001436769486623728,0.00026231021356765507,0.7440813904976246
6,plate04,1,Blank,0.0,G,0.2,0.0017517102584442726,0.0001058535591475404,-0.0005410796289865603,0.00021244351155444327,0.9480700293706421
7,plate04,1,Blank,0.0,H,0.5,0.0038120354852291954,9.234646188891473e-05,-7.798294096915837e-05,0.00018533531951729239,0.9912740796340327
