,Plate,Column,Enzyme,E_Conc,Row,S_Conc,slope,slope stderr,int,int stderr,RSQ
0,plate04,5,BL_Y97,0.5,A,0.005,0.000546898927952083,8.859256746849711e-05,-0.00040190816985191566,0.00017780144700996377,0.7175582688555165
1,plate04,5,BL_Y97,0.5,B,0.01,0.0004733576239799129,0.00016191557707507043,2.0041349024592227e-05,0.0003249575712211932,0.3629696681695178
2,plate04,5,BL_Y97,0.5,C,0.02,0.0012910223319859257,0.00011038429871416677,-0.00013135840969644006,0.00022153650107866764,0.9011789620575757
3,plate04,5,BL_Y97,0.5,D,0.03,0.0018076844120963793,0.00013907209256044982,0.00013622941195971718,0.00027911167529675256,0.9184573000414604
4,plate04,5,BL_Y97,0.5,E,0.06,0.003451152016279207,0.00014297547857113492,0.00024082030359458297,0.00028694560767664293,0.9749015424439155
5,plate04,5,BL_Y97,0.5,F,0.1,0.00544070576397063,0.0001097249197347938,8.108961496044068e-05,0.00022021319901757466,0.9939361311894342
6,plate04,5,BL_Y97,0.5,G,0.2,0.009329510271852573,0.00013800961471570317,0.000217597256304165,0.0002769792986770778,0.9967283332996555
7,plate04,5,BL_Y97,0.5,H,0.5,0.016871288992594147,0.00012204985568200374,0.00028773740340889726,0.00024494883249986585,0.9992156155656056
