,Plate,Column,Enzyme,E_Conc,Row,S_Conc,slope,slope stderr,int,int stderr,RSQ
0,plate12,9,BL_ILN,0.5,A,0.005,0.0001990052442482782,0.00013995998067721721,-2.199153246018443e-05,0.0002808936182552665,0.1187731187501121
1,plate12,9,BL_ILN,0.5,B,0.01,0.00020464576562383502,0.0001513472935510838,0.0003830814962374155,0.0003037474643486899,0.10864632049167366
2,plate12,9,BL_ILN,0.5,C,0.02,0.0008284242646079279,0.00013122699827271774,-0.00020165582446352593,0.00026336690561969703,0.7265410133123583
3,plate12,9,BL_ILN,0.5,D,0.03,0.0012961342764954116,0.00011098672627851386,-0.00038261276471330413,0.00022274555341072685,0.900913098651904
4,plate12,9,BL_ILN,0.5,E,0.06,0.0019128851120002025,7.589702483400048e-05,-0.00019982295798295964,0.00015232204355363377,0.9769310980180446
5,plate12,9,BL_ILN,0.5,F,0.1,0.0030871020891161524,0.00013128285531490216,-0.0006185006396830184,0.00026347901160449265,0.9735892273054609
6,plate12,9,BL_ILN,0.5,G,0.2,0.004718537025936846,0.0001238127645270104,-0.0004590378483377683,0.0002484868483683027,0.9897777856104022
7,plate12,9,BL_ILN,0.5,H,0.5,0.008241574300501488,9.783168077586391e-05,-0.0003170085995259976,0.00019634392461464833,0.9978908237804417
