,Plate,Column,Enzyme,E_Conc,Row,S_Conc,slope,slope stderr,int,int stderr,RSQ
0,plate07,6,BL_WU9,0.5,A,0.005,3.1823567118525274e-05,0.00014610923111632834,0.0004374708755068791,0.0002932348994659437,0.003152680268262098
1,plate07,6,BL_WU9,0.5,B,0.01,0.0006718989279681647,0.0001689046079367295,-0.00039033669636363545,0.00033898423330887143,0.5133711896641955
2,plate07,6,BL_WU9,0.5,C,0.02,0.0010764426502507358,0.00015514819579730111,0.00015639481435440763,0.00031137570070872506,0.7624253151887501
3,plate07,6,BL_WU9,0.5,D,0.03,0.00125769761445164,0.00017516816462594839,0.00044209049501932617,0.00035155492131401495,0.7746109588197148
4,plate07,6,BL_WU9,0.5,E,0.06,0.0029711444938224584,0.000127096090414709,0.00027131409182561453,0.0002550763451274794,0.9732854222748635
5,plate07,6,BL_WU9,0.5,F,0.1,0.004471470560224534,9.874275011497621e-05,0.0006910398230909657,0.00019817242054027512,0.9927383437837154
6,plate07,6,BL_WU9,0.5,G,0.2,0.008529742003940051,0.00013646465627834104,8.491355595605225e-05,0.0002738784991130157,0.9961753255785408
7,plate07,6,BL_WU9,0.5,H,0.5,0.016965889462429128,0.00013007201541937643,-0.0002355221691487342,0.00026104895398368333,0.99911910732678
