,Plate,Column,Enzyme,E_Conc,Row,S_Conc,slope,slope stderr,int,int stderr,RSQ
0,plate07,3,BL_BNN,0.5,A,0.005,0.0011196615730055086,0.00011262014848612817,-0.00032312895684585597,0.00022602375976755174,0.868238399624228
1,plate07,3,BL_BNN,0.5,B,0.01,0.0021058912187707558,0.0001371914864567189,6.327578732775805e-05,0.00027533738064451884,0.9401491310257791
2,plate07,3,BL_BNN,0.5,C,0.02,0.004026036532063166,0.000143594230720067,2.614820030513464e-05,0.00028818740297440707,0.981275899918688
3,plate07,3,BL_BNN,0.5,D,0.03,0.00558840764274242,0.00013965562395389805,-6.081769784862059e-05,0.0002802828054171669,0.9907192444781826
4,plate07,3,BL_BNN,0.5,E,0.06,0.009042528381685714,0.00012120537714994131,0.0004286187229715055,0.0002432539240183743,0.9973122660049659
5,plate07,3,BL_BNN,0.5,F,0.1,0.012549354490554911,0.0001264141708613042,0.00042619228767463784,0.0002537077506133997,0.9984802251460684
6,plate07,3,BL_BNN,0.5,G,0.2,0.017766318895354,0.00014545640083049466,0.00037147876349434913,0.0002919247939103179,0.9989955551142665
7,plate07,3,BL_BNN,0.5,H,0.5,0.024422597945157776,0.00013767725303137743,7.240503253813646e-05,0.0002763122949527897,0.9995235398350245
