,Plate,Column,Enzyme,E_Conc,Row,S_Conc,slope,slope stderr,int,int stderr,RSQ
0,plate09,4,BL_9PZ,0.5,A,0.005,0.00022346563106330527,0.00013151930345328642,0.0001127233351504992,0.0002639535489674359,0.16140080043856264
1,plate09,4,BL_9PZ,0.5,B,0.01,0.0004818393255626486,0.00013071282841683608,-0.00017104036943706537,0.00026233498475690414,0.4753115194953469
2,plate09,4,BL_9PZ,0.5,C,0.02,0.0006537677463594716,0.0001269503067570076,0.0003376071016056493,0.0002547837728021157,0.6387314972845617
3,plate09,4,BL_9PZ,0.5,D,0.03,0.0015199107503969076,0.00010578603113023643,-0.0006095451986954456,0.0002123079831193262,0.932259476725575
4,plate09,4,BL_9PZ,0.5,E,0.06,0.0017653502948226617,0.00019559634783276967,0.00046863690360365417,0.0003925534001726685,0.8444938885845032
5,plate09,4,BL_9PZ,0.5,F,0.1,0.0031947915024739676,9.076334716900154e-05,-0.00029082745416229676,0.00018215810614025772,0.9880380783168815
6,plate09,4,BL_9PZ,0.5,G,0.2,0.004863684248732077,0.00012345753044033707,1.9326708727095705e-05,0.0002477736880242596,0.9904276957890676
7,plate09,4,BL_9PZ,0.5,H,0.5,0.008306298461676897,0.0001481287861209264,0.0002521526890607086,0.00029728802641212297,0.9952522493493543
