,Plate,Column,Enzyme,E_Conc,Row,S_Conc,slope,slope stderr,int,int stderr,RSQ
0,plate11,12,BL_H60,0.5,A,0.005,1.6754120985048875,1.0539906200278137,0.03427031183356786,0.03525522590485695,0.14416748281488234
1,plate11,12,BL_H60,0.5,B,0.01,5.074565153135118,0.6980637212390265,-0.052817250872001814,0.023349727673489966,0.7789092444301313
2,plate11,12,BL_H60,0.5,C,0.02,7.328529835899465,0.791253387908657,0.06694742052331916,0.026466855252664293,0.851165759997749
3,plate11,12,BL_H60,0.5,D,0.03,12.511034845268629,0.9244992705506103,-0.01171653072504077,0.030923834380689318,0.9242943366851684
4,plate11,12,BL_H60,0.5,E,0.06,24.989594496816764,0.928100427089377,-0.011846054911688062,0.031044289821846142,0.9797293024755485
5,plate11,12,BL_H60,0.5,F,0.1,39.507228366134925,1.0587659572358636,0.021013547368102698,0.03541495388846217,0.9893417905372051
6,plate11,12,BL_H60,0.5,G,0.2,73.0884291888853,1.0828436007740856,-0.006232453156525174,0.03622029427162436,0.9967183228043908
7,plate11,12,BL_H60,0.5,H,0.5,144.74346511070095,1.550237161475546,0.04243092064892019,0.05185431467625426,0.9982823170770578
