,Plate,Column,Enzyme,E_Conc,Row,S_Conc,slope,slope stderr,int,int stderr,RSQ
0,plate10,1,Blank,0.0,A,0.005,0.0002314510635538193,0.00012199508321045139,-0.0003345961941116339,0.0002448388503945648,0.19352366302087376
1,plate10,1,Blank,0.0,B,0.01,0.00010710153186043086,0.00015257731439154328,-6.602079208063685e-05,0.0003062160645914981,0.03180411130234484
2,plate10,1,Blank,0.0,C,0.02,-3.012901554292833e-05,0.00016409471223484767,0.0002602382932619566,0.0003293309797337669,0.0022424092900169557
3,plate10,1,Blank,0.0,D,0.03,0.00044370729870163087,0.00014977974425769037,-0.0005184732575666903,0.0003006014608454958,0.36910653970899665
4,plate10,1,Blank,0.0,E,0.06,0.00047198006476776406,0.0001497791065680796,4.187013248255007e-06,0.00030060010338829786,0.39831343996980273
5,plate10,1,Blank,0.0,F,0.1,0.0007488114922657509,0.00010698208047380642,-0.000255679984855372,0.00021470840611356143,0.7655947657272448
6,plate10,1,Blank,0.0,G,0.2,0.0017007933355288947,0.0001272719199674098,-0.0005899015229342238,0.0002554292339086025,0.922513496180535
7,plate10,1,Blank,0.0,H,0.5,0.003844246526961821,0.00016502695006590583,-0.0001494489003302491,0.00033120199077649697,0.9731009736512876
