,Plate,Column,Enzyme,E_Conc,Row,S_Conc,slope,slope stderr,int,int stderr,RSQ
0,plate06,8,BL_J2I,0.5,A,0.005,0.0005545076556920497,0.00014649273705752004,-0.00010701294669224472,0.0002940045763826728,0.4885418417852426
1,plate06,8,BL_J2I,0.5,B,0.01,0.0010523042106526585,0.00014784949378808784,0.00045501968601048835,0.00029672753212444503,0.7715413801547238
2,plate06,8,BL_J2I,0.5,C,0.02,0.0022488115072311528,0.00014707814272113775,0.0005320759855368627,0.000295179467309931,0.9397060880407594
3,plate06,8,BL_J2I,0.5,D,0.03,0.0034036962730918424,0.00013960654956692026,0.00032064695626744425,0.00028018429982553343,0.9753862450270568
4,plate06,8,BL_J2I,0.5,E,0.06,0.006718751832708994,0.00014689111786501347,-6.0902216266425104e-05,0.00029480412282532187,0.9928812604753128
5,plate06,8,BL_J2I,0.5,F,0.1,0.010381180114683385,0.0001425743743439648,2.333875385219243e-05,0.00028614027534168564,0.9971786766360379
6,plate06,8,BL_J2I,0.5,G,0.2,0.01736209700837264,0.0001613776523464609,0.00042014839616633955,0.0003238778890657403,0.998705772053429
7,plate06,8,BL_J2I,0.5,H,0.5,0.030501943052987146,0.00012025280792706072,-4.318019976823351e-05,0.00024134269840722156,0.9997669045555622
