,Plate,Column,Enzyme,E_Conc,Row,S_Conc,slope,slope stderr,int,int stderr,RSQ
0,plate06,6,BL_MTK,0.5,A,0.005,0.00023867299982266557,0.00014967365160237084,-4.0042415283991715e-06,0.00030038864295265754,0.1449490513069973
1,plate06,6,BL_MTK,0.5,B,0.01,0.000520272720986755,0.000158891090508198,-8.744940547115942e-05,0.0003188875422843017,0.41683443179632995
2,plate06,6,BL_MTK,0.5,C,0.02,0.0009532811898115453,0.00014590076047151226,0.0002692050045150622,0.000292816511596496,0.7399899399172107
3,plate06,6,BL_MTK,0.5,D,0.03,0.0014165689459057743,0.0001226477173535885,0.000348535037510357,0.0002461486512625678,0.8989219774350099
4,plate06,6,BL_MTK,0.5,E,0.06,0.0032220446079672415,0.00011644808727524047,2.2079825580472737e-06,0.00023370683538601487,0.980783858347321
5,plate06,6,BL_MTK,0.5,F,0.1,0.005111942953497868,0.00012286826594377478,-0.00015987799628662354,0.00024659131049392695,0.9914088453710005
6,plate06,6,BL_MTK,0.5,G,0.2,0.009076031456741355,0.00013085558087294564,0.00032260751219348834,0.0002626215152360197,0.9968916353124194
7,plate06,6,BL_MTK,0.5,H,0.5,0.018251044211459063,0.00010866916934193524,-0.00015572323132370455,0.00021809441396525176,0.9994685064395245
