,Plate,Column,Enzyme,E_Conc,Row,S_Conc,slope,slope stderr,int,int stderr,RSQ
0,plate07,7,BL_YTJ,0.5,A,0.005,0.0020461605974666564,0.00016570477824273656,-1.1234549484926841e-05,0.0003325621185895924,0.9104364075121215
1,plate07,7,BL_YTJ,0.5,B,0.01,0.004077192771686452,9.774478626403559e-05,-7.987455669064982e-05,0.00019616948926655105,0.9914527309728836
2,plate07,7,BL_YTJ,0.5,C,0.02,0.006929137866845262,0.00017444494103473313,0.0003488564687614834,0.00035010346899933816,0.9905823984880758
3,plate07,7,BL_YTJ,0.5,D,0.03,0.009353863368619972,0.00013764316229573632,0.0004378906078032319,0.0002762438352239482,0.9967624973107324
4,plate07,7,BL_YTJ,0.5,E,0.06,0.01451953646801653,0.00014288894205068345,0.0005749180530193433,0.00028677192911677604,0.9985493837160173
5,plate07,7,BL_YTJ,0.5,F,0.1,0.018785439607598632,0.00014808113638253972,0.00010142376458815374,0.0002971921583907349,0.9990688031054556
6,plate07,7,BL_YTJ,0.5,G,0.2,0.023612471429328166,0.0001674240640305757,0.0003453001460701174,0.0003360128753870848,0.999246441190081
7,plate07,7,BL_YTJ,0.5,H,0.5,0.02975172682288929,0.0001516000915607756,-8.3573032865214e-06,0.0003042505098538235,0.9996107275407113
