,Plate,Column,Enzyme,E_Conc,Row,S_Conc,slope,slope stderr,int,int stderr,RSQ
0,plate05,7,BL_JR6,0.5,A,0.005,3.2962984393846697,1.1839659459144372,0.009233481927783805,0.03960280627696975,0.340697029539912
1,plate05,7,BL_JR6,0.5,B,0.01,5.161116486073669,0.980156516394706,0.0105349961134568,0.03278552820492845,0.6489305595869588
2,plate05,7,BL_JR6,0.5,C,0.02,11.937541512418106,0.689426861178409,0.01790620053066043,0.02306083100955451,0.9523529730836477
3,plate05,7,BL_JR6,0.5,D,0.03,18.056447876445194,1.1839041929868477,-0.022597082636139954,0.03960073989358816,0.9394212857188311
4,plate05,7,BL_JR6,0.5,E,0.06,31.325516720024915,1.0914088311200845,-0.0035401704569081286,0.03650685939218388,0.9821172270092053
5,plate05,7,BL_JR6,0.5,F,0.1,47.51247484372561,0.9711093075487349,0.053161687845222176,0.03248290386535317,0.9937727078287215
6,plate05,7,BL_JR6,0.5,G,0.2,82.44126836470409,1.2102477633391422,0.05263263494972376,0.04048191316243821,0.9967778266833176
7,plate05,7,BL_JR6,0.5,H,0.5,148.3309299482948,0.7319562248244667,0.035805090097651246,0.024483398300027878,0.9996348773875132
