,Plate,Column,Enzyme,E_Conc,Row,S_Conc,slope,slope stderr,int,int stderr,RSQ
0,plate02,8,BL_I82,0.5,A,0.005,0.0005207805006455245,0.0001297668837664891,0.000346684361889911,0.0002604365174833582,0.5177744617854917
1,plate02,8,BL_I82,0.5,B,0.01,0.0012228429147369331,0.00011279008981256321,-8.266147892889586e-05,0.00022636483967405024,0.8868297913115014
2,plate02,8,BL_I82,0.5,C,0.02,0.002411882620049419,0.00014006965868414755,-0.0008118673891771328,0.0002811137466139746,0.9518458525660615
3,plate02,8,BL_I82,0.5,D,0.03,0.0027394577554704256,0.0001419559153772707,8.648942651815005e-05,0.00028489934492241384,0.961281424140534
4,plate02,8,BL_I82,0.5,E,0.06,0.004060675371217456,0.00011868007928116396,0.00017364300307603337,0.00023818576184668345,0.9873491150441652
5,plate02,8,BL_I82,0.5,F,0.1,0.005175342558502934,0.00010810962033507038,0.00040441755759641437,0.00021697132925525408,0.9934970811465821
6,plate02,8,BL_I82,0.5,G,0.2,0.006824644966707119,0.0001234983686063707,0.00013307590553884752,0.0002478559168957139,0.9951120577806647
7,plate02,8,BL_I82,0.5,H,0.5,0.009978842867576701,0.00010447699934340978,-7.309386198607324e-05,0.0002096807729241188,0.9983584324275524
