,Plate,Column,Enzyme,E_Conc,Row,S_Conc,slope,slope stderr,int,int stderr,RSQ
0,plate09,5,BL_K44,0.5,A,0.005,8.097468970195511e-05,0.00011145327126843322,0.00015969246153289118,0.00022368189004108694,0.03399393847778087
1,plate09,5,BL_K44,0.5,B,0.01,0.0007739546133555088,0.00012743283703120327,-0.0007134802020265386,0.0002557521871170337,0.7109078551020377
2,plate09,5,BL_K44,0.5,C,0.02,0.00092107264365811,0.00016941785757701891,3.943111318095892e-05,0.0003400143207655947,0.6633571122208148
3,plate09,5,BL_K44,0.5,D,0.03,0.0014906873632154975,0.00015321705528365063,-0.0001633207685658587,0.00030750000446365296,0.8632115014594075
4,plate09,5,BL_K44,0.5,E,0.06,0.0025548371974462537,8.879048020051352e-05,0.00019525816547876206,0.00017819864374320923,0.9822049291621548
5,plate09,5,BL_K44,0.5,F,0.1,0.003939572829866865,0.00010181821063030711,0.00020943138957453045,0.0002043447227375323,0.990079948092693
6,plate09,5,BL_K44,0.5,G,0.2,0.006720851329344869,0.0001769866615014016,-6.186903451292458e-05,0.00035520461373899763,0.9897049079328932
7,plate09,5,BL_K44,0.5,H,0.5,0.011519486680965111,0.00013720614683004282,0.0002841269803987699,0.00027536675990263987,0.9978765164345432
