,Plate,Column,Enzyme,E_Conc,Row,S_Conc,slope,slope stderr,int,int stderr,RSQ
0,plate08,8,BL_B9Y,0.5,A,0.005,0.00032952575822403564,0.00016771152663550506,-0.0002372081944169806,0.0003365897768684563,0.20469054755766047
1,plate08,8,BL_B9Y,0.5,B,0.01,0.0003956373292285836,0.00013483002885642328,8.287773576055053e-05,0.0002705980310380817,0.36468568368368925
2,plate08,8,BL_B9Y,0.5,C,0.02,0.0009696958107470087,0.00010205518851518202,-0.000135753488804182,0.0002048203480516233,0.8575254098563967
3,plate08,8,BL_B9Y,0.5,D,0.03,0.001346170568803387,0.00011099264240822375,-2.6281079031650163e-05,0.00022275738148768502,0.9074644196169876
4,plate08,8,BL_B9Y,0.5,E,0.06,0.0021856033480092455,0.00012320213109026702,0.0005160764972115207,0.0002472613428950303,0.9545050459209028
5,plate08,8,BL_B9Y,0.5,F,0.1,0.0039998947728798785,0.00011566108116707996,3.507527139132951e-05,0.00023212671330139642,0.9876133019238759
6,plate08,8,BL_B9Y,0.5,G,0.2,0.00722969822761829,0.0001321581896891459,2.7470226462143417e-05,0.0002652354684444359,0.9950126868315071
7,plate08,8,BL_B9Y,0.5,H,0.5,0.014600742575903327,0.00013986595452173284,-0.000106961410425674,0.0002807047925017691,0.9986254266517147
