,Plate,Column,Enzyme,E_Conc,Row,S_Conc,slope,slope stderr,int,int stderr,RSQ
0,plate12,8,BL_N4Y,0.5,A,0.005,0.000896313199758985,0.00014686900181195647,-0.000293140795331442,0.00029475972669917915,0.7128870943457764
1,plate12,8,BL_N4Y,0.5,B,0.01,0.0018165898737735526,0.000141009237513196,-0.0002466621526556125,0.00028299944302465844,0.9171114080557903
2,plate12,8,BL_N4Y,0.5,C,0.02,0.0031930978802412213,0.00013173642692909372,0.00017604225767420148,0.00026438932341800615,0.9751040027427866
3,plate12,8,BL_N4Y,0.5,D,0.03,0.004541954797259582,0.00011329027608035138,0.00023793499418724864,0.0002273687000307339,0.9907539354943571
4,plate12,8,BL_N4Y,0.5,E,0.06,0.008855807924392424,0.00014289221291946896,-0.0003470568169273404,0.000286778458339043,0.99610991519571
5,plate12,8,BL_N4Y,0.5,F,0.1,0.012711268974614387,0.0001717186256028258,-2.4772027822805853e-05,0.00034463105430726835,0.9972700517548032
6,plate12,8,BL_N4Y,0.5,G,0.2,0.01990608211813933,0.00010962635832861438,5.2184555790380774e-05,0.00022001556839713616,0.9995452685463986
7,plate12,8,BL_N4Y,0.5,H,0.5,0.03152905182852189,0.00014820712699994328,-0.0005827034344621474,0.00029744531859235375,0.9996686677315896
