,Plate,Column,Enzyme,E_Conc,Row,S_Conc,slope,slope stderr,int,int stderr,RSQ
0,plate02,3,BL_8MM,0.5,A,0.005,2.100110982457959,0.8361587371493876,-0.007992818307563238,0.027968906817265212,0.29604640028689033
1,plate02,3,BL_8MM,0.5,B,0.01,2.596417739934096,1.0298935071414907,-0.034748946650745974,0.03444919468908798,0.29761192894622734
2,plate02,3,BL_8MM,0.5,C,0.02,1.16329921286852,1.2751842323849298,0.05968407045087578,0.042653992466433595,0.05256482844349131
3,plate02,3,BL_8MM,0.5,D,0.03,4.643540519564106,0.9693066788323285,0.008365298391753331,0.032422609972102806,0.604739433033611
4,plate02,3,BL_8MM,0.5,E,0.06,10.03387411985891,0.7536795809253795,-0.02889769985630345,0.025210037510254378,0.9219728785396457
5,plate02,3,BL_8MM,0.5,F,0.1,15.178880673519734,0.9921381461465115,0.028102309057391337,0.033186304296304044,0.9397746007857992
6,plate02,3,BL_8MM,0.5,G,0.2,30.515628749175328,1.1891465589681331,-0.05278246434494536,0.03977609549215169,0.9777291911054479
7,plate02,3,BL_8MM,0.5,H,0.5,62.212639768623156,1.2948090361470623,0.0003749111134904382,0.04331099631972709,0.9935443090179814
