,Plate,Column,Enzyme,E_Conc,Row,S_Conc,slope,slope stderr,int,int stderr,RSQ
0,plate11,4,BL_1RY,0.5,A,0.005,0.00028272247562857635,0.00018244271799075306,-4.733007446584137e-05,0.0003661546347198915,0.13800125425447685
1,plate11,4,BL_1RY,0.5,B,0.01,0.00023712643819565768,0.00010710373540775183,0.0005536870775580084,0.0002149525596143477,0.24629724746701787
2,plate11,4,BL_1RY,0.5,C,0.02,0.000857807799007562,0.0001146072555185721,0.0003661884891885498,0.00023001180338988903,0.7887967357617739
3,plate11,4,BL_1RY,0.5,D,0.03,0.0014314451158775764,0.0001360574252902909,0.00013223824823193595,0.00027306136355196426,0.8806579160735997
4,plate11,4,BL_1RY,0.5,E,0.06,0.0024162155812718507,0.00011773589204087873,0.0006045770003759451,0.00023629083576868066,0.9656094455078759
5,plate11,4,BL_1RY,0.5,F,0.1,0.004315372438244484,0.00011843052686566965,0.00030151689513142275,0.00023768494395798393,0.9888287161857502
6,plate11,4,BL_1RY,0.5,G,0.2,0.008034350569841779,0.00014817006736079236,-8.409433410719011e-05,0.00029737104191525875,0.9949242312172483
7,plate11,4,BL_1RY,0.5,H,0.5,0.015657315431134463,0.00013191358124053234,-9.967952792139454e-05,0.0002647446656142767,0.9989364164204712
