,Plate,Column,Enzyme,E_Conc,Row,S_Conc,slope,slope stderr,int,int stderr,RSQ
0,plate09,10,BL_9J3,0.5,A,0.005,0.0008141061494040065,0.00011112064434888927,-0.0003086080215081968,0.00022301432423474493,0.7815800990558752
1,plate09,10,BL_9J3,0.5,B,0.01,0.0013987957684541634,0.0001307968388682909,-0.00011257456557985016,0.00026250359830740327,0.8840539814540802
2,plate09,10,BL_9J3,0.5,C,0.02,0.002615760063287145,0.00016750475508457493,-0.0003173172866609176,0.00033617480336652116,0.9420537380679442
3,plate09,10,BL_9J3,0.5,D,0.03,0.0037966612662410863,0.00012704091941271602,-0.00010838480223245891,0.0002549655985668659,0.9834826082458868
4,plate09,10,BL_9J3,0.5,E,0.06,0.00690244565689439,0.00012036072725986269,6.702801365228119e-05,0.00024155869627729895,0.9954597631875558
5,plate09,10,BL_9J3,0.5,F,0.1,0.01060198531951268,0.00010443116785106481,0.00014328963033546235,0.00020958879171505923,0.9985467330840043
6,plate09,10,BL_9J3,0.5,G,0.2,0.017706316174944225,0.0001247234274084271,-3.8927090816986976e-05,0.00025031481832173325,0.9992562767561761
7,plate09,10,BL_9J3,0.5,H,0.5,0.029632530773303193,0.00016792851987346903,0.00015193601831347363,0.00033702555348118386,0.9995185004321112
