,Plate,Column,Enzyme,E_Conc,Row,S_Conc,slope,slope stderr,int,int stderr,RSQ
0,plate09,1,Blank,0.0,A,0.005,8.162196629832126e-06,0.00016010547676640575,-5.9549481632639785e-05,0.00032132475397173824,0.00017323646413125449
1,plate09,1,Blank,0.0,B,0.01,4.804078436978659e-05,0.00017384064665729333,7.662076061118909e-05,0.00034889065046373336,0.0050654873429656355
2,plate09,1,Blank,0.0,C,0.02,-9.205796471152043e-05,0.0001226210964158167,0.0005474817996405565,0.0002460952313739034,0.03621442179538259
3,plate09,1,Blank,0.0,D,0.03,8.268028864601962e-05,0.00010509590592559365,7.523373143274649e-05,0.0002109229309356921,0.039626112034587435
4,plate09,1,Blank,0.0,E,0.06,0.0003712897808720574,0.00011696546095837809,6.645831762121192e-05,0.00023474461708997496,0.4018309563752597
5,plate09,1,Blank,0.0,F,0.1,0.0007873998656063166,0.00011931835512478861,-0.00014525656313424675,0.00023946677403828776,0.7438034320137585
6,plate09,1,Blank,0.0,G,0.2,0.0017077459949151616,0.00015706034367481077,-0.00014778937585617052,0.0003152133183763865,0.8874094710486351
7,plate09,1,Blank,0.0,H,0.5,0.0038799716584175547,0.00010749765266291266,-0.000333475101688941,0.00021574311930911387,0.9886169142338425
