,Plate,Column,Enzyme,E_Conc,Row,S_Conc,slope,slope stderr,int,int stderr,RSQ
0,plate12,9,BL_ILN,0.5,A,0.005,1.5741233551665335,1.1070777315687277,-0.0028992020614199434,0.03703095082435859,0.1187731187501121
1,plate12,9,BL_ILN,0.5,B,0.01,1.618739648903511,1.1971509113738728,0.05050264985371725,0.040043833979517836,0.10864632049167366
2,plate12,9,BL_ILN,0.5,C,0.02,6.552802102436466,1.0380001973805804,-0.02658482227377662,0.034720357804297095,0.7265410133123583
3,plate12,9,BL_ILN,0.5,D,0.03,10.252369196451253,0.8779004724645367,-0.050440855733484086,0.029365137185855286,0.900913098651904
4,plate12,9,BL_ILN,0.5,E,0.06,15.130843118853745,0.6003423670071862,-0.02634319062357735,0.020081019068131367,0.9769310980180446
5,plate12,9,BL_ILN,0.5,F,0.1,24.41885145598708,1.0384420243032084,-0.08153858003324986,0.03473513703365755,0.9735892273054609
6,plate12,9,BL_ILN,0.5,G,0.2,37.32343518283684,0.9793539112293413,-0.060516177241405046,0.03275868038434491,0.9897777856104022
7,plate12,9,BL_ILN,0.5,H,0.5,65.19051615330446,0.7738445997551473,-0.041792084607909764,0.0258845404257606,0.9978908237804417
