,Plate,Column,Enzyme,E_Conc,Row,S_Conc,slope,slope stderr,int,int stderr,RSQ
0,plate05,1,Blank,0.0,A,0.005,-0.049669485678907374,0.7901552115283442,0.013500507631369852,0.026430121287787905,0.00026336076016875154
1,plate05,1,Blank,0.0,B,0.01,1.3771203277664927,1.1856018035279765,-0.02627305818216638,0.039657524723698837,0.08252213411474596
2,plate05,1,Blank,0.0,C,0.02,1.010239216493829,0.8330856966544805,0.01928054554122818,0.027866115266086268,0.08928158740044156
3,plate05,1,Blank,0.0,D,0.03,2.04001450643297,0.9863387347936866,0.016653478358407654,0.0329923185049094,0.2219004753124768
4,plate05,1,Blank,0.0,E,0.06,2.2555948567227073,1.3972292350600235,0.04173925786518183,0.04673630912148832,0.14802134117284027
5,plate05,1,Blank,0.0,F,0.1,5.783496222714762,1.0755618280187385,0.012404191888894292,0.03597676612126965,0.6584243571947128
6,plate05,1,Blank,0.0,G,0.2,11.628504309126955,0.9790366244855746,0.01223953198396926,0.03274806749520242,0.9038923148100774
7,plate05,1,Blank,0.0,H,0.5,29.636413492108908,1.074243540409918,0.007909442675740124,0.03593266277054466,0.9806728041665653
