,Plate,Column,Enzyme,E_Conc,Row,S_Conc,slope,slope stderr,int,int stderr,RSQ
0,plate06,9,BL_NUN,0.5,A,0.005,0.00013612135330231599,0.00011792071817546476,0.0002800668098180455,0.0002366617765650739,0.0815866642120906
1,plate06,9,BL_NUN,0.5,B,0.01,0.00041929222250226605,0.00012386416916378154,-0.00021822239697340978,0.00024859002518272936,0.43308260453988545
2,plate06,9,BL_NUN,0.5,C,0.02,0.0007740237961566114,0.00019026699095960766,-0.00047041174659380057,0.0003818576115105441,0.5245548344406303
3,plate06,9,BL_NUN,0.5,D,0.03,0.0008599094602335541,0.00010707678277079685,2.5358934049705115e-05,0.00021489845092926971,0.8113050379679541
4,plate06,9,BL_NUN,0.5,E,0.06,0.0017345405918372035,0.00013882829308118513,0.00013215136604421867,0.0002786223829695929,0.9123338099397047
5,plate06,9,BL_NUN,0.5,F,0.1,0.0027170905145470765,0.00013209493429886985,-5.344478540156041e-05,0.00026510882556164835,0.9657606973388476
6,plate06,9,BL_NUN,0.5,G,0.2,0.004569935763860686,0.0001291264842700284,0.00022716542052437236,0.00025915128562533046,0.9881659923980513
7,plate06,9,BL_NUN,0.5,H,0.5,0.009140290731049569,0.0001578406118276863,-0.00014790831158684623,0.0003167793651533642,0.9955468113213405
