,Plate,Column,Enzyme,E_Conc,Row,S_Conc,slope,slope stderr,int,int stderr,RSQ
0,plate04,8,BL_9YC,0.5,A,0.005,6.383088456738989e-06,0.00013577956433192485,0.00034422872217104673,0.0002725037115485397,0.00014731178745952533
1,plate04,8,BL_9YC,0.5,B,0.01,0.0002899475032524597,0.00015277134250989168,5.3382716427756724e-05,0.0003066054799928205,0.19363913936225485
2,plate04,8,BL_9YC,0.5,C,0.02,0.0006144385748950931,0.00015858044784094284,0.00014305840801438877,0.0003182640932060142,0.5002109184118348
3,plate04,8,BL_9YC,0.5,D,0.03,0.0008794341728827524,0.00011442640472970989,0.00023584559501561275,0.00022964883503938111,0.7974841052336225
4,plate04,8,BL_9YC,0.5,E,0.06,0.0019491822761656952,0.00012014696087285445,1.8136241554111976e-06,0.0002411287983644347,0.946081677167224
5,plate04,8,BL_9YC,0.5,F,0.1,0.003248357594409178,0.00015440952261380875,-0.00044492712423894245,0.0003098932278403991,0.9672179459612392
6,plate04,8,BL_9YC,0.5,G,0.2,0.005459987760714964,0.00012657265593108254,0.00020985655465003864,0.0002540258205656498,0.9920034831113012
7,plate04,8,BL_9YC,0.5,H,0.5,0.010869505841068366,0.00010538797242650886,0.00021806539439507872,0.0002115091055729057,0.9985918740485191
