,Plate,Column,Enzyme,E_Conc,Row,S_Conc,slope,slope stderr,int,int stderr,RSQ
0,plate11,3,BL_73C,0.5,A,0.005,7.669651173929989e-05,0.00016760807184910896,0.00031390581386315326,0.0003363821465868713,0.013767315858725038
1,plate11,3,BL_73C,0.5,B,0.01,0.00020864730433643356,0.00010887067195313892,-4.066121453112843e-05,0.00021849872267274052,0.1966948298851664
2,plate11,3,BL_73C,0.5,C,0.02,0.0004498115457078533,8.117437468569165e-05,-0.0002903586140270821,0.0001629134557416953,0.6718155369960326
3,plate11,3,BL_73C,0.5,D,0.03,0.0006394684172386983,0.0001434192146215509,-0.00043270895071884254,0.00028783615449316823,0.5699581628273396
4,plate11,3,BL_73C,0.5,E,0.06,0.0011042581748042335,0.00016256781122788084,-2.8624384360211077e-05,0.0003262665406443496,0.7546591046948445
5,plate11,3,BL_73C,0.5,F,0.1,0.001690303798934468,0.00011427382408656413,-0.00023646520174673994,0.00022934262149509755,0.9358410292261702
6,plate11,3,BL_73C,0.5,G,0.2,0.0030315767290111893,0.00010716384192790168,5.9696974098161066e-05,0.00021507321028956783,0.9816013438143272
7,plate11,3,BL_73C,0.5,H,0.5,0.00616724639042344,0.00017047440465563752,0.00019837832797139042,0.0003421347064140639,0.9886687587828962
