,Plate,Column,Enzyme,E_Conc,Row,S_Conc,slope,slope stderr,int,int stderr,RSQ
0,plate11,2,BL_Q7J,0.5,A,0.005,0.000112641540126577,0.00014033781401938663,-4.106052227224137e-05,0.00028165192190854083,0.0411806595315396
1,plate11,2,BL_Q7J,0.5,B,0.01,0.00024448869190401917,0.00015668341879539617,-7.799170927104765e-05,0.00031445683977271075,0.13965398808208962
2,plate11,2,BL_Q7J,0.5,C,0.02,0.0005364829629439091,0.00011246686631922609,-0.00035210791285964985,0.0002257161339697166,0.6026938122474292
3,plate11,2,BL_Q7J,0.5,D,0.03,0.0007526864714580553,0.00014956643911107897,-0.0005649791915254821,0.00030017336750311175,0.6280279451781178
4,plate11,2,BL_Q7J,0.5,E,0.06,0.001153087916554912,8.012776083475555e-05,-0.0002960406535711574,0.00016081294588677375,0.9324597748270645
5,plate11,2,BL_Q7J,0.5,F,0.1,0.0016091811710454583,0.00014014588985498594,-0.0001753440904342502,0.00028126672072217114,0.8978484348684808
6,plate11,2,BL_Q7J,0.5,G,0.2,0.003195315781245024,9.302176881294954e-05,-0.0007387415848374778,0.00018669066158250917,0.987447024193072
7,plate11,2,BL_Q7J,0.5,H,0.5,0.005900093688065339,0.00019757482337105683,0.00030275177215865367,0.00039652410753792836,0.9834578415986186
