,Plate,Column,Enzyme,E_Conc,Row,S_Conc,slope,slope stderr,int,int stderr,RSQ
0,plate07,10,BL_0LZ,0.5,A,0.005,2.8332910250975094,1.0025974879946158,-0.03489553989418708,0.03353616272798242,0.34742878766406204
1,plate07,10,BL_0LZ,0.5,B,0.01,2.3578932193363658,0.9955514624652995,0.006463644651377951,0.033300478914861785,0.27217877150818126
2,plate07,10,BL_0LZ,0.5,C,0.02,7.66569592350539,1.0510935325845272,-0.04357882239120799,0.03515832038264586,0.780022625270723
3,plate07,10,BL_0LZ,0.5,D,0.03,8.29239904361554,1.184346334606243,0.033027195164568125,0.0396155317572777,0.7657104473075907
4,plate07,10,BL_0LZ,0.5,E,0.06,16.574852675062196,0.913851961667107,0.00681257330059694,0.03056768272504202,0.9563907296882016
5,plate07,10,BL_0LZ,0.5,F,0.1,24.966733064202508,0.7456776346046893,0.025897466934774103,0.024942378028376053,0.9867962483055128
6,plate07,10,BL_0LZ,0.5,G,0.2,45.84161473694376,0.867986252630436,-0.04499500646382129,0.029033513996123007,0.9946510566929085
7,plate07,10,BL_0LZ,0.5,H,0.5,83.39036949853667,1.1958021709846538,-0.013389709336503462,0.0399987127633405,0.9969250273336457
