,Plate,Column,Enzyme,E_Conc,Row,S_Conc,slope,slope stderr,int,int stderr,RSQ
0,plate08,5,BL_I3D,0.5,A,0.005,0.00020207176560894921,0.00014407807002098498,-0.00012071121815096817,0.0002891584482227178,0.11593356079153005
1,plate08,5,BL_I3D,0.5,B,0.01,0.00029972919986593597,0.0001263850955528623,-0.0001579016454248013,0.0002536494146583209,0.27270163350946797
2,plate08,5,BL_I3D,0.5,C,0.02,0.0006108157629058692,0.0001394076854916222,-0.0001213044048521903,0.00027978518937578947,0.5613727832330939
3,plate08,5,BL_I3D,0.5,D,0.03,0.0009031212768518614,0.00018664750958237021,-4.917417183100649e-05,0.0003745935009428978,0.6095020382223828
4,plate08,5,BL_I3D,0.5,E,0.06,0.0016188351172475954,0.00017645069977879438,-9.790256331198893e-06,0.00035412915330539866,0.8487442915325596
5,plate08,5,BL_I3D,0.5,F,0.1,0.0023495729054210336,0.00010414470379754288,0.00043228595259221445,0.0002090139103785138,0.971373127428069
6,plate08,5,BL_I3D,0.5,G,0.2,0.004506085665746637,0.00014153551934002032,0.0003805192943745452,0.00028405564403747723,0.9854171213734348
7,plate08,5,BL_I3D,0.5,H,0.5,0.009653820764633649,0.00016411576378629422,8.508058507642911e-05,0.0003293729910417021,0.9956836800371861
