,Plate,Column,Enzyme,E_Conc,Row,S_Conc,slope,slope stderr,int,int stderr,RSQ
0,plate05,12,BL_S8Q,0.5,A,0.005,-2.0264760667912682e-05,0.00013295681550851894,0.0004984171622771135,0.0002668385760477725,0.0015463107152622335
1,plate05,12,BL_S8Q,0.5,B,0.01,0.0007108963662077587,0.00012856294294981893,-0.00037226041468146616,0.0002580202584407649,0.670879572060524
2,plate05,12,BL_S8Q,0.5,C,0.02,0.0005472490482036524,0.00014591532910383255,0.0006393228760361324,0.0002928457444087076,0.4839317347448109
3,plate05,12,BL_S8Q,0.5,D,0.03,0.0011774923940587815,0.00014007675663607787,0.0001851584971902997,0.0002811279896402566,0.8248925602911826
4,plate05,12,BL_S8Q,0.5,E,0.06,0.0023411332076134165,9.653244272773069e-05,0.0001352883158384209,0.00019373641024774825,0.975131553155755
5,plate05,12,BL_S8Q,0.5,F,0.1,0.003967524757410223,0.00012563732883729976,-0.0001354614171249883,0.00025214869869244467,0.9851814507170088
6,plate05,12,BL_S8Q,0.5,G,0.2,0.007149948085337473,0.00014988296309313977,1.1856942605118149e-05,0.0003008086373591778,0.9934515769998118
7,plate05,12,BL_S8Q,0.5,H,0.5,0.013961014320177904,9.767373952513094e-05,-7.058429729325906e-05,0.0001960268606741377,0.999266341351038
