time (min),conc (mM)
0.5,2.741793556
0.75,2.621147735
1,2.505810634
2,2.093028978
4,1.460256768
6,1.018786577
9,0.593696097